"gameId","year","week","homeId","homeTeam","homeAbbr","awayId","awayTeam","awayAbbr","driveIndex","playIndex","offenseId","offenseTeam","offenseAbbr","defenseId","defenseTeam","defenseAbbr","homeScore","awayScore","quarter","clock","type","down","distance","yardLine","yardsGained","endYardLine","description"
"313442426",2011,15,"2426","Navy","NAVY","349","Army","ARMY","0","0","349","Army","ARMY","2426","Navy","NAVY",0,0,1,"14:45","Rush",1,10,74,3,71,"Jared Hassin rush for 3 yards to the Army 29."
"313442426",2011,15,"2426","Navy","NAVY","349","Army","ARMY","0","1","349","Army","ARMY","2426","Navy","NAVY",0,0,1,"14:21","Rush",2,7,71,7,64,"Larry Dixon rush for 7 yards to the Army 36 for a 1ST down."
"313442426",2011,15,"2426","Navy","NAVY","349","Army","ARMY","0","2","349","Army","ARMY","2426","Navy","NAVY",0,0,1,"13:45","Rush",1,10,64,0,64,"Jared Hassin rush for no gain to the Army 36."
"313442426",2011,15,"2426","Navy","NAVY","349","Army","ARMY","0","3","349","Army","ARMY","2426","Navy","NAVY",0,0,1,"13:22","Rush",2,10,64,7,57,"Raymond Maples rush for 7 yards to the Army 43."
"313442426",2011,15,"2426","Navy","NAVY","349","Army","ARMY","0","4","349","Army","ARMY","2426","Navy","NAVY",0,0,1,"12:44","Rush",3,3,57,11,46,"Raymond Maples rush for 11 yards to the Navy 46 for a 1ST down."
"313442426",2011,15,"2426","Navy","NAVY","349","Army","ARMY","0","5","349","Army","ARMY","2426","Navy","NAVY",0,0,1,"12:22","Rush",1,10,46,0,46,"Jared Hassin rush for no gain to the Navy 46."
"313442426",2011,15,"2426","Navy","NAVY","349","Army","ARMY","0","6","349","Army","ARMY","2426","Navy","NAVY",0,0,1,"11:52","Pass Incompletion",2,10,46,0,46,"Trent Steelman pass incomplete to Davyd Brooks."
"313442426",2011,15,"2426","Navy","NAVY","349","Army","ARMY","0","7","349","Army","ARMY","2426","Navy","NAVY",0,0,1,"11:31","Rush",3,10,46,5,41,"Trent Steelman rush for 5 yards to the Navy 41."
"313442426",2011,15,"2426","Navy","NAVY","349","Army","ARMY","0","8","349","Army","ARMY","2426","Navy","NAVY",0,0,1,"11:09","Punt",4,5,41,0,23,"Chris Boldt punt for 23 yards, fair catch by Matt Aiken at the Navy 23, ARMY penalty 5 yard Illegal Procedure accepted."
"313442426",2011,15,"2426","Navy","NAVY","349","Army","ARMY","1","0","2426","Navy","NAVY","349","Army","ARMY",0,0,1,"10:44","Rush",1,10,23,4,27,"Kriss Proctor rush for 4 yards to the Navy 27."
"313442426",2011,15,"2426","Navy","NAVY","349","Army","ARMY","1","1","2426","Navy","NAVY","349","Army","ARMY",0,0,1,"10:12","Rush",2,6,27,5,32,"Kriss Proctor rush for 5 yards to the Navy 32."
"313442426",2011,15,"2426","Navy","NAVY","349","Army","ARMY","1","2","2426","Navy","NAVY","349","Army","ARMY",0,0,1,"9:38","Rush",3,1,32,5,37,"Gee Gee Greene rush for 5 yards to the Navy 37 for a 1ST down."
"313442426",2011,15,"2426","Navy","NAVY","349","Army","ARMY","1","3","2426","Navy","NAVY","349","Army","ARMY",0,0,1,"9:18","Rush",1,10,37,4,41,"Alexander Teich rush for 4 yards to the Navy 41."
"313442426",2011,15,"2426","Navy","NAVY","349","Army","ARMY","1","4","2426","Navy","NAVY","349","Army","ARMY",0,0,1,"8:41","Rush",2,6,41,9,50,"Kriss Proctor rush for 9 yards to the 50 yard line for a 1ST down."
"313442426",2011,15,"2426","Navy","NAVY","349","Army","ARMY","1","5","2426","Navy","NAVY","349","Army","ARMY",0,0,1,"8:22","Rush",1,10,50,-2,48,"Kriss Proctor rush for a loss of 2 yards to the Navy 48."
"313442426",2011,15,"2426","Navy","NAVY","349","Army","ARMY","1","6","2426","Navy","NAVY","349","Army","ARMY",0,0,1,"7:34","Rush",2,12,48,7,55,"Kriss Proctor rush for 7 yards to the Army 45."
"313442426",2011,15,"2426","Navy","NAVY","349","Army","ARMY","1","7","2426","Navy","NAVY","349","Army","ARMY",0,0,1,"6:50","Rush",3,5,55,4,59,"Kriss Proctor rush for 4 yards to the Army 41."
"313442426",2011,15,"2426","Navy","NAVY","349","Army","ARMY","1","8","2426","Navy","NAVY","349","Army","ARMY",0,0,1,"6:50","Timeout",4,1,59,0,59,"Timeout NAVY, clock 06:50."
"313442426",2011,15,"2426","Navy","NAVY","349","Army","ARMY","1","9","2426","Navy","NAVY","349","Army","ARMY",0,0,1,"6:34","Rush",4,1,59,2,61,"Kriss Proctor rush for 2 yards to the Army 39 for a 1ST down."
"313442426",2011,15,"2426","Navy","NAVY","349","Army","ARMY","1","10","2426","Navy","NAVY","349","Army","ARMY",0,0,1,"6:12","Rush",1,10,61,14,75,"Alexander Teich rush for 14 yards to the Army 25 for a 1ST down."
"313442426",2011,15,"2426","Navy","NAVY","349","Army","ARMY","1","11","2426","Navy","NAVY","349","Army","ARMY",0,0,1,"5:56","Rush",1,10,75,6,81,"Kriss Proctor rush for 6 yards to the Army 19."
"313442426",2011,15,"2426","Navy","NAVY","349","Army","ARMY","1","12","2426","Navy","NAVY","349","Army","ARMY",0,0,1,"5:14","Rush",2,4,81,4,85,"Mike Stukel rush for 4 yards to the Army 15 for a 1ST down."
"313442426",2011,15,"2426","Navy","NAVY","349","Army","ARMY","1","13","2426","Navy","NAVY","349","Army","ARMY",0,0,1,"4:55","Rush",1,10,85,3,81,"Kriss Proctor rush for 3 yards, fumbled, forced by Jacob Drozd, recovered by Army Nate Combs at the Army 19."
"313442426",2011,15,"2426","Navy","NAVY","349","Army","ARMY","2","0","349","Army","ARMY","2426","Navy","NAVY",0,0,1,"4:37","Rush",1,10,81,4,77,"Raymond Maples rush for 4 yards to the Army 23."
"313442426",2011,15,"2426","Navy","NAVY","349","Army","ARMY","2","1","349","Army","ARMY","2426","Navy","NAVY",0,0,1,"4:19","Rush",2,6,77,3,74,"Trent Steelman rush for 3 yards to the Army 26."
"313442426",2011,15,"2426","Navy","NAVY","349","Army","ARMY","2","2","349","Army","ARMY","2426","Navy","NAVY",0,0,1,"4:02","Rush",3,3,74,-4,74,"Raymond Maples rush for a loss of 4 yards, fumbled, recovered by Navy Jabaree Tuani at the Army 26."
"313442426",2011,15,"2426","Navy","NAVY","349","Army","ARMY","3","0","2426","Navy","NAVY","349","Army","ARMY",0,0,1,"3:45","Rush",1,10,74,4,78,"Alexander Teich rush for 4 yards to the Army 22."
"313442426",2011,15,"2426","Navy","NAVY","349","Army","ARMY","3","1","2426","Navy","NAVY","349","Army","ARMY",0,0,1,"2:51","Rush",2,6,78,4,82,"Kriss Proctor rush for 4 yards to the Army 18."
"313442426",2011,15,"2426","Navy","NAVY","349","Army","ARMY","3","2","2426","Navy","NAVY","349","Army","ARMY",0,0,1,"2:23","Rush",3,2,82,5,87,"Aaron Santiago rush for 5 yards to the Army 13 for a 1ST down."
"313442426",2011,15,"2426","Navy","NAVY","349","Army","ARMY","3","3","2426","Navy","NAVY","349","Army","ARMY",0,0,1,"1:59","Rush",1,10,87,4,91,"Alexander Teich rush for 4 yards to the Army 9."
"313442426",2011,15,"2426","Navy","NAVY","349","Army","ARMY","3","4","2426","Navy","NAVY","349","Army","ARMY",0,0,1,"1:34","Rush",2,6,91,5,96,"Alexander Teich rush for 5 yards to the Army 4."
"313442426",2011,15,"2426","Navy","NAVY","349","Army","ARMY","3","5","2426","Navy","NAVY","349","Army","ARMY",6,0,1,"1:06","Rush",3,1,96,4,100,"Kriss Proctor rush for 4 yards for a TOUCHDOWN."
"313442426",2011,15,"2426","Navy","NAVY","349","Army","ARMY","3","6","2426","Navy","NAVY","349","Army","ARMY",7,0,1,"1:06","Extra Point Good",-1,-1,97,0,97,"Jon Teague extra point GOOD."
"313442426",2011,15,"2426","Navy","NAVY","349","Army","ARMY","3","7","2426","Navy","NAVY","349","Army","ARMY",0,0,1,"1:06","Kickoff",-1,-1,30,15,78,"Jon Teague kickoff for 63 yards returned by Scott Williams for 15 yards to the Army 22."
"313442426",2011,15,"2426","Navy","NAVY","349","Army","ARMY","4","0","349","Army","ARMY","2426","Navy","NAVY",7,0,1,"0:22","Rush",1,10,78,4,74,"Larry Dixon rush for 4 yards to the Army 26."
"313442426",2011,15,"2426","Navy","NAVY","349","Army","ARMY","4","1","349","Army","ARMY","2426","Navy","NAVY",7,0,1,"0:15","Rush",2,6,74,12,62,"Trent Steelman rush for 12 yards to the Army 38 for a 1ST down."
"313442426",2011,15,"2426","Navy","NAVY","349","Army","ARMY","4","2","349","Army","ARMY","2426","Navy","NAVY",7,0,1,"0:00","Rush",1,10,62,2,60,"Larry Dixon rush for 2 yards to the Army 40."
"313442426",2011,15,"2426","Navy","NAVY","349","Army","ARMY","4","3","349","Army","ARMY","2426","Navy","NAVY",7,0,2,"14:45","Rush",2,8,60,17,43,"Raymond Maples rush for 17 yards to the Navy 43 for a 1ST down."
"313442426",2011,15,"2426","Navy","NAVY","349","Army","ARMY","4","4","349","Army","ARMY","2426","Navy","NAVY",7,0,2,"14:21","Rush",1,10,43,-3,46,"Trent Steelman rush for a loss of 3 yards to the Navy 46."
"313442426",2011,15,"2426","Navy","NAVY","349","Army","ARMY","4","5","349","Army","ARMY","2426","Navy","NAVY",7,0,2,"13:46","Rush",2,13,46,8,38,"Malcolm Brown rush for 8 yards to the Navy 38."
"313442426",2011,15,"2426","Navy","NAVY","349","Army","ARMY","4","6","349","Army","ARMY","2426","Navy","NAVY",7,0,2,"13:17","Penalty",3,5,38,0,53,"ARMY penalty 15 yard Illegal Cut on Ryan Powis accepted."
"313442426",2011,15,"2426","Navy","NAVY","349","Army","ARMY","4","7","349","Army","ARMY","2426","Navy","NAVY",7,0,2,"12:48","Rush",3,20,53,-3,56,"Trent Steelman rush for a loss of 3 yards to the Army 44."
"313442426",2011,15,"2426","Navy","NAVY","349","Army","ARMY","4","8","349","Army","ARMY","2426","Navy","NAVY",7,0,2,"12:32","Punt",4,23,56,0,20,"Chris Boldt punt for 36 yards, fair catch by Matt Aiken at the Navy 20."
"313442426",2011,15,"2426","Navy","NAVY","349","Army","ARMY","5","0","2426","Navy","NAVY","349","Army","ARMY",7,0,2,"12:14","Rush",1,10,20,0,20,"Gee Gee Greene rush for no gain to the Navy 20."
"313442426",2011,15,"2426","Navy","NAVY","349","Army","ARMY","5","1","2426","Navy","NAVY","349","Army","ARMY",7,0,2,"11:35","Rush",2,10,20,3,23,"Alexander Teich rush for 3 yards to the Navy 23."
"313442426",2011,15,"2426","Navy","NAVY","349","Army","ARMY","5","2","2426","Navy","NAVY","349","Army","ARMY",7,0,2,"11:12","Sack",3,7,23,0,15,"Kriss Proctor sacked by Nate Combs for a loss of 8 yards to the Navy 15."
"313442426",2011,15,"2426","Navy","NAVY","349","Army","ARMY","5","3","2426","Navy","NAVY","349","Army","ARMY",7,0,2,"10:27","Punt",4,15,15,0,49,"Pablo Beltran punt for 34 yards, downed at the Navy 49."
"313442426",2011,15,"2426","Navy","NAVY","349","Army","ARMY","6","0","349","Army","ARMY","2426","Navy","NAVY",7,0,2,"10:20","Rush",1,10,49,4,45,"Jared Hassin rush for 4 yards, fumbled, forced by Jabaree Tuani, recovered by Navy Brye French at the Navy 45."
"313442426",2011,15,"2426","Navy","NAVY","349","Army","ARMY","7","0","2426","Navy","NAVY","349","Army","ARMY",7,0,2,"10:01","Rush",1,10,45,32,77,"Kriss Proctor rush for 32 yards to the Army 23 for a 1ST down."
"313442426",2011,15,"2426","Navy","NAVY","349","Army","ARMY","7","1","2426","Navy","NAVY","349","Army","ARMY",7,0,2,"9:24","Rush",1,10,77,3,80,"Gee Gee Greene rush for 3 yards to the Army 20."
"313442426",2011,15,"2426","Navy","NAVY","349","Army","ARMY","7","2","2426","Navy","NAVY","349","Army","ARMY",7,0,2,"8:56","Rush",2,7,80,6,86,"Kriss Proctor rush for 6 yards to the Army 14."
"313442426",2011,15,"2426","Navy","NAVY","349","Army","ARMY","7","3","2426","Navy","NAVY","349","Army","ARMY",7,0,2,"8:22","Rush",3,1,86,2,88,"Alexander Teich rush for 2 yards to the Army 12 for a 1ST down."
"313442426",2011,15,"2426","Navy","NAVY","349","Army","ARMY","7","4","2426","Navy","NAVY","349","Army","ARMY",7,0,2,"8:08","Rush",1,10,88,0,88,"Gee Gee Greene rush for no gain to the Army 12."
"313442426",2011,15,"2426","Navy","NAVY","349","Army","ARMY","7","5","2426","Navy","NAVY","349","Army","ARMY",7,0,2,"7:50","Timeout",2,10,88,0,88,"Timeout NAVY, clock 7:50."
"313442426",2011,15,"2426","Navy","NAVY","349","Army","ARMY","7","6","2426","Navy","NAVY","349","Army","ARMY",7,0,2,"7:15","Rush",2,10,88,2,90,"Kriss Proctor rush for 2 yards to the Army 10."
"313442426",2011,15,"2426","Navy","NAVY","349","Army","ARMY","7","7","2426","Navy","NAVY","349","Army","ARMY",13,0,2,"7:05","Rush",3,8,90,10,100,"Alexander Teich rush for 10 yards for a TOUCHDOWN."
"313442426",2011,15,"2426","Navy","NAVY","349","Army","ARMY","7","8","2426","Navy","NAVY","349","Army","ARMY",14,0,2,"7:05","Extra Point Good",-1,-1,97,0,97,"Jon Teague extra point GOOD."
"313442426",2011,15,"2426","Navy","NAVY","349","Army","ARMY","7","9","2426","Navy","NAVY","349","Army","ARMY",7,0,2,"7:05","Kickoff",-1,-1,30,18,67,"Jon Teague kickoff for 55 yards returned by Scott Williams for 18 yards to the Army 33."
"313442426",2011,15,"2426","Navy","NAVY","349","Army","ARMY","8","0","349","Army","ARMY","2426","Navy","NAVY",14,0,2,"6:27","Rush",1,10,67,4,63,"Malcolm Brown rush for 4 yards to the Army 37."
"313442426",2011,15,"2426","Navy","NAVY","349","Army","ARMY","8","1","349","Army","ARMY","2426","Navy","NAVY",14,0,2,"6:14","Rush",2,6,63,4,59,"Malcolm Brown rush for 4 yards to the Army 41."
"313442426",2011,15,"2426","Navy","NAVY","349","Army","ARMY","8","2","349","Army","ARMY","2426","Navy","NAVY",14,0,2,"5:56","Rush",3,2,59,10,49,"Malcolm Brown rush for 10 yards to the Navy 49 for a 1ST down."
"313442426",2011,15,"2426","Navy","NAVY","349","Army","ARMY","8","3","349","Army","ARMY","2426","Navy","NAVY",14,0,2,"5:15","Rush",1,10,49,4,45,"Raymond Maples rush for 4 yards to the Navy 45."
"313442426",2011,15,"2426","Navy","NAVY","349","Army","ARMY","8","4","349","Army","ARMY","2426","Navy","NAVY",14,0,2,"4:40","Rush",2,6,45,3,42,"Larry Dixon rush for 3 yards to the Navy 42."
"313442426",2011,15,"2426","Navy","NAVY","349","Army","ARMY","8","5","349","Army","ARMY","2426","Navy","NAVY",14,0,2,"4:24","Rush",3,3,42,6,36,"Raymond Maples rush for 6 yards to the Navy 36 for a 1ST down."
"313442426",2011,15,"2426","Navy","NAVY","349","Army","ARMY","8","6","349","Army","ARMY","2426","Navy","NAVY",14,0,2,"4:05","Rush",1,10,36,2,34,"Malcolm Brown rush for 2 yards to the Navy 34."
"313442426",2011,15,"2426","Navy","NAVY","349","Army","ARMY","8","7","349","Army","ARMY","2426","Navy","NAVY",14,6,2,"3:34","Rush",2,8,34,34,0,"Trent Steelman rush for 34 yards for a TOUCHDOWN."
"313442426",2011,15,"2426","Navy","NAVY","349","Army","ARMY","8","8","349","Army","ARMY","2426","Navy","NAVY",14,7,2,"3:34","Extra Point Good",-1,-1,3,0,3,"Alex Carlton extra point GOOD."
"313442426",2011,15,"2426","Navy","NAVY","349","Army","ARMY","8","9","349","Army","ARMY","2426","Navy","NAVY",14,7,2,"3:34","Kickoff",-1,-1,70,18,19,"Eric Osteen kickoff for 69 yards returned by Bo Snelson for 18 yards to the Navy 19."
"313442426",2011,15,"2426","Navy","NAVY","349","Army","ARMY","9","0","2426","Navy","NAVY","349","Army","ARMY",14,7,2,"3:02","Rush",1,10,19,3,22,"Alexander Teich rush for 3 yards to the Navy 22."
"313442426",2011,15,"2426","Navy","NAVY","349","Army","ARMY","9","1","2426","Navy","NAVY","349","Army","ARMY",14,7,2,"2:56","Rush",2,7,22,0,22,"Alexander Teich rush for no gain to the Navy 22."
"313442426",2011,15,"2426","Navy","NAVY","349","Army","ARMY","9","2","2426","Navy","NAVY","349","Army","ARMY",14,7,2,"2:56","Timeout",3,7,22,0,22,"Timeout ARMY, clock 02:56."
"313442426",2011,15,"2426","Navy","NAVY","349","Army","ARMY","9","3","2426","Navy","NAVY","349","Army","ARMY",14,7,2,"2:48","Rush",3,7,22,3,25,"Kriss Proctor rush for 3 yards to the Navy 25."
"313442426",2011,15,"2426","Navy","NAVY","349","Army","ARMY","9","4","2426","Navy","NAVY","349","Army","ARMY",14,7,2,"2:48","Timeout",4,4,25,0,25,"Timeout ARMY, clock 02:48."
"313442426",2011,15,"2426","Navy","NAVY","349","Army","ARMY","9","5","2426","Navy","NAVY","349","Army","ARMY",14,7,2,"2:45","Punt",4,4,25,0,63,"Pablo Beltran punt for 38 yards, fair catch by Josh Jackson at the Army 37."
"313442426",2011,15,"2426","Navy","NAVY","349","Army","ARMY","10","0","349","Army","ARMY","2426","Navy","NAVY",14,7,2,"2:33","Rush",1,10,63,19,44,"Malcolm Brown rush for 19 yards to the Navy 44 for a 1ST down."
"313442426",2011,15,"2426","Navy","NAVY","349","Army","ARMY","10","1","349","Army","ARMY","2426","Navy","NAVY",14,7,2,"2:10","Pass Completion",1,10,44,10,34,"Trent Steelman pass complete to Austin Barr for 10 yards to the Navy 34 for a 1ST down."
"313442426",2011,15,"2426","Navy","NAVY","349","Army","ARMY","10","2","349","Army","ARMY","2426","Navy","NAVY",14,7,2,"1:52","Rush",1,10,34,3,31,"Larry Dixon rush for 3 yards to the Navy 31."
"313442426",2011,15,"2426","Navy","NAVY","349","Army","ARMY","10","3","349","Army","ARMY","2426","Navy","NAVY",14,7,2,"1:28","Rush",2,7,31,4,27,"Malcolm Brown rush for 4 yards to the Navy 27."
"313442426",2011,15,"2426","Navy","NAVY","349","Army","ARMY","10","4","349","Army","ARMY","2426","Navy","NAVY",14,7,2,"1:14","Rush",3,3,27,13,14,"Raymond Maples rush for 13 yards to the Navy 14 for a 1ST down."
"313442426",2011,15,"2426","Navy","NAVY","349","Army","ARMY","10","5","349","Army","ARMY","2426","Navy","NAVY",14,7,2,"0:55","Rush",1,10,14,9,5,"Malcolm Brown rush for 9 yards to the Navy 5."
"313442426",2011,15,"2426","Navy","NAVY","349","Army","ARMY","10","6","349","Army","ARMY","2426","Navy","NAVY",14,7,2,"0:55","Timeout",2,1,5,0,5,"Timeout ARMY, clock 00:55."
"313442426",2011,15,"2426","Navy","NAVY","349","Army","ARMY","10","7","349","Army","ARMY","2426","Navy","NAVY",14,13,2,"0:49","Rush",2,1,5,5,0,"Malcolm Brown rush for 5 yards for a TOUCHDOWN."
"313442426",2011,15,"2426","Navy","NAVY","349","Army","ARMY","10","8","349","Army","ARMY","2426","Navy","NAVY",14,14,2,"0:49","Extra Point Good",-1,-1,3,0,3,"Alex Carlton extra point GOOD."
"313442426",2011,15,"2426","Navy","NAVY","349","Army","ARMY","10","9","349","Army","ARMY","2426","Navy","NAVY",14,7,2,"0:49","Kickoff",-1,-1,70,36,41,"Eric Osteen kickoff for 65 yards returned by Marcus Thomas for 36 yards to the Navy 41."
"313442426",2011,15,"2426","Navy","NAVY","349","Army","ARMY","11","0","2426","Navy","NAVY","349","Army","ARMY",14,14,2,"0:00","Sack",1,10,41,0,30,"Kriss Proctor sacked by Nate Combs for a loss of 11 yards to the Navy 30."
"313442426",2011,15,"2426","Navy","NAVY","349","Army","ARMY","11","1","349","Army","ARMY","2426","Navy","NAVY",14,14,3,"15:00","Kickoff",-1,-1,70,48,52,"Eric Osteen kickoff for 66 yards returned by Alexander Teich for 48 yards to the Army 48."
"313442426",2011,15,"2426","Navy","NAVY","349","Army","ARMY","12","0","2426","Navy","NAVY","349","Army","ARMY",14,14,3,"14:45","Rush",1,10,52,15,67,"Delvin Diggs rush for 15 yards to the Army 33 for a 1ST down."
"313442426",2011,15,"2426","Navy","NAVY","349","Army","ARMY","12","1","2426","Navy","NAVY","349","Army","ARMY",14,14,3,"14:12","Rush",1,10,67,3,70,"Delvin Diggs rush for 3 yards to the Army 30."
"313442426",2011,15,"2426","Navy","NAVY","349","Army","ARMY","12","2","2426","Navy","NAVY","349","Army","ARMY",14,14,3,"13:45","Rush",2,7,70,20,90,"Gee Gee Greene rush for 20 yards to the Army 10 for a 1ST down."
"313442426",2011,15,"2426","Navy","NAVY","349","Army","ARMY","12","3","2426","Navy","NAVY","349","Army","ARMY",14,14,3,"13:12","Rush",1,0,90,8,98,"Alexander Teich rush for 8 yards to the Army 2."
"313442426",2011,15,"2426","Navy","NAVY","349","Army","ARMY","12","4","2426","Navy","NAVY","349","Army","ARMY",20,14,3,"12:43","Rush",2,0,98,2,100,"Kriss Proctor rush for 2 yards for a TOUCHDOWN."
"313442426",2011,15,"2426","Navy","NAVY","349","Army","ARMY","12","5","2426","Navy","NAVY","349","Army","ARMY",21,14,3,"12:43","Extra Point Good",-1,-1,97,0,97,"Jon Teague extra point GOOD."
"313442426",2011,15,"2426","Navy","NAVY","349","Army","ARMY","12","6","2426","Navy","NAVY","349","Army","ARMY",14,14,3,"12:43","Kickoff",-1,-1,30,14,74,"Jon Teague kickoff for 58 yards returned by Scott Williams for 14 yards to the Army 26."
"313442426",2011,15,"2426","Navy","NAVY","349","Army","ARMY","13","0","349","Army","ARMY","2426","Navy","NAVY",21,14,3,"12:22","Rush",1,10,74,13,61,"Malcolm Brown rush for 13 yards to the Army 39 for a 1ST down."
"313442426",2011,15,"2426","Navy","NAVY","349","Army","ARMY","13","1","349","Army","ARMY","2426","Navy","NAVY",21,14,3,"11:54","Rush",1,10,61,2,59,"Raymond Maples rush for 2 yards to the Army 41."
"313442426",2011,15,"2426","Navy","NAVY","349","Army","ARMY","13","2","349","Army","ARMY","2426","Navy","NAVY",21,14,3,"11:18","Rush",2,8,59,31,28,"Larry Dixon rush for 31 yards to the Navy 28 for a 1ST down."
"313442426",2011,15,"2426","Navy","NAVY","349","Army","ARMY","13","3","349","Army","ARMY","2426","Navy","NAVY",21,14,3,"10:58","Rush",1,10,28,1,27,"Larry Dixon rush for 1 yard to the Navy 27."
"313442426",2011,15,"2426","Navy","NAVY","349","Army","ARMY","13","4","349","Army","ARMY","2426","Navy","NAVY",21,14,3,"9:59","Rush",2,9,27,2,25,"Raymond Maples rush for 2 yards to the Navy 25."
"313442426",2011,15,"2426","Navy","NAVY","349","Army","ARMY","13","5","349","Army","ARMY","2426","Navy","NAVY",21,20,3,"9:45","Pass Completion",3,7,25,25,0,"Trent Steelman pass complete to Malcolm Brown for 25 yards for a TOUCHDOWN."
"313442426",2011,15,"2426","Navy","NAVY","349","Army","ARMY","13","6","349","Army","ARMY","2426","Navy","NAVY",21,21,3,"9:45","Extra Point Good",-1,-1,3,0,3,"Alex Carlton extra point GOOD."
"313442426",2011,15,"2426","Navy","NAVY","349","Army","ARMY","13","7","349","Army","ARMY","2426","Navy","NAVY",21,21,3,"9:45","Kickoff",-1,-1,70,23,23,"Eric Osteen kickoff for 70 yards returned by Alexander Teich for 23 yards to the Navy 23."
"313442426",2011,15,"2426","Navy","NAVY","349","Army","ARMY","14","0","2426","Navy","NAVY","349","Army","ARMY",21,21,3,"9:23","Rush",1,10,23,12,35,"Aaron Santiago rush for 12 yards to the Navy 35 for a 1ST down."
"313442426",2011,15,"2426","Navy","NAVY","349","Army","ARMY","14","1","2426","Navy","NAVY","349","Army","ARMY",21,21,3,"9:04","Rush",1,10,35,7,42,"Alexander Teich rush for 7 yards to the Navy 42."
"313442426",2011,15,"2426","Navy","NAVY","349","Army","ARMY","14","2","2426","Navy","NAVY","349","Army","ARMY",21,21,3,"8:30","Rush",2,3,42,3,45,"Kriss Proctor rush for 3 yards, fumbled, forced by Steven Erzinger, recovered by Army Geoffrey Bacon at the Navy 45."
"313442426",2011,15,"2426","Navy","NAVY","349","Army","ARMY","15","0","349","Army","ARMY","2426","Navy","NAVY",21,21,3,"8:30","Penalty",1,10,45,0,60,"ARMY penalty 15 yard Illegal Cut accepted."
"313442426",2011,15,"2426","Navy","NAVY","349","Army","ARMY","15","1","349","Army","ARMY","2426","Navy","NAVY",21,21,3,"7:45","Rush",1,25,60,3,57,"Trent Steelman rush for 3 yards, fumbled, recovered by Army Matt Villanti at the Army 43."
"313442426",2011,15,"2426","Navy","NAVY","349","Army","ARMY","15","2","349","Army","ARMY","2426","Navy","NAVY",21,21,3,"7:08","Penalty",2,22,57,0,62,"ARMY penalty 5 yard Delay of Game on Trent Steelman accepted."
"313442426",2011,15,"2426","Navy","NAVY","349","Army","ARMY","15","3","349","Army","ARMY","2426","Navy","NAVY",21,21,3,"6:38","Rush",2,27,62,7,55,"Raymond Maples rush for 7 yards to the Army 45."
"313442426",2011,15,"2426","Navy","NAVY","349","Army","ARMY","15","4","349","Army","ARMY","2426","Navy","NAVY",21,21,3,"6:23","Pass Incompletion",3,20,55,0,55,"Trent Steelman pass incomplete."
"313442426",2011,15,"2426","Navy","NAVY","349","Army","ARMY","15","5","349","Army","ARMY","2426","Navy","NAVY",21,21,3,"6:15","Punt",4,20,55,3,19,"Chris Boldt punt for 39 yards, returned by Matt Aiken for 3 yards to the Navy 19."
"313442426",2011,15,"2426","Navy","NAVY","349","Army","ARMY","16","0","2426","Navy","NAVY","349","Army","ARMY",21,21,3,"5:55","Rush",1,10,19,6,25,"Aaron Santiago rush for 6 yards to the Navy 25."
"313442426",2011,15,"2426","Navy","NAVY","349","Army","ARMY","16","1","2426","Navy","NAVY","349","Army","ARMY",21,21,3,"5:18","Rush",2,4,25,1,26,"Alexander Teich rush for 1 yard to the Navy 26."
"313442426",2011,15,"2426","Navy","NAVY","349","Army","ARMY","16","2","2426","Navy","NAVY","349","Army","ARMY",21,21,3,"4:47","Rush",3,3,26,4,30,"Aaron Santiago rush for 4 yards to the Navy 30 for a 1ST down."
"313442426",2011,15,"2426","Navy","NAVY","349","Army","ARMY","16","3","2426","Navy","NAVY","349","Army","ARMY",21,21,3,"4:35","Pass Incompletion",1,10,30,0,30,"Kriss Proctor pass incomplete to Casey Bolena."
"313442426",2011,15,"2426","Navy","NAVY","349","Army","ARMY","16","4","2426","Navy","NAVY","349","Army","ARMY",21,21,3,"4:21","Pass Completion",2,10,30,13,43,"Kriss Proctor pass complete to Gee Gee Greene for 13 yards to the Navy 43 for a 1ST down."
"313442426",2011,15,"2426","Navy","NAVY","349","Army","ARMY","16","5","2426","Navy","NAVY","349","Army","ARMY",21,21,3,"3:50","Rush",1,10,43,14,57,"Gee Gee Greene rush for 14 yards to the Army 43 for a 1ST down."
"313442426",2011,15,"2426","Navy","NAVY","349","Army","ARMY","16","6","2426","Navy","NAVY","349","Army","ARMY",21,21,3,"3:05","Rush",1,10,57,7,64,"Alexander Teich rush for 7 yards to the Army 36."
"313442426",2011,15,"2426","Navy","NAVY","349","Army","ARMY","16","7","2426","Navy","NAVY","349","Army","ARMY",21,21,3,"2:44","Rush",2,3,64,7,71,"Delvin Diggs rush for 7 yards to the Army 29 for a 1ST down."
"313442426",2011,15,"2426","Navy","NAVY","349","Army","ARMY","16","8","2426","Navy","NAVY","349","Army","ARMY",21,21,3,"2:12","Rush",1,10,71,4,75,"John Howell rush for 4 yards to the Army 25."
"313442426",2011,15,"2426","Navy","NAVY","349","Army","ARMY","16","9","2426","Navy","NAVY","349","Army","ARMY",21,21,3,"1:23","Rush",2,6,75,3,78,"Alexander Teich rush for 3 yards to the Army 22."
"313442426",2011,15,"2426","Navy","NAVY","349","Army","ARMY","16","10","2426","Navy","NAVY","349","Army","ARMY",21,21,3,"0:35","Rush",3,3,78,2,80,"Kriss Proctor rush for 2 yards to the Army 20."
"313442426",2011,15,"2426","Navy","NAVY","349","Army","ARMY","16","11","2426","Navy","NAVY","349","Army","ARMY",21,21,3,"0:00","Rush",4,1,80,6,86,"Kriss Proctor rush for 6 yards to the Army 14 for a 1ST down."
"313442426",2011,15,"2426","Navy","NAVY","349","Army","ARMY","16","12","2426","Navy","NAVY","349","Army","ARMY",21,21,4,"14:45","Rush",1,10,86,4,90,"Gee Gee Greene rush for 4 yards, fumbled, forced by Tyler Dickson, recovered by Navy at the Army 10."
"313442426",2011,15,"2426","Navy","NAVY","349","Army","ARMY","16","13","2426","Navy","NAVY","349","Army","ARMY",21,21,4,"14:21","Rush",2,6,90,8,98,"Alexander Teich rush for 8 yards to the Army 2 for a 1ST down."
"313442426",2011,15,"2426","Navy","NAVY","349","Army","ARMY","16","14","2426","Navy","NAVY","349","Army","ARMY",21,21,4,"13:45","Rush",1,0,98,0,98,"Kriss Proctor rush for no gain to the Army 2."
"313442426",2011,15,"2426","Navy","NAVY","349","Army","ARMY","16","15","2426","Navy","NAVY","349","Army","ARMY",21,21,4,"13:23","Rush",2,0,98,1,99,"Kriss Proctor rush for 1 yard to the Army 1."
"313442426",2011,15,"2426","Navy","NAVY","349","Army","ARMY","16","16","2426","Navy","NAVY","349","Army","ARMY",21,21,4,"12:58","Penalty",3,0,99,0,94,"NAVY penalty 5 yard False Start on Graham Vickers accepted."
"313442426",2011,15,"2426","Navy","NAVY","349","Army","ARMY","16","17","2426","Navy","NAVY","349","Army","ARMY",21,21,4,"12:34","Rush",3,0,94,0,94,"Kriss Proctor rush for no gain to the Army 6."
"313442426",2011,15,"2426","Navy","NAVY","349","Army","ARMY","16","18","2426","Navy","NAVY","349","Army","ARMY",24,21,4,"12:03","Field Goal Good",4,0,94,23,94,"Jon Teague 23 yard field goal GOOD."
"313442426",2011,15,"2426","Navy","NAVY","349","Army","ARMY","16","19","2426","Navy","NAVY","349","Army","ARMY",24,21,4,"12:03","Kickoff",-1,-1,30,22,73,"Jon Teague kickoff for 65 yards returned by Scott Williams for 22 yards, fumbled, forced by Noah Copeland, recovered by Navy Jordan Drake at the Army 27."
"313442426",2011,15,"2426","Navy","NAVY","349","Army","ARMY","17","0","2426","Navy","NAVY","349","Army","ARMY",24,21,4,"11:23","Rush",1,10,73,-4,69,"Kriss Proctor rush for a loss of 4 yards, fumbled, recovered by Navy Alexander Teich at the Army 31."
"313442426",2011,15,"2426","Navy","NAVY","349","Army","ARMY","17","1","2426","Navy","NAVY","349","Army","ARMY",24,21,4,"10:37","Rush",2,14,69,4,73,"Alexander Teich rush for 4 yards to the Army 27."
"313442426",2011,15,"2426","Navy","NAVY","349","Army","ARMY","17","2","2426","Navy","NAVY","349","Army","ARMY",24,21,4,"10:37","Timeout",3,10,73,0,73,"Timeout NAVY, clock 10:37."
"313442426",2011,15,"2426","Navy","NAVY","349","Army","ARMY","17","3","2426","Navy","NAVY","349","Army","ARMY",24,21,4,"10:31","Pass Incompletion",3,10,73,0,73,"Kriss Proctor pass incomplete."
"313442426",2011,15,"2426","Navy","NAVY","349","Army","ARMY","17","4","2426","Navy","NAVY","349","Army","ARMY",27,21,4,"10:26","Field Goal Good",4,10,73,44,73,"Jon Teague 44 yard field goal GOOD."
"313442426",2011,15,"2426","Navy","NAVY","349","Army","ARMY","17","5","2426","Navy","NAVY","349","Army","ARMY",27,21,4,"10:26","Kickoff",-1,-1,30,16,77,"Jon Teague kickoff for 63 yards returned by Scott Williams for 16 yards to the Army 23."
"313442426",2011,15,"2426","Navy","NAVY","349","Army","ARMY","18","0","349","Army","ARMY","2426","Navy","NAVY",27,21,4,"9:54","Rush",1,10,77,10,67,"Trent Steelman rush for 10 yards to the Army 33 for a 1ST down."
"313442426",2011,15,"2426","Navy","NAVY","349","Army","ARMY","18","1","349","Army","ARMY","2426","Navy","NAVY",27,21,4,"9:32","Rush",1,10,67,3,64,"Trent Steelman rush for 3 yards to the Army 36."
"313442426",2011,15,"2426","Navy","NAVY","349","Army","ARMY","18","2","349","Army","ARMY","2426","Navy","NAVY",27,21,4,"8:44","Rush",2,7,64,6,58,"Larry Dixon rush for 6 yards to the Army 42."
"313442426",2011,15,"2426","Navy","NAVY","349","Army","ARMY","18","3","349","Army","ARMY","2426","Navy","NAVY",27,21,4,"8:25","Rush",3,1,58,3,55,"Raymond Maples rush for 3 yards to the Army 45 for a 1ST down."
"313442426",2011,15,"2426","Navy","NAVY","349","Army","ARMY","18","4","349","Army","ARMY","2426","Navy","NAVY",27,21,4,"7:59","Rush",1,10,55,2,53,"Larry Dixon rush for 2 yards to the Army 47."
"313442426",2011,15,"2426","Navy","NAVY","349","Army","ARMY","18","5","349","Army","ARMY","2426","Navy","NAVY",27,21,4,"7:31","Pass Completion",2,8,53,13,40,"Trent Steelman pass complete to Davyd Brooks for 13 yards to the Navy 40 for a 1ST down."
"313442426",2011,15,"2426","Navy","NAVY","349","Army","ARMY","18","6","349","Army","ARMY","2426","Navy","NAVY",27,21,4,"6:45","Rush",1,10,40,6,34,"Raymond Maples rush for 6 yards to the Navy 34."
"313442426",2011,15,"2426","Navy","NAVY","349","Army","ARMY","18","7","349","Army","ARMY","2426","Navy","NAVY",27,21,4,"6:27","Rush",2,4,34,6,28,"Larry Dixon rush for 6 yards to the Navy 28 for a 1ST down."
"313442426",2011,15,"2426","Navy","NAVY","349","Army","ARMY","18","8","349","Army","ARMY","2426","Navy","NAVY",27,21,4,"5:59","Rush",1,10,28,4,24,"Malcolm Brown rush for 4 yards to the Navy 24."
"313442426",2011,15,"2426","Navy","NAVY","349","Army","ARMY","18","9","349","Army","ARMY","2426","Navy","NAVY",27,21,4,"5:34","Sack",2,6,24,0,29,"Trent Steelman sacked by Matt Warrick for a loss of 5 yards to the Navy 29."
"313442426",2011,15,"2426","Navy","NAVY","349","Army","ARMY","18","10","349","Army","ARMY","2426","Navy","NAVY",27,21,4,"4:56","Rush",3,11,29,4,25,"Trent Steelman rush for 4 yards to the Navy 25."
"313442426",2011,15,"2426","Navy","NAVY","349","Army","ARMY","18","11","349","Army","ARMY","2426","Navy","NAVY",27,21,4,"4:39","Timeout",4,7,25,0,25,"Timeout ARMY, clock 4:39."
"313442426",2011,15,"2426","Navy","NAVY","349","Army","ARMY","18","12","349","Army","ARMY","2426","Navy","NAVY",27,21,4,"4:31","Rush",4,7,25,-1,26,"Trent Steelman rush for a loss of 1 yard to the Navy 26."
"313442426",2011,15,"2426","Navy","NAVY","349","Army","ARMY","19","0","2426","Navy","NAVY","349","Army","ARMY",27,21,4,"3:55","Rush",1,10,26,9,35,"Kriss Proctor rush for 9 yards to the Navy 35."
"313442426",2011,15,"2426","Navy","NAVY","349","Army","ARMY","19","1","2426","Navy","NAVY","349","Army","ARMY",27,21,4,"3:43","Rush",2,1,35,4,39,"Kriss Proctor rush for 4 yards to the Navy 39 for a 1ST down."
"313442426",2011,15,"2426","Navy","NAVY","349","Army","ARMY","19","2","2426","Navy","NAVY","349","Army","ARMY",27,21,4,"3:14","Rush",1,10,39,7,46,"Kriss Proctor rush for 7 yards to the Navy 46."
"313442426",2011,15,"2426","Navy","NAVY","349","Army","ARMY","19","3","2426","Navy","NAVY","349","Army","ARMY",27,21,4,"3:14","Timeout",2,3,46,0,46,"Timeout ARMY, clock 03:14."
"313442426",2011,15,"2426","Navy","NAVY","349","Army","ARMY","19","4","2426","Navy","NAVY","349","Army","ARMY",27,21,4,"2:38","Rush",2,3,46,2,48,"Kriss Proctor rush for 2 yards to the Navy 48."
"313442426",2011,15,"2426","Navy","NAVY","349","Army","ARMY","19","5","2426","Navy","NAVY","349","Army","ARMY",27,21,4,"2:24","Rush",3,1,48,0,48,"Kriss Proctor rush for no gain to the Navy 48."
"313442426",2011,15,"2426","Navy","NAVY","349","Army","ARMY","19","6","2426","Navy","NAVY","349","Army","ARMY",27,21,4,"1:58","Penalty",4,1,48,0,53,"ARMY penalty 5 yard Offside accepted."
"313442426",2011,15,"2426","Navy","NAVY","349","Army","ARMY","19","7","2426","Navy","NAVY","349","Army","ARMY",27,21,4,"1:37","Rush",1,10,53,3,56,"Kriss Proctor rush for 3 yards to the Army 44."
"313442426",2011,15,"2426","Navy","NAVY","349","Army","ARMY","19","8","2426","Navy","NAVY","349","Army","ARMY",27,21,4,"1:37","Timeout",2,7,56,0,56,"Timeout ARMY, clock 1:37."
"313442426",2011,15,"2426","Navy","NAVY","349","Army","ARMY","19","9","2426","Navy","NAVY","349","Army","ARMY",27,21,4,"1:02","Rush",2,7,56,6,62,"Alexander Teich rush for 6 yards to the Army 38."
"313442426",2011,15,"2426","Navy","NAVY","349","Army","ARMY","19","10","2426","Navy","NAVY","349","Army","ARMY",27,21,4,"0:06","Rush",3,1,62,-1,61,"Kriss Proctor rush for a loss of 1 yard to the Army 39."
"313442426",2011,15,"2426","Navy","NAVY","349","Army","ARMY","19","11","2426","Navy","NAVY","349","Army","ARMY",27,21,4,"0:06","Penalty",4,2,61,0,56,"NAVY penalty 5 yard Delay of Game accepted."
"313442426",2011,15,"2426","Navy","NAVY","349","Army","ARMY","19","12","2426","Navy","NAVY","349","Army","ARMY",27,21,4,"0:02","Punt",4,7,56,0,90,"Pablo Beltran punt for 34 yards, fair catch by Josh Jackson at the Army 10."
"313442426",2011,15,"2426","Navy","NAVY","349","Army","ARMY","20","0","349","Army","ARMY","2426","Navy","NAVY",27,21,4,"0:02","Timeout",1,10,90,0,90,"Timeout NAVY, clock 00:02."
"313442426",2011,15,"2426","Navy","NAVY","349","Army","ARMY","20","1","349","Army","ARMY","2426","Navy","NAVY",27,21,4,"0:00","Pass Completion",1,10,90,29,61,"Trent Steelman pass complete to Davyd Brooks for 29 yards to the Army 39 for a 1ST down."