"gameId","year","week","homeId","homeTeam","homeAbbr","awayId","awayTeam","awayAbbr","driveIndex","playIndex","offenseId","offenseTeam","offenseAbbr","defenseId","defenseTeam","defenseAbbr","homeScore","awayScore","quarter","clock","type","down","distance","yardLine","yardsGained","endYardLine","description"
"213420062",2001,16,"62","Hawai'i","HAW","252","BYU","BYU","0","1","252","BYU","BYU","62","Hawai'i","HAW",0,0,1,"15:00","Kickoff Return (Offense)",0,0,4,64,68,"Kickoff returned by Chad Owens (HAW) for 64 yards."
"213420062",2001,16,"62","Hawai'i","HAW","252","BYU","BYU","1","0","62","Hawai'i","HAW","252","BYU","BYU",0,0,1,"14:48","Pass Completion",1,10,68,9,77,"Nick Rolovich (HAW) pass right side complete to Channon Harris (HAW) for 9 yards."
"213420062",2001,16,"62","Hawai'i","HAW","252","BYU","BYU","1","1","62","Hawai'i","HAW","252","BYU","BYU",6,0,1,"14:42","Pass Completion",2,1,77,23,100,"Nick Rolovich (HAW) pass across the middle complete to Channon Harris (HAW) for a 23 yard touchdown."
"213420062",2001,16,"62","Hawai'i","HAW","252","BYU","BYU","1","2","62","Hawai'i","HAW","252","BYU","BYU",7,0,1,"14:42","",0,0,0,0,0,"Extra point by Justin Ayat (HAW) is good."
"213420062",2001,16,"62","Hawai'i","HAW","252","BYU","BYU","2","0","62","Hawai'i","HAW","252","BYU","BYU",7,0,1,"14:37","Kickoff Return (Offense)",0,0,87,13,74,"Kickoff returned by Mike Rigell (BYU) for 13 yards."
"213420062",2001,16,"62","Hawai'i","HAW","252","BYU","BYU","3","0","252","BYU","BYU","62","Hawai'i","HAW",7,0,1,"14:26","Pass Completion",1,10,74,4,70,"Brandon Doman (BYU) pass left side complete to Reno Mahe (BYU) for 4 yards."
"213420062",2001,16,"62","Hawai'i","HAW","252","BYU","BYU","3","1","252","BYU","BYU","62","Hawai'i","HAW",7,0,1,"14:20","Pass Incompletion",2,6,70,0,70,"Brandon Doman (BYU) pass incomplete to the left side."
"213420062",2001,16,"62","Hawai'i","HAW","252","BYU","BYU","3","2","252","BYU","BYU","62","Hawai'i","HAW",7,0,1,"14:15","Pass Completion",3,6,70,7,63,"Brandon Doman (BYU) pass across the middle complete to Reno Mahe (BYU) for 7 yards."
"213420062",2001,16,"62","Hawai'i","HAW","252","BYU","BYU","3","3","252","BYU","BYU","62","Hawai'i","HAW",7,0,1,"13:53","Pass Incompletion",1,10,63,0,63,"Brandon Doman (BYU) pass incomplete across the middle."
"213420062",2001,16,"62","Hawai'i","HAW","252","BYU","BYU","3","4","252","BYU","BYU","62","Hawai'i","HAW",7,0,1,"13:43","Rush",2,10,63,1,62,"Ned Stearns (BYU) rushed left side for 1 yard."
"213420062",2001,16,"62","Hawai'i","HAW","252","BYU","BYU","3","5","252","BYU","BYU","62","Hawai'i","HAW",7,0,1,"13:29","Pass Incompletion",3,9,62,0,62,"Brandon Doman (BYU) pass incomplete to the left side."
"213420062",2001,16,"62","Hawai'i","HAW","252","BYU","BYU","4","0","252","BYU","BYU","62","Hawai'i","HAW",13,0,1,"12:59","Punt Return Touchdown",4,9,26,74,100,"Punt by Aaron Edmonds (BYU) returned 74 yards by Chad Owens (HAW) for a touchdown."
"213420062",2001,16,"62","Hawai'i","HAW","252","BYU","BYU","4","1","62","Hawai'i","HAW","252","BYU","BYU",13,0,1,"12:59","Penalty",1,0,100,-15,85,"15 yard penalty on Warriors."
"213420062",2001,16,"62","Hawai'i","HAW","252","BYU","BYU","4","2","62","Hawai'i","HAW","252","BYU","BYU",14,0,1,"12:59","",0,0,0,0,0,"Extra point by Justin Ayat (HAW) is good."
"213420062",2001,16,"62","Hawai'i","HAW","252","BYU","BYU","5","0","62","Hawai'i","HAW","252","BYU","BYU",14,0,1,"12:42","Kickoff Return (Offense)",0,0,100,27,73,"Kickoff returned by Mike Rigell (BYU) for 27 yards."
"213420062",2001,16,"62","Hawai'i","HAW","252","BYU","BYU","6","0","252","BYU","BYU","62","Hawai'i","HAW",14,0,1,"12:32","Pass Incompletion",1,10,73,0,73,"Brandon Doman (BYU) pass incomplete to the right side."
"213420062",2001,16,"62","Hawai'i","HAW","252","BYU","BYU","6","1","252","BYU","BYU","62","Hawai'i","HAW",14,0,1,"12:25","Rush",2,10,73,7,66,"Reno Mahe (BYU) rushed up the middle for 7 yards."
"213420062",2001,16,"62","Hawai'i","HAW","252","BYU","BYU","6","2","252","BYU","BYU","62","Hawai'i","HAW",14,0,1,"12:00","Pass Incompletion",3,3,66,0,66,"Brandon Doman (BYU) pass incomplete to the left side."
"213420062",2001,16,"62","Hawai'i","HAW","252","BYU","BYU","6","3","252","BYU","BYU","62","Hawai'i","HAW",14,0,1,"11:38","Punt Return",4,3,66,0,20,"Punt by Matt Payne (BYU) no return by Warriors."
"213420062",2001,16,"62","Hawai'i","HAW","252","BYU","BYU","7","0","62","Hawai'i","HAW","252","BYU","BYU",14,0,1,"11:38","Fumble Recovery (Opponent)",1,10,20,0,18,"Warriors fumble by Chad Owens (HAW), recovered by Brady Poppinga (BYU), returned for no gain."
"213420062",2001,16,"62","Hawai'i","HAW","252","BYU","BYU","8","0","252","BYU","BYU","62","Hawai'i","HAW",14,0,1,"11:25","Rush",1,10,18,2,16,"Andrew Ord (BYU) rushed left side for 2 yards."
"213420062",2001,16,"62","Hawai'i","HAW","252","BYU","BYU","8","1","252","BYU","BYU","62","Hawai'i","HAW",14,0,1,"11:25","Penalty",2,8,16,-5,21,"5 yard penalty on Cougars."
"213420062",2001,16,"62","Hawai'i","HAW","252","BYU","BYU","8","2","252","BYU","BYU","62","Hawai'i","HAW",14,0,1,"11:17","Pass Completion",1,13,21,3,18,"Brandon Doman (BYU) pass across the middle complete to Soren Halladay (BYU) for 3 yards."
"213420062",2001,16,"62","Hawai'i","HAW","252","BYU","BYU","8","3","252","BYU","BYU","62","Hawai'i","HAW",14,0,1,"10:41","Rush",2,10,18,3,15,"Reno Mahe (BYU) rushed left side for 3 yards."
"213420062",2001,16,"62","Hawai'i","HAW","252","BYU","BYU","8","4","252","BYU","BYU","62","Hawai'i","HAW",14,0,1,"10:16","Fumble Recovery (Own)",3,7,15,0,43,"Cougars fumble by Brandon Doman (BYU), recovered by Brandon Doman (BYU), advanced for no gain."
"213420062",2001,16,"62","Hawai'i","HAW","252","BYU","BYU","8","5","252","BYU","BYU","62","Hawai'i","HAW",14,0,1,"9:42","Timeout",4,43,43,0,43,"Television timeout; 09:42 remaining 1st quarter"
"213420062",2001,16,"62","Hawai'i","HAW","252","BYU","BYU","8","6","252","BYU","BYU","62","Hawai'i","HAW",14,0,1,"9:42","Punt Return",4,43,43,0,17,"Punt by Aaron Edmonds (BYU) no return by Warriors."
"213420062",2001,16,"62","Hawai'i","HAW","252","BYU","BYU","9","0","62","Hawai'i","HAW","252","BYU","BYU",14,0,1,"9:35","Pass Completion",1,10,17,8,25,"Nick Rolovich (HAW) pass right side complete to Craig Stutzmann (HAW) for 8 yards."
"213420062",2001,16,"62","Hawai'i","HAW","252","BYU","BYU","9","1","62","Hawai'i","HAW","252","BYU","BYU",14,0,1,"9:05","Pass Incompletion",2,2,25,0,25,"Nick Rolovich (HAW) pass incomplete to the left side."
"213420062",2001,16,"62","Hawai'i","HAW","252","BYU","BYU","9","2","62","Hawai'i","HAW","252","BYU","BYU",14,0,1,"8:54","Pass Interception",3,2,25,9,47,"Nick Rolovich (HAW) pass left side intercepted by Aaron Francisco (BYU). Returned for 9 yards."
"213420062",2001,16,"62","Hawai'i","HAW","252","BYU","BYU","10","0","252","BYU","BYU","62","Hawai'i","HAW",14,0,1,"8:44","Rush",1,10,47,-3,50,"Reno Mahe (BYU) rushed left side for -3 yards."
"213420062",2001,16,"62","Hawai'i","HAW","252","BYU","BYU","10","1","252","BYU","BYU","62","Hawai'i","HAW",14,0,1,"8:01","Rush",2,13,50,7,43,"Mike Rigell (BYU) rushed left side for 7 yards."
"213420062",2001,16,"62","Hawai'i","HAW","252","BYU","BYU","10","2","252","BYU","BYU","62","Hawai'i","HAW",14,0,1,"7:39","Pass Completion",3,6,43,9,34,"Charlie Peterson (BYU) pass right side complete to Spencer Nead (BYU) for 9 yards."
"213420062",2001,16,"62","Hawai'i","HAW","252","BYU","BYU","10","3","252","BYU","BYU","62","Hawai'i","HAW",14,0,1,"7:08","Pass Incompletion",1,10,34,0,34,"Charlie Peterson (BYU) pass incomplete to the left side."
"213420062",2001,16,"62","Hawai'i","HAW","252","BYU","BYU","10","4","252","BYU","BYU","62","Hawai'i","HAW",14,0,1,"6:53","Rush",2,10,34,9,25,"Charlie Peterson (BYU) rushed up the middle for 9 yards."
"213420062",2001,16,"62","Hawai'i","HAW","252","BYU","BYU","10","5","252","BYU","BYU","62","Hawai'i","HAW",14,0,1,"6:47","Rush",3,1,25,0,25,"Ned Stearns (BYU) rushed right side for no gain."
"213420062",2001,16,"62","Hawai'i","HAW","252","BYU","BYU","10","6","252","BYU","BYU","62","Hawai'i","HAW",14,0,1,"5:55","Rush",4,1,25,2,23,"Ned Stearns (BYU) rushed left side for 2 yards."
"213420062",2001,16,"62","Hawai'i","HAW","252","BYU","BYU","10","7","252","BYU","BYU","62","Hawai'i","HAW",14,0,1,"5:42","Sack",1,10,23,-3,26,"Charlie Peterson (BYU) sacked for a loss of 3 yards."
"213420062",2001,16,"62","Hawai'i","HAW","252","BYU","BYU","10","8","252","BYU","BYU","62","Hawai'i","HAW",14,0,1,"4:50","Pass Incompletion",2,13,26,0,26,"Charlie Peterson (BYU) pass incomplete to the right side."
"213420062",2001,16,"62","Hawai'i","HAW","252","BYU","BYU","10","9","252","BYU","BYU","62","Hawai'i","HAW",14,0,1,"4:37","Pass Incompletion",3,13,26,0,26,"Charlie Peterson (BYU) pass incomplete to the left side."
"213420062",2001,16,"62","Hawai'i","HAW","252","BYU","BYU","10","10","252","BYU","BYU","62","Hawai'i","HAW",14,3,1,"4:32","",4,13,26,44,26,"44 yard field goal by Matt Payne (BYU) is good."
"213420062",2001,16,"62","Hawai'i","HAW","252","BYU","BYU","11","0","252","BYU","BYU","62","Hawai'i","HAW",14,3,1,"4:26","Kickoff Return (Offense)",1,0,0,10,10,"Kickoff returned by Chad Owens (HAW) for 10 yards."
"213420062",2001,16,"62","Hawai'i","HAW","252","BYU","BYU","12","0","62","Hawai'i","HAW","252","BYU","BYU",14,3,1,"4:15","Pass Incompletion",1,10,10,0,10,"Nick Rolovich (HAW) pass incomplete to the left side."
"213420062",2001,16,"62","Hawai'i","HAW","252","BYU","BYU","12","1","62","Hawai'i","HAW","252","BYU","BYU",14,3,1,"4:10","Pass Completion",2,10,10,21,31,"Nick Rolovich (HAW) pass left side complete to Channon Harris (HAW) for 21 yards."
"213420062",2001,16,"62","Hawai'i","HAW","252","BYU","BYU","12","2","62","Hawai'i","HAW","252","BYU","BYU",14,3,1,"4:05","Pass Incompletion",1,10,31,0,31,"Nick Rolovich (HAW) pass incomplete to the left side."
"213420062",2001,16,"62","Hawai'i","HAW","252","BYU","BYU","12","3","62","Hawai'i","HAW","252","BYU","BYU",14,3,1,"4:00","Pass Incompletion",2,10,31,0,31,"Nick Rolovich (HAW) pass incomplete to the right side."
"213420062",2001,16,"62","Hawai'i","HAW","252","BYU","BYU","12","4","62","Hawai'i","HAW","252","BYU","BYU",14,3,1,"3:56","Pass Completion",3,10,31,19,50,"Nick Rolovich (HAW) pass across the middle complete to Ashley Lelie (HAW) for 19 yards."
"213420062",2001,16,"62","Hawai'i","HAW","252","BYU","BYU","12","5","62","Hawai'i","HAW","252","BYU","BYU",14,3,1,"3:56","Fumble Recovery (Opponent)",1,10,50,0,60,"Warriors fumble by Ashley Lelie (HAW), recovered by Jernaro Gilford (BYU), returned for no gain."
"213420062",2001,16,"62","Hawai'i","HAW","252","BYU","BYU","13","0","252","BYU","BYU","62","Hawai'i","HAW",14,3,1,"3:41","Pass Completion",1,10,60,13,47,"Brandon Doman (BYU) pass across the middle complete to Reno Mahe (BYU) for 13 yards."
"213420062",2001,16,"62","Hawai'i","HAW","252","BYU","BYU","13","1","252","BYU","BYU","62","Hawai'i","HAW",14,3,1,"3:19","Penalty",1,10,47,-5,52,"5 yard penalty on Cougars."
"213420062",2001,16,"62","Hawai'i","HAW","252","BYU","BYU","13","2","252","BYU","BYU","62","Hawai'i","HAW",14,3,1,"3:13","Pass Completion",1,15,52,11,41,"Brandon Doman (BYU) pass right side complete to Reno Mahe (BYU) for 11 yards."
"213420062",2001,16,"62","Hawai'i","HAW","252","BYU","BYU","13","3","252","BYU","BYU","62","Hawai'i","HAW",14,3,1,"2:50","Pass Incompletion",2,4,41,0,41,"Brandon Doman (BYU) pass incomplete to the left side."
"213420062",2001,16,"62","Hawai'i","HAW","252","BYU","BYU","13","4","252","BYU","BYU","62","Hawai'i","HAW",14,3,1,"2:27","Pass Completion",3,4,41,6,35,"Brandon Doman (BYU) pass across the middle complete to Doug Jolley (BYU) for 6 yards."
"213420062",2001,16,"62","Hawai'i","HAW","252","BYU","BYU","13","5","252","BYU","BYU","62","Hawai'i","HAW",14,3,1,"2:19","Rush",1,10,35,9,26,"Brandon Doman (BYU) rushed left side for 9 yards."
"213420062",2001,16,"62","Hawai'i","HAW","252","BYU","BYU","13","6","252","BYU","BYU","62","Hawai'i","HAW",14,3,1,"1:35","Pass Incompletion",2,1,26,0,26,"Charlie Peterson (BYU) pass incomplete across the middle."
"213420062",2001,16,"62","Hawai'i","HAW","252","BYU","BYU","13","7","252","BYU","BYU","62","Hawai'i","HAW",14,3,1,"1:16","Rush",3,1,26,1,25,"Brandon Doman (BYU) rushed left side for 1 yard."
"213420062",2001,16,"62","Hawai'i","HAW","252","BYU","BYU","13","8","252","BYU","BYU","62","Hawai'i","HAW",14,9,1,"1:16","Pass Completion",1,10,25,25,0,"Brandon Doman (BYU) pass left side complete to Spencer Nead (BYU) for a 25 yard touchdown."
"213420062",2001,16,"62","Hawai'i","HAW","252","BYU","BYU","13","9","252","BYU","BYU","62","Hawai'i","HAW",14,10,1,"1:16","",0,0,0,0,0,"Extra point by Matt Payne (BYU) is good."
"213420062",2001,16,"62","Hawai'i","HAW","252","BYU","BYU","14","0","252","BYU","BYU","62","Hawai'i","HAW",20,10,1,"0:43","Kickoff Return Touchdown",0,0,0,100,100,"Kickoff returned by Chad Owens (HAW) for a 100 yard touchdown."
"213420062",2001,16,"62","Hawai'i","HAW","252","BYU","BYU","14","1","62","Hawai'i","HAW","252","BYU","BYU",21,10,1,"0:26","",0,0,0,0,0,"Extra point by Justin Ayat (HAW) is good."
"213420062",2001,16,"62","Hawai'i","HAW","252","BYU","BYU","15","0","62","Hawai'i","HAW","252","BYU","BYU",21,10,1,"0:26","Kickoff Return (Offense)",0,0,100,16,84,"Kickoff returned by Mike Rigell (BYU) for 16 yards."
"213420062",2001,16,"62","Hawai'i","HAW","252","BYU","BYU","16","0","252","BYU","BYU","62","Hawai'i","HAW",21,10,1,"0:15","Rush",1,10,84,16,68,"Brandon Doman (BYU) rushed up the middle for 16 yards."
"213420062",2001,16,"62","Hawai'i","HAW","252","BYU","BYU","16","1","252","BYU","BYU","62","Hawai'i","HAW",21,10,1,"0:00","End Period",1,10,68,0,68,"End of the 1st quarter."
"213420062",2001,16,"62","Hawai'i","HAW","252","BYU","BYU","16","2","252","BYU","BYU","62","Hawai'i","HAW",21,10,2,"15:00","",1,10,68,0,68,"Start of the 2nd quarter."
"213420062",2001,16,"62","Hawai'i","HAW","252","BYU","BYU","16","3","252","BYU","BYU","62","Hawai'i","HAW",21,10,2,"15:00","Sack",1,10,68,-3,71,"Brandon Doman (BYU) sacked for a loss of 3 yards."
"213420062",2001,16,"62","Hawai'i","HAW","252","BYU","BYU","16","4","252","BYU","BYU","62","Hawai'i","HAW",21,10,2,"14:50","Penalty",2,13,71,5,66,"5 yard penalty on Warriors."
"213420062",2001,16,"62","Hawai'i","HAW","252","BYU","BYU","16","5","252","BYU","BYU","62","Hawai'i","HAW",21,10,2,"14:22","Rush",2,8,66,4,62,"Brandon Doman (BYU) rushed up the middle for 4 yards."
"213420062",2001,16,"62","Hawai'i","HAW","252","BYU","BYU","16","6","252","BYU","BYU","62","Hawai'i","HAW",21,10,2,"13:55","Pass Incompletion",3,4,62,0,62,"Brandon Doman (BYU) pass incomplete to the right side."
"213420062",2001,16,"62","Hawai'i","HAW","252","BYU","BYU","16","7","252","BYU","BYU","62","Hawai'i","HAW",21,10,2,"13:37","Punt Return",4,4,62,6,22,"Punt by Aaron Edmonds (BYU) returned 6 yards by Chad Owens (HAW) to the Warriors 22."
"213420062",2001,16,"62","Hawai'i","HAW","252","BYU","BYU","17","0","62","Hawai'i","HAW","252","BYU","BYU",21,10,2,"13:26","Pass Completion",1,10,22,61,83,"Nick Rolovich (HAW) pass across the middle complete to Ashley Lelie (HAW) for 61 yards."
"213420062",2001,16,"62","Hawai'i","HAW","252","BYU","BYU","17","1","62","Hawai'i","HAW","252","BYU","BYU",21,10,2,"13:11","Sack",1,10,83,-7,76,"Nick Rolovich (HAW) sacked for a loss of 7 yards."
"213420062",2001,16,"62","Hawai'i","HAW","252","BYU","BYU","17","2","62","Hawai'i","HAW","252","BYU","BYU",21,10,2,"12:23","Pass Incompletion",2,17,76,0,76,"Nick Rolovich (HAW) pass incomplete to the left side."
"213420062",2001,16,"62","Hawai'i","HAW","252","BYU","BYU","17","3","62","Hawai'i","HAW","252","BYU","BYU",21,10,2,"12:05","Pass Incompletion",3,17,76,0,76,"Nick Rolovich (HAW) pass incomplete across the middle."
"213420062",2001,16,"62","Hawai'i","HAW","252","BYU","BYU","17","4","62","Hawai'i","HAW","252","BYU","BYU",21,10,2,"12:00","",4,17,76,41,76,"41 yard field goal by Justin Ayat (HAW) is no good."
"213420062",2001,16,"62","Hawai'i","HAW","252","BYU","BYU","18","0","252","BYU","BYU","62","Hawai'i","HAW",21,10,2,"11:54","Pass Incompletion",1,10,76,0,76,"Brandon Doman (BYU) pass incomplete to the right side."
"213420062",2001,16,"62","Hawai'i","HAW","252","BYU","BYU","18","1","252","BYU","BYU","62","Hawai'i","HAW",21,10,2,"11:50","Pass Completion",2,10,76,24,52,"Brandon Doman (BYU) pass right side complete to Ned Stearns (BYU) for 24 yards."
"213420062",2001,16,"62","Hawai'i","HAW","252","BYU","BYU","18","2","252","BYU","BYU","62","Hawai'i","HAW",21,10,2,"11:50","Fumble Recovery (Opponent)",1,10,52,0,45,"Cougars fumble by Ned Stearns (BYU), recovered by Sean Butts (HAW), returned for no gain."
"213420062",2001,16,"62","Hawai'i","HAW","252","BYU","BYU","19","0","62","Hawai'i","HAW","252","BYU","BYU",21,10,2,"11:41","Pass Completion",1,10,45,11,56,"Nick Rolovich (HAW) pass right side complete to Ashley Lelie (HAW) for 11 yards."
"213420062",2001,16,"62","Hawai'i","HAW","252","BYU","BYU","19","1","62","Hawai'i","HAW","252","BYU","BYU",21,10,2,"11:35","Penalty",1,10,56,10,66,"10 yard penalty on Cougars."
"213420062",2001,16,"62","Hawai'i","HAW","252","BYU","BYU","19","2","62","Hawai'i","HAW","252","BYU","BYU",21,10,2,"11:08","Pass Incompletion",1,10,66,0,66,"Nick Rolovich (HAW) pass incomplete to the right side."
"213420062",2001,16,"62","Hawai'i","HAW","252","BYU","BYU","19","3","62","Hawai'i","HAW","252","BYU","BYU",21,10,2,"11:05","Rush",2,10,66,13,79,"Nick Rolovich (HAW) rushed right side for 13 yards."
"213420062",2001,16,"62","Hawai'i","HAW","252","BYU","BYU","19","4","62","Hawai'i","HAW","252","BYU","BYU",21,10,2,"10:55","Penalty",1,10,79,15,94,"15 yard penalty on Cougars."
"213420062",2001,16,"62","Hawai'i","HAW","252","BYU","BYU","19","5","62","Hawai'i","HAW","252","BYU","BYU",21,10,2,"10:30","Rush",1,6,94,0,94,"Mike Bass (HAW) rushed up the middle for no gain."
"213420062",2001,16,"62","Hawai'i","HAW","252","BYU","BYU","19","6","62","Hawai'i","HAW","252","BYU","BYU",21,10,2,"10:30","Fumble Recovery (Opponent)",2,6,94,0,94,"Warriors fumble by Mike Bass (HAW), recovered by Aaron Francisco (BYU), returned for no gain."
"213420062",2001,16,"62","Hawai'i","HAW","252","BYU","BYU","20","0","252","BYU","BYU","62","Hawai'i","HAW",21,10,2,"10:24","Rush",1,10,94,3,91,"Reno Mahe (BYU) rushed right side for 3 yards."
"213420062",2001,16,"62","Hawai'i","HAW","252","BYU","BYU","20","1","252","BYU","BYU","62","Hawai'i","HAW",21,10,2,"10:04","Penalty",2,7,91,-4,95,"4 yard penalty on Cougars."
"213420062",2001,16,"62","Hawai'i","HAW","252","BYU","BYU","20","2","252","BYU","BYU","62","Hawai'i","HAW",21,10,2,"9:34","Sack",2,11,95,0,95,"Brandon Doman (BYU) sacked for no loss."
"213420062",2001,16,"62","Hawai'i","HAW","252","BYU","BYU","20","3","252","BYU","BYU","62","Hawai'i","HAW",21,10,2,"8:33","Pass Incompletion",3,11,95,0,95,"Brandon Doman (BYU) pass incomplete to the left side."
"213420062",2001,16,"62","Hawai'i","HAW","252","BYU","BYU","20","4","252","BYU","BYU","62","Hawai'i","HAW",21,10,2,"8:25","Punt Return",4,11,95,15,68,"Punt by Aaron Edmonds (BYU) returned 15 yards by Chad Owens (HAW) to the Cougars 32."
"213420062",2001,16,"62","Hawai'i","HAW","252","BYU","BYU","21","0","62","Hawai'i","HAW","252","BYU","BYU",21,10,2,"8:13","Pass Incompletion",1,10,68,0,68,"Nick Rolovich (HAW) pass incomplete across the middle."
"213420062",2001,16,"62","Hawai'i","HAW","252","BYU","BYU","21","1","62","Hawai'i","HAW","252","BYU","BYU",21,10,2,"8:10","Pass Completion",2,10,68,4,72,"Nick Rolovich (HAW) pass left side complete to Channon Harris (HAW) for 4 yards."
"213420062",2001,16,"62","Hawai'i","HAW","252","BYU","BYU","21","2","62","Hawai'i","HAW","252","BYU","BYU",21,10,2,"7:41","Pass Incompletion",3,6,72,0,72,"Nick Rolovich (HAW) pass incomplete to the right side."
"213420062",2001,16,"62","Hawai'i","HAW","252","BYU","BYU","21","3","62","Hawai'i","HAW","252","BYU","BYU",24,10,2,"7:41","",4,6,72,45,72,"45 yard field goal by Justin Ayat (HAW) is good."
"213420062",2001,16,"62","Hawai'i","HAW","252","BYU","BYU","22","0","62","Hawai'i","HAW","252","BYU","BYU",24,10,2,"7:15","Kickoff Return (Offense)",1,0,65,0,65,"Warriors kickoff, no return by Cougars."
"213420062",2001,16,"62","Hawai'i","HAW","252","BYU","BYU","23","0","252","BYU","BYU","62","Hawai'i","HAW",24,10,2,"7:11","Rush",1,10,65,5,60,"Ned Stearns (BYU) rushed left side for 5 yards."
"213420062",2001,16,"62","Hawai'i","HAW","252","BYU","BYU","23","1","252","BYU","BYU","62","Hawai'i","HAW",24,10,2,"6:36","Rush",2,5,60,20,40,"Reno Mahe (BYU) rushed right side for 20 yards."
"213420062",2001,16,"62","Hawai'i","HAW","252","BYU","BYU","23","2","252","BYU","BYU","62","Hawai'i","HAW",24,10,2,"6:36","Penalty",1,10,40,-15,55,"15 yard penalty on Cougars."
"213420062",2001,16,"62","Hawai'i","HAW","252","BYU","BYU","23","3","252","BYU","BYU","62","Hawai'i","HAW",24,10,2,"6:22","Pass Completion",1,25,55,13,42,"Brandon Doman (BYU) pass right side complete to Spencer Nead (BYU) for 13 yards."
"213420062",2001,16,"62","Hawai'i","HAW","252","BYU","BYU","23","4","252","BYU","BYU","62","Hawai'i","HAW",24,10,2,"6:05","Sack",1,10,42,-10,52,"Brandon Doman (BYU) sacked for a loss of 10 yards."
"213420062",2001,16,"62","Hawai'i","HAW","252","BYU","BYU","23","5","252","BYU","BYU","62","Hawai'i","HAW",24,10,2,"6:05","Fumble Recovery (Opponent)",2,20,52,0,59,"Cougars fumble by Brandon Doman (BYU), recovered by Laanui Correa (HAW), returned for no gain."
"213420062",2001,16,"62","Hawai'i","HAW","252","BYU","BYU","24","0","62","Hawai'i","HAW","252","BYU","BYU",24,10,2,"5:55","Rush",1,10,59,1,60,"Thero Mitchell (HAW) rushed up the middle for 1 yard."
"213420062",2001,16,"62","Hawai'i","HAW","252","BYU","BYU","24","1","62","Hawai'i","HAW","252","BYU","BYU",24,10,2,"5:30","Rush",2,9,60,11,71,"Thero Mitchell (HAW) rushed left side for 11 yards."
"213420062",2001,16,"62","Hawai'i","HAW","252","BYU","BYU","24","2","62","Hawai'i","HAW","252","BYU","BYU",24,10,2,"5:01","Pass Incompletion",1,10,71,0,71,"Nick Rolovich (HAW) pass incomplete to the right side."
"213420062",2001,16,"62","Hawai'i","HAW","252","BYU","BYU","24","3","62","Hawai'i","HAW","252","BYU","BYU",24,10,2,"4:48","Pass Incompletion",2,10,71,0,71,"Nick Rolovich (HAW) pass incomplete to the right side."
"213420062",2001,16,"62","Hawai'i","HAW","252","BYU","BYU","24","4","62","Hawai'i","HAW","252","BYU","BYU",24,10,2,"4:42","Pass Completion",3,10,71,14,85,"Nick Rolovich (HAW) pass right side complete to Ashley Lelie (HAW) for 14 yards."
"213420062",2001,16,"62","Hawai'i","HAW","252","BYU","BYU","24","5","62","Hawai'i","HAW","252","BYU","BYU",30,10,2,"4:37","Pass Completion",1,10,85,15,100,"Nick Rolovich (HAW) pass across the middle complete to Ashley Lelie (HAW) for a 15 yard touchdown."
"213420062",2001,16,"62","Hawai'i","HAW","252","BYU","BYU","24","6","62","Hawai'i","HAW","252","BYU","BYU",30,10,2,"4:37","Penalty",1,0,100,-15,85,"15 yard penalty on Warriors."
"213420062",2001,16,"62","Hawai'i","HAW","252","BYU","BYU","24","7","62","Hawai'i","HAW","252","BYU","BYU",31,10,2,"4:37","",0,0,0,0,0,"Extra point by Justin Ayat (HAW) is good."
"213420062",2001,16,"62","Hawai'i","HAW","252","BYU","BYU","25","0","62","Hawai'i","HAW","252","BYU","BYU",31,10,2,"4:33","Kickoff Return (Offense)",0,0,97,34,63,"Kickoff returned by Mike Rigell (BYU) for 34 yards."
"213420062",2001,16,"62","Hawai'i","HAW","252","BYU","BYU","26","0","252","BYU","BYU","62","Hawai'i","HAW",31,10,2,"4:20","Fumble Recovery (Opponent)",1,10,63,1,60,
"213420062",2001,16,"62","Hawai'i","HAW","252","BYU","BYU","27","0","62","Hawai'i","HAW","252","BYU","BYU",31,10,2,"4:15","Pass Completion",1,10,60,17,77,"Nick Rolovich (HAW) pass across the middle complete to Justin Colbert (HAW) for 17 yards."
"213420062",2001,16,"62","Hawai'i","HAW","252","BYU","BYU","27","1","62","Hawai'i","HAW","252","BYU","BYU",31,10,2,"3:53","Pass Completion",1,10,77,12,89,"Nick Rolovich (HAW) pass across the middle complete to Ashley Lelie (HAW) for 12 yards."
"213420062",2001,16,"62","Hawai'i","HAW","252","BYU","BYU","27","2","62","Hawai'i","HAW","252","BYU","BYU",31,10,2,"3:38","Pass Incompletion",1,10,89,0,89,"Nick Rolovich (HAW) pass incomplete to the left side."
"213420062",2001,16,"62","Hawai'i","HAW","252","BYU","BYU","27","3","62","Hawai'i","HAW","252","BYU","BYU",31,10,2,"3:19","Rush",2,10,89,6,95,"Nick Rolovich (HAW) rushed right side for 6 yards."
"213420062",2001,16,"62","Hawai'i","HAW","252","BYU","BYU","27","4","62","Hawai'i","HAW","252","BYU","BYU",31,10,2,"3:13","Timeout",3,4,95,0,95,"Television timeout; 03:13 remaining 2nd quarter"
"213420062",2001,16,"62","Hawai'i","HAW","252","BYU","BYU","27","5","62","Hawai'i","HAW","252","BYU","BYU",31,10,2,"3:13","Rush",3,4,95,0,95,"Thero Mitchell (HAW) rushed left side for no gain."
"213420062",2001,16,"62","Hawai'i","HAW","252","BYU","BYU","27","6","62","Hawai'i","HAW","252","BYU","BYU",31,10,2,"2:42","Pass Incompletion",4,4,95,0,95,"Nick Rolovich (HAW) pass incomplete across the middle.; turnover on downs."
"213420062",2001,16,"62","Hawai'i","HAW","252","BYU","BYU","28","0","252","BYU","BYU","62","Hawai'i","HAW",31,10,2,"2:28","Pass Incompletion",1,10,95,0,92,"Brandon Doman (BYU) pass incomplete to the left side."
"213420062",2001,16,"62","Hawai'i","HAW","252","BYU","BYU","28","1","252","BYU","BYU","62","Hawai'i","HAW",31,10,2,"2:23","Pass Incompletion",2,10,92,0,92,"Brandon Doman (BYU) pass incomplete across the middle."
"213420062",2001,16,"62","Hawai'i","HAW","252","BYU","BYU","28","2","252","BYU","BYU","62","Hawai'i","HAW",31,10,2,"2:18","Rush",3,10,92,10,82,"Brandon Doman (BYU) rushed left side for 10 yards."
"213420062",2001,16,"62","Hawai'i","HAW","252","BYU","BYU","28","3","252","BYU","BYU","62","Hawai'i","HAW",31,10,2,"2:12","Pass Completion",1,10,82,4,78,"Brandon Doman (BYU) pass right side complete to Reno Mahe (BYU) for 4 yards."
"213420062",2001,16,"62","Hawai'i","HAW","252","BYU","BYU","28","4","252","BYU","BYU","62","Hawai'i","HAW",31,10,2,"1:57","Pass Completion",2,6,78,15,63,"Brandon Doman (BYU) pass across the middle complete to Soren Halladay (BYU) for 15 yards."
"213420062",2001,16,"62","Hawai'i","HAW","252","BYU","BYU","28","5","252","BYU","BYU","62","Hawai'i","HAW",31,10,2,"1:32","Pass Completion",1,10,63,6,57,"Brandon Doman (BYU) pass right side complete to Mike Rigell (BYU) for 6 yards."
"213420062",2001,16,"62","Hawai'i","HAW","252","BYU","BYU","28","6","252","BYU","BYU","62","Hawai'i","HAW",31,10,2,"1:06","Pass Completion",2,4,57,9,48,"Brandon Doman (BYU) pass right side complete to Rod Wilkerson (BYU) for 9 yards."
"213420062",2001,16,"62","Hawai'i","HAW","252","BYU","BYU","28","7","252","BYU","BYU","62","Hawai'i","HAW",31,10,2,"0:57","Pass Completion",1,10,48,10,38,"Brandon Doman (BYU) pass right side complete to Ned Stearns (BYU) for 10 yards."
"213420062",2001,16,"62","Hawai'i","HAW","252","BYU","BYU","28","8","252","BYU","BYU","62","Hawai'i","HAW",31,10,2,"0:57","Timeout",1,10,38,0,38,"Television timeout; 00:31 remaining 2nd quarter"
"213420062",2001,16,"62","Hawai'i","HAW","252","BYU","BYU","28","9","252","BYU","BYU","62","Hawai'i","HAW",31,10,2,"0:31","Pass Completion",1,10,38,7,31,"Brandon Doman (BYU) pass left side complete to Reno Mahe (BYU) for 7 yards."
"213420062",2001,16,"62","Hawai'i","HAW","252","BYU","BYU","28","10","252","BYU","BYU","62","Hawai'i","HAW",31,10,2,"0:31","Timeout",2,3,31,0,31,"Television timeout; 00:24 remaining 2nd quarter"
"213420062",2001,16,"62","Hawai'i","HAW","252","BYU","BYU","28","11","252","BYU","BYU","62","Hawai'i","HAW",31,10,2,"0:24","Penalty",2,3,31,15,16,"15 yard penalty on Warriors."
"213420062",2001,16,"62","Hawai'i","HAW","252","BYU","BYU","28","12","252","BYU","BYU","62","Hawai'i","HAW",31,10,2,"0:24","Penalty",1,10,16,10,6,"10 yard penalty on Warriors."
"213420062",2001,16,"62","Hawai'i","HAW","252","BYU","BYU","28","13","252","BYU","BYU","62","Hawai'i","HAW",31,10,2,"0:16","Pass Incompletion",1,6,6,0,6,"Brandon Doman (BYU) pass incomplete across the middle."
"213420062",2001,16,"62","Hawai'i","HAW","252","BYU","BYU","28","14","252","BYU","BYU","62","Hawai'i","HAW",31,10,2,"0:06","Timeout",2,6,6,0,6,"Television timeout; 00:06 remaining 2nd quarter"
"213420062",2001,16,"62","Hawai'i","HAW","252","BYU","BYU","28","15","252","BYU","BYU","62","Hawai'i","HAW",31,10,2,"0:06","Rush",2,6,6,5,1,"Brandon Doman (BYU) rushed up the middle for 5 yards."
"213420062",2001,16,"62","Hawai'i","HAW","252","BYU","BYU","28","16","252","BYU","BYU","62","Hawai'i","HAW",31,10,2,"0:06","Fumble Recovery (Opponent)",3,1,1,14,15,"Cougars fumble by Brandon Doman (BYU), recovered by Shayne Kajioka (HAW), 14 yard return."
"213420062",2001,16,"62","Hawai'i","HAW","252","BYU","BYU","29","0","62","Hawai'i","HAW","252","BYU","BYU",31,10,2,"0:06","Fumble Recovery (Opponent)",1,10,15,0,19,"Warriors fumble by Shayne Kajioka (HAW), recovered by Michael Nay (BYU), returned for no gain."
"213420062",2001,16,"62","Hawai'i","HAW","252","BYU","BYU","30","1","62","Hawai'i","HAW","252","BYU","BYU",31,10,3,"15:00","Kickoff Return (Offense)",0,0,80,0,80,"Warriors kickoff, touchback by Cougars."
"213420062",2001,16,"62","Hawai'i","HAW","252","BYU","BYU","31","0","252","BYU","BYU","62","Hawai'i","HAW",31,10,3,"14:54","Rush",1,10,80,8,72,"Reno Mahe (BYU) rushed left side for 8 yards."
"213420062",2001,16,"62","Hawai'i","HAW","252","BYU","BYU","31","1","252","BYU","BYU","62","Hawai'i","HAW",31,10,3,"14:48","Rush",2,2,72,14,58,"Reno Mahe (BYU) rushed right side for 14 yards."
"213420062",2001,16,"62","Hawai'i","HAW","252","BYU","BYU","31","2","252","BYU","BYU","62","Hawai'i","HAW",31,10,3,"14:41","Pass Incompletion",1,10,58,0,58,"Brandon Doman (BYU) pass incomplete to the right side."
"213420062",2001,16,"62","Hawai'i","HAW","252","BYU","BYU","31","3","252","BYU","BYU","62","Hawai'i","HAW",31,10,3,"14:23","Rush",2,10,58,7,51,"Brandon Doman (BYU) rushed up the middle for 7 yards."
"213420062",2001,16,"62","Hawai'i","HAW","252","BYU","BYU","31","4","252","BYU","BYU","62","Hawai'i","HAW",31,10,3,"14:00","Timeout",3,3,51,0,51,"Television timeout; 13:40 remaining 3rd quarter"
"213420062",2001,16,"62","Hawai'i","HAW","252","BYU","BYU","31","5","252","BYU","BYU","62","Hawai'i","HAW",31,10,3,"13:40","Rush",3,3,51,2,49,"Brandon Doman (BYU) rushed right side for 2 yards."
"213420062",2001,16,"62","Hawai'i","HAW","252","BYU","BYU","31","6","252","BYU","BYU","62","Hawai'i","HAW",31,10,3,"13:40","Rush",4,1,49,13,36,"Reno Mahe (BYU) rushed left side for 13 yards."
"213420062",2001,16,"62","Hawai'i","HAW","252","BYU","BYU","31","7","252","BYU","BYU","62","Hawai'i","HAW",31,10,3,"13:23","Pass Completion",1,10,36,9,27,"Brandon Doman (BYU) pass left side complete to Mike Rigell (BYU) for 9 yards."
"213420062",2001,16,"62","Hawai'i","HAW","252","BYU","BYU","31","8","252","BYU","BYU","62","Hawai'i","HAW",31,10,3,"12:37","Sack",2,1,27,-11,38,"Brandon Doman (BYU) sacked for a loss of 11 yards."
"213420062",2001,16,"62","Hawai'i","HAW","252","BYU","BYU","31","9","252","BYU","BYU","62","Hawai'i","HAW",31,10,3,"12:37","Fumble Recovery (Opponent)",3,12,38,0,36,"Cougars fumble by Brandon Doman (BYU), recovered by Nate Ilaoa (HAW), returned for no gain."
"213420062",2001,16,"62","Hawai'i","HAW","252","BYU","BYU","32","0","62","Hawai'i","HAW","252","BYU","BYU",31,10,3,"12:31","Pass Completion",1,10,36,5,41,"Nick Rolovich (HAW) pass right side complete to Channon Harris (HAW) for 5 yards."
"213420062",2001,16,"62","Hawai'i","HAW","252","BYU","BYU","32","1","62","Hawai'i","HAW","252","BYU","BYU",31,10,3,"12:01","Rush",2,5,41,5,46,"Nick Rolovich (HAW) rushed right side for 5 yards."
"213420062",2001,16,"62","Hawai'i","HAW","252","BYU","BYU","32","2","62","Hawai'i","HAW","252","BYU","BYU",31,10,3,"11:42","Penalty",1,10,46,-10,36,"10 yard penalty on Warriors."
"213420062",2001,16,"62","Hawai'i","HAW","252","BYU","BYU","32","3","62","Hawai'i","HAW","252","BYU","BYU",31,10,3,"11:14","Pass Completion",1,20,36,28,64,"Nick Rolovich (HAW) pass left side complete to Channon Harris (HAW) for 28 yards."
"213420062",2001,16,"62","Hawai'i","HAW","252","BYU","BYU","32","4","62","Hawai'i","HAW","252","BYU","BYU",31,10,3,"11:04","Pass Completion",1,10,64,17,81,"Nick Rolovich (HAW) pass left side complete to Craig Stutzmann (HAW) for 17 yards."
"213420062",2001,16,"62","Hawai'i","HAW","252","BYU","BYU","32","5","62","Hawai'i","HAW","252","BYU","BYU",37,10,3,"10:42","Pass Completion",1,10,81,19,100,"Nick Rolovich (HAW) pass left side complete to Tafiti Uso (HAW) for a 19 yard touchdown."
"213420062",2001,16,"62","Hawai'i","HAW","252","BYU","BYU","32","6","62","Hawai'i","HAW","252","BYU","BYU",38,10,3,"10:42","",0,0,0,0,0,"Extra point by Justin Ayat (HAW) is good."
"213420062",2001,16,"62","Hawai'i","HAW","252","BYU","BYU","33","0","62","Hawai'i","HAW","252","BYU","BYU",38,10,3,"10:31","Kickoff Return (Offense)",0,0,65,0,65,"Warriors kickoff, no return by Cougars."
"213420062",2001,16,"62","Hawai'i","HAW","252","BYU","BYU","34","0","252","BYU","BYU","62","Hawai'i","HAW",38,10,3,"10:25","Penalty",1,10,65,10,55,"10 yard penalty on Warriors."
"213420062",2001,16,"62","Hawai'i","HAW","252","BYU","BYU","34","1","252","BYU","BYU","62","Hawai'i","HAW",38,16,3,"10:18","Pass Completion",1,10,55,55,0,"Brandon Doman (BYU) pass right side complete to Reno Mahe (BYU) for a 55 yard touchdown."
"213420062",2001,16,"62","Hawai'i","HAW","252","BYU","BYU","34","2","252","BYU","BYU","62","Hawai'i","HAW",38,17,3,"10:18","",0,0,0,0,0,"Extra point by Matt Payne (BYU) is good."
"213420062",2001,16,"62","Hawai'i","HAW","252","BYU","BYU","35","0","252","BYU","BYU","62","Hawai'i","HAW",38,17,3,"10:05","Kickoff Return (Offense)",0,0,1,26,27,"Kickoff returned by Chad Owens (HAW) for 26 yards."
"213420062",2001,16,"62","Hawai'i","HAW","252","BYU","BYU","36","0","62","Hawai'i","HAW","252","BYU","BYU",38,17,3,"9:55","Pass Completion",1,10,27,13,40,"Nick Rolovich (HAW) pass across the middle complete to Channon Harris (HAW) for 13 yards."
"213420062",2001,16,"62","Hawai'i","HAW","252","BYU","BYU","36","1","62","Hawai'i","HAW","252","BYU","BYU",38,17,3,"9:49","Pass Incompletion",1,10,40,0,40,"Nick Rolovich (HAW) pass incomplete to the left side."
"213420062",2001,16,"62","Hawai'i","HAW","252","BYU","BYU","36","2","62","Hawai'i","HAW","252","BYU","BYU",38,17,3,"9:26","Pass Completion",2,10,40,39,79,"Nick Rolovich (HAW) pass right side complete to Ashley Lelie (HAW) for 39 yards."
"213420062",2001,16,"62","Hawai'i","HAW","252","BYU","BYU","36","3","62","Hawai'i","HAW","252","BYU","BYU",44,17,3,"9:15","Pass Completion",1,10,79,21,100,"Nick Rolovich (HAW) pass across the middle complete to Tafiti Uso (HAW) for a 21 yard touchdown."
"213420062",2001,16,"62","Hawai'i","HAW","252","BYU","BYU","36","4","62","Hawai'i","HAW","252","BYU","BYU",45,17,3,"9:15","",0,0,0,0,0,"Extra point by Justin Ayat (HAW) is good."
"213420062",2001,16,"62","Hawai'i","HAW","252","BYU","BYU","37","0","62","Hawai'i","HAW","252","BYU","BYU",45,17,3,"8:53","Kickoff Return (Offense)",0,0,94,21,73,"Kickoff returned by Mike Rigell (BYU) for 21 yards."
"213420062",2001,16,"62","Hawai'i","HAW","252","BYU","BYU","38","0","252","BYU","BYU","62","Hawai'i","HAW",45,17,3,"8:44","Pass Completion",1,10,73,31,42,"Charlie Peterson (BYU) pass right side complete to Reno Mahe (BYU) for 31 yards."
"213420062",2001,16,"62","Hawai'i","HAW","252","BYU","BYU","38","1","252","BYU","BYU","62","Hawai'i","HAW",45,17,3,"8:04","Sack",1,10,42,-9,51,"Charlie Peterson (BYU) sacked for a loss of 9 yards."
"213420062",2001,16,"62","Hawai'i","HAW","252","BYU","BYU","38","2","252","BYU","BYU","62","Hawai'i","HAW",45,17,3,"8:04","Pass Completion",2,19,51,30,21,"Charlie Peterson (BYU) pass right side complete to Ned Stearns (BYU) for 30 yards."
"213420062",2001,16,"62","Hawai'i","HAW","252","BYU","BYU","38","3","252","BYU","BYU","62","Hawai'i","HAW",45,23,3,"8:04","Pass Completion",1,10,21,21,0,"Charlie Peterson (BYU) pass right side complete to Doug Jolley (BYU) for a 21 yard touchdown."
"213420062",2001,16,"62","Hawai'i","HAW","252","BYU","BYU","38","4","252","BYU","BYU","62","Hawai'i","HAW",45,24,3,"8:04","",0,0,0,0,0,"Extra point by Matt Payne (BYU) is good."
"213420062",2001,16,"62","Hawai'i","HAW","252","BYU","BYU","39","0","252","BYU","BYU","62","Hawai'i","HAW",45,24,3,"7:10","Kickoff Return (Offense)",0,0,4,21,25,"Kickoff returned by Chad Owens (HAW) for 21 yards."
"213420062",2001,16,"62","Hawai'i","HAW","252","BYU","BYU","40","0","62","Hawai'i","HAW","252","BYU","BYU",45,24,3,"7:01","Penalty",1,10,25,-10,15,"10 yard penalty on Warriors."
"213420062",2001,16,"62","Hawai'i","HAW","252","BYU","BYU","40","1","62","Hawai'i","HAW","252","BYU","BYU",45,24,3,"7:01","Pass Incompletion",1,10,15,0,16,"Nick Rolovich (HAW) pass incomplete to the left side."
"213420062",2001,16,"62","Hawai'i","HAW","252","BYU","BYU","40","2","62","Hawai'i","HAW","252","BYU","BYU",45,24,3,"6:57","Pass Completion",2,10,16,14,30,"Nick Rolovich (HAW) pass left side complete to Tafiti Uso (HAW) for 14 yards."
"213420062",2001,16,"62","Hawai'i","HAW","252","BYU","BYU","40","3","62","Hawai'i","HAW","252","BYU","BYU",45,24,3,"6:52","Pass Incompletion",1,10,30,0,30,"Nick Rolovich (HAW) pass incomplete to the left side."
"213420062",2001,16,"62","Hawai'i","HAW","252","BYU","BYU","40","4","62","Hawai'i","HAW","252","BYU","BYU",45,24,3,"6:48","Pass Completion",2,10,30,3,33,"Nick Rolovich (HAW) pass right side complete to Craig Stutzmann (HAW) for 3 yards."
"213420062",2001,16,"62","Hawai'i","HAW","252","BYU","BYU","40","5","62","Hawai'i","HAW","252","BYU","BYU",45,24,3,"6:28","Pass Completion",3,7,33,5,38,"Nick Rolovich (HAW) pass across the middle complete to Channon Harris (HAW) for 5 yards."
"213420062",2001,16,"62","Hawai'i","HAW","252","BYU","BYU","40","6","62","Hawai'i","HAW","252","BYU","BYU",45,24,3,"5:41","Punt Return",4,2,38,0,80,"Punt by Mat McBriar (HAW) no return by Cougars."
"213420062",2001,16,"62","Hawai'i","HAW","252","BYU","BYU","41","0","252","BYU","BYU","62","Hawai'i","HAW",45,24,3,"5:15","Pass Incompletion",1,10,80,0,80,"Charlie Peterson (BYU) pass incomplete to the right side."
"213420062",2001,16,"62","Hawai'i","HAW","252","BYU","BYU","41","1","252","BYU","BYU","62","Hawai'i","HAW",45,24,3,"5:10","Pass Incompletion",2,10,80,0,80,"Charlie Peterson (BYU) pass incomplete to the right side."
"213420062",2001,16,"62","Hawai'i","HAW","252","BYU","BYU","41","2","252","BYU","BYU","62","Hawai'i","HAW",45,24,3,"5:05","Pass Completion",3,10,80,15,65,"Charlie Peterson (BYU) pass across the middle complete to Toby Christensen (BYU) for 15 yards."
"213420062",2001,16,"62","Hawai'i","HAW","252","BYU","BYU","41","3","252","BYU","BYU","62","Hawai'i","HAW",45,24,3,"4:43","Pass Incompletion",1,10,65,0,65,"Charlie Peterson (BYU) pass incomplete across the middle."
"213420062",2001,16,"62","Hawai'i","HAW","252","BYU","BYU","41","4","252","BYU","BYU","62","Hawai'i","HAW",45,24,3,"4:33","Penalty",2,10,65,10,55,"10 yard penalty on Warriors."
"213420062",2001,16,"62","Hawai'i","HAW","252","BYU","BYU","41","5","252","BYU","BYU","62","Hawai'i","HAW",45,24,3,"4:27","Sack",1,10,55,-10,65,"Charlie Peterson (BYU) sacked for a loss of 10 yards."
"213420062",2001,16,"62","Hawai'i","HAW","252","BYU","BYU","41","6","252","BYU","BYU","62","Hawai'i","HAW",45,24,3,"4:27","Fumble Recovery (Own)",2,20,65,0,65,"Cougars fumble by Charlie Peterson (BYU), recovered by Ned Stearns (BYU), advanced for no gain."
"213420062",2001,16,"62","Hawai'i","HAW","252","BYU","BYU","41","7","252","BYU","BYU","62","Hawai'i","HAW",45,24,3,"4:27","Fumble Recovery (Opponent)",2,20,65,0,82,"Cougars fumble by Ned Stearns (BYU), recovered by Lance Samuseva (HAW), returned for no gain."
"213420062",2001,16,"62","Hawai'i","HAW","252","BYU","BYU","42","0","62","Hawai'i","HAW","252","BYU","BYU",45,24,3,"4:16","Rush",1,10,82,13,95,"Thero Mitchell (HAW) rushed right side for 13 yards."
"213420062",2001,16,"62","Hawai'i","HAW","252","BYU","BYU","42","1","62","Hawai'i","HAW","252","BYU","BYU",45,24,3,"4:09","Pass Incompletion",1,5,95,0,95,"Nick Rolovich (HAW) pass incomplete to the right side."
"213420062",2001,16,"62","Hawai'i","HAW","252","BYU","BYU","42","2","62","Hawai'i","HAW","252","BYU","BYU",45,24,3,"4:06","Pass Incompletion",2,5,95,0,95,"Nick Rolovich (HAW) pass incomplete to the left side."
"213420062",2001,16,"62","Hawai'i","HAW","252","BYU","BYU","42","3","62","Hawai'i","HAW","252","BYU","BYU",51,24,3,"4:01","Pass Completion",3,5,95,5,100,"Nick Rolovich (HAW) pass left side complete to Craig Stutzmann (HAW) for a 5 yard touchdown."
"213420062",2001,16,"62","Hawai'i","HAW","252","BYU","BYU","42","4","62","Hawai'i","HAW","252","BYU","BYU",51,24,3,"4:01","Penalty",1,0,100,-15,85,"15 yard penalty on Warriors."
"213420062",2001,16,"62","Hawai'i","HAW","252","BYU","BYU","42","5","62","Hawai'i","HAW","252","BYU","BYU",51,24,3,"4:01","Penalty",1,15,85,-15,70,"15 yard penalty on Warriors."
"213420062",2001,16,"62","Hawai'i","HAW","252","BYU","BYU","42","6","62","Hawai'i","HAW","252","BYU","BYU",51,24,3,"4:01","Penalty",1,30,70,-15,55,"15 yard penalty on Warriors."
"213420062",2001,16,"62","Hawai'i","HAW","252","BYU","BYU","42","7","62","Hawai'i","HAW","252","BYU","BYU",52,24,3,"4:01","",0,0,0,0,0,"Extra point by Justin Ayat (HAW) is good."
"213420062",2001,16,"62","Hawai'i","HAW","252","BYU","BYU","43","0","62","Hawai'i","HAW","252","BYU","BYU",52,24,3,"3:57","Kickoff Return (Offense)",0,0,93,32,61,"Kickoff returned by Mike Rigell (BYU) for 32 yards."
"213420062",2001,16,"62","Hawai'i","HAW","252","BYU","BYU","44","0","252","BYU","BYU","62","Hawai'i","HAW",52,24,3,"3:49","Timeout",1,10,61,0,61,"Television timeout; 03:46 remaining 3rd quarter"
"213420062",2001,16,"62","Hawai'i","HAW","252","BYU","BYU","44","1","252","BYU","BYU","62","Hawai'i","HAW",52,24,3,"3:46","Pass Completion",1,10,61,4,57,"Charlie Peterson (BYU) pass left side complete to Reno Mahe (BYU) for 4 yards."
"213420062",2001,16,"62","Hawai'i","HAW","252","BYU","BYU","44","2","252","BYU","BYU","62","Hawai'i","HAW",52,24,3,"3:46","Pass Completion",2,6,57,15,42,"Charlie Peterson (BYU) pass left side complete to Ned Stearns (BYU) for 15 yards."
"213420062",2001,16,"62","Hawai'i","HAW","252","BYU","BYU","44","3","252","BYU","BYU","62","Hawai'i","HAW",52,24,3,"3:05","Pass Completion",1,10,42,8,34,"Charlie Peterson (BYU) pass right side complete to Reno Mahe (BYU) for 8 yards."
"213420062",2001,16,"62","Hawai'i","HAW","252","BYU","BYU","44","4","252","BYU","BYU","62","Hawai'i","HAW",52,24,3,"3:05","Timeout",2,2,34,0,34,"Television timeout; 02:18 remaining 3rd quarter"
"213420062",2001,16,"62","Hawai'i","HAW","252","BYU","BYU","44","5","252","BYU","BYU","62","Hawai'i","HAW",52,24,3,"2:18","Pass Incompletion",2,2,34,0,34,"Charlie Peterson (BYU) pass incomplete across the middle."
"213420062",2001,16,"62","Hawai'i","HAW","252","BYU","BYU","44","6","252","BYU","BYU","62","Hawai'i","HAW",52,24,3,"2:11","Rush",3,2,34,10,24,"Charlie Peterson (BYU) rushed right side for 10 yards."
"213420062",2001,16,"62","Hawai'i","HAW","252","BYU","BYU","44","7","252","BYU","BYU","62","Hawai'i","HAW",52,24,3,"2:11","Penalty",1,10,24,12,12,"12 yard penalty on Warriors."
"213420062",2001,16,"62","Hawai'i","HAW","252","BYU","BYU","44","8","252","BYU","BYU","62","Hawai'i","HAW",52,24,3,"2:04","Pass Completion",1,10,12,10,2,"Charlie Peterson (BYU) pass across the middle complete to Rod Wilkerson (BYU) for 10 yards."
"213420062",2001,16,"62","Hawai'i","HAW","252","BYU","BYU","44","9","252","BYU","BYU","62","Hawai'i","HAW",52,24,3,"2:04","Rush",1,2,2,1,1,"Charlie Peterson (BYU) rushed right side for 1 yard."
"213420062",2001,16,"62","Hawai'i","HAW","252","BYU","BYU","44","10","252","BYU","BYU","62","Hawai'i","HAW",52,30,3,"2:04","Pass Completion",2,1,1,1,0,"Charlie Peterson (BYU) pass right side complete to Doug Jolley (BYU) for a 1 yard touchdown."
"213420062",2001,16,"62","Hawai'i","HAW","252","BYU","BYU","44","11","252","BYU","BYU","62","Hawai'i","HAW",52,31,3,"2:04","",0,0,0,0,0,"Extra point by Matt Payne (BYU) is good."
"213420062",2001,16,"62","Hawai'i","HAW","252","BYU","BYU","45","0","252","BYU","BYU","62","Hawai'i","HAW",52,31,3,"1:05","Kickoff Return (Offense)",0,0,20,0,20,"Cougars kickoff, touchback by Warriors."
"213420062",2001,16,"62","Hawai'i","HAW","252","BYU","BYU","46","0","62","Hawai'i","HAW","252","BYU","BYU",52,31,3,"1:01","Pass Incompletion",1,10,20,0,20,"Nick Rolovich (HAW) pass incomplete across the middle."
"213420062",2001,16,"62","Hawai'i","HAW","252","BYU","BYU","46","1","62","Hawai'i","HAW","252","BYU","BYU",52,31,3,"0:54","Pass Incompletion",2,10,20,0,20,"Nick Rolovich (HAW) pass incomplete to the right side."
"213420062",2001,16,"62","Hawai'i","HAW","252","BYU","BYU","46","2","62","Hawai'i","HAW","252","BYU","BYU",58,31,3,"0:49","Pass Completion",3,10,20,80,100,"Nick Rolovich (HAW) pass right side complete to Ashley Lelie (HAW) for a 80 yard touchdown."
"213420062",2001,16,"62","Hawai'i","HAW","252","BYU","BYU","46","3","62","Hawai'i","HAW","252","BYU","BYU",58,31,3,"0:49","",0,0,0,0,0,"Extra point by Justin Ayat (HAW) is no good."
"213420062",2001,16,"62","Hawai'i","HAW","252","BYU","BYU","47","0","62","Hawai'i","HAW","252","BYU","BYU",58,31,3,"0:37","Kickoff Return (Offense)",0,0,90,13,77,"Kickoff returned by Mike Rigell (BYU) for 13 yards."
"213420062",2001,16,"62","Hawai'i","HAW","252","BYU","BYU","48","0","252","BYU","BYU","62","Hawai'i","HAW",58,31,3,"0:29","Pass Interception",1,10,77,22,54,"Charlie Peterson (BYU) pass across the middle intercepted by Hyrum Peters (HAW). Returned for 22 yards."
"213420062",2001,16,"62","Hawai'i","HAW","252","BYU","BYU","49","0","62","Hawai'i","HAW","252","BYU","BYU",58,31,3,"0:14","Pass Incompletion",1,10,54,0,54,"Nick Rolovich (HAW) pass incomplete to the right side."
"213420062",2001,16,"62","Hawai'i","HAW","252","BYU","BYU","49","1","62","Hawai'i","HAW","252","BYU","BYU",58,31,3,"0:09","Pass Completion",2,10,54,28,82,"Nick Rolovich (HAW) pass right side complete to Tafiti Uso (HAW) for 28 yards."
"213420062",2001,16,"62","Hawai'i","HAW","252","BYU","BYU","49","2","62","Hawai'i","HAW","252","BYU","BYU",58,31,3,"0:00","End Period",1,10,82,0,82,"End of the 3rd quarter."
"213420062",2001,16,"62","Hawai'i","HAW","252","BYU","BYU","49","3","62","Hawai'i","HAW","252","BYU","BYU",58,31,4,"15:00","",1,10,82,0,82,"Start of the 4th quarter."
"213420062",2001,16,"62","Hawai'i","HAW","252","BYU","BYU","49","4","62","Hawai'i","HAW","252","BYU","BYU",64,31,4,"15:00","Pass Completion",1,10,82,18,100,"Nick Rolovich (HAW) pass left side complete to Channon Harris (HAW) for a 18 yard touchdown."
"213420062",2001,16,"62","Hawai'i","HAW","252","BYU","BYU","49","5","62","Hawai'i","HAW","252","BYU","BYU",65,31,4,"15:00","",0,0,0,0,0,"Extra point by Justin Ayat (HAW) is good."
"213420062",2001,16,"62","Hawai'i","HAW","252","BYU","BYU","50","0","62","Hawai'i","HAW","252","BYU","BYU",65,31,4,"14:56","Kickoff Return (Offense)",0,0,80,0,80,"Warriors kickoff, touchback by Cougars."
"213420062",2001,16,"62","Hawai'i","HAW","252","BYU","BYU","51","0","252","BYU","BYU","62","Hawai'i","HAW",65,31,4,"14:49","Pass Completion",1,10,80,30,50,"Charlie Peterson (BYU) pass across the middle complete to Doug Jolley (BYU) for 30 yards."
"213420062",2001,16,"62","Hawai'i","HAW","252","BYU","BYU","51","1","252","BYU","BYU","62","Hawai'i","HAW",65,31,4,"14:49","Penalty",1,10,50,-10,60,"10 yard penalty on Cougars."
"213420062",2001,16,"62","Hawai'i","HAW","252","BYU","BYU","51","2","252","BYU","BYU","62","Hawai'i","HAW",65,31,4,"14:27","Pass Completion",1,10,60,10,50,"Charlie Peterson (BYU) pass left side complete to Ned Stearns (BYU) for 10 yards."
"213420062",2001,16,"62","Hawai'i","HAW","252","BYU","BYU","51","3","252","BYU","BYU","62","Hawai'i","HAW",65,31,4,"14:18","Pass Incompletion",1,10,50,0,50,"Charlie Peterson (BYU) pass incomplete to the right side."
"213420062",2001,16,"62","Hawai'i","HAW","252","BYU","BYU","51","4","252","BYU","BYU","62","Hawai'i","HAW",65,31,4,"14:10","Rush",2,10,50,5,45,"Paul Peterson (BYU) rushed up the middle for 5 yards."
"213420062",2001,16,"62","Hawai'i","HAW","252","BYU","BYU","51","5","252","BYU","BYU","62","Hawai'i","HAW",65,31,4,"14:10","Pass Completion",3,5,45,11,34,"Charlie Peterson (BYU) pass across the middle complete to Toby Christensen (BYU) for 11 yards."
"213420062",2001,16,"62","Hawai'i","HAW","252","BYU","BYU","51","6","252","BYU","BYU","62","Hawai'i","HAW",65,31,4,"14:10","Pass Incompletion",1,10,34,0,34,"Charlie Peterson (BYU) pass incomplete across the middle."
"213420062",2001,16,"62","Hawai'i","HAW","252","BYU","BYU","51","7","252","BYU","BYU","62","Hawai'i","HAW",65,31,4,"14:10","Pass Completion",2,10,34,25,9,"Charlie Peterson (BYU) pass right side complete to Reno Mahe (BYU) for 25 yards."
"213420062",2001,16,"62","Hawai'i","HAW","252","BYU","BYU","51","8","252","BYU","BYU","62","Hawai'i","HAW",65,31,4,"12:40","Rush",1,9,9,3,6,"Charlie Peterson (BYU) rushed left side for 3 yards."
"213420062",2001,16,"62","Hawai'i","HAW","252","BYU","BYU","51","9","252","BYU","BYU","62","Hawai'i","HAW",65,31,4,"12:40","Penalty",2,6,6,-5,11,"5 yard penalty on Cougars."
"213420062",2001,16,"62","Hawai'i","HAW","252","BYU","BYU","51","10","252","BYU","BYU","62","Hawai'i","HAW",65,31,4,"12:40","Rush",2,11,11,0,11,"Charlie Peterson (BYU) rushed left side for no gain."
"213420062",2001,16,"62","Hawai'i","HAW","252","BYU","BYU","51","11","252","BYU","BYU","62","Hawai'i","HAW",65,31,4,"12:40","Penalty",3,11,11,5,6,"5 yard penalty on Warriors."
"213420062",2001,16,"62","Hawai'i","HAW","252","BYU","BYU","51","12","252","BYU","BYU","62","Hawai'i","HAW",65,31,4,"12:27","Rush",1,6,6,0,6,"Charlie Peterson (BYU) rushed left side for no gain."
"213420062",2001,16,"62","Hawai'i","HAW","252","BYU","BYU","51","13","252","BYU","BYU","62","Hawai'i","HAW",65,31,4,"12:27","Penalty",2,6,6,-10,16,"10 yard penalty on Cougars."
"213420062",2001,16,"62","Hawai'i","HAW","252","BYU","BYU","51","14","252","BYU","BYU","62","Hawai'i","HAW",65,31,4,"12:27","Rush",2,16,16,11,5,"Charlie Peterson (BYU) rushed left side for 11 yards."
"213420062",2001,16,"62","Hawai'i","HAW","252","BYU","BYU","51","15","252","BYU","BYU","62","Hawai'i","HAW",65,37,4,"12:27","Pass Completion",3,5,5,5,0,"Todd Mortensen (BYU) pass left side complete to Reno Mahe (BYU) for a 5 yard touchdown."
"213420062",2001,16,"62","Hawai'i","HAW","252","BYU","BYU","51","16","252","BYU","BYU","62","Hawai'i","HAW",65,38,4,"12:27","",0,0,0,0,0,"Extra point by Matt Payne (BYU) is good."
"213420062",2001,16,"62","Hawai'i","HAW","252","BYU","BYU","52","0","252","BYU","BYU","62","Hawai'i","HAW",65,38,4,"10:37","Kickoff Return (Offense)",0,0,20,0,20,"Cougars kickoff, touchback by Warriors."
"213420062",2001,16,"62","Hawai'i","HAW","252","BYU","BYU","53","0","62","Hawai'i","HAW","252","BYU","BYU",71,38,4,"10:25","Pass Completion",1,10,20,50,100,"Nick Rolovich (HAW) pass left side complete to Channon Harris (HAW) for a 50 yard touchdown."
"213420062",2001,16,"62","Hawai'i","HAW","252","BYU","BYU","53","1","62","Hawai'i","HAW","252","BYU","BYU",72,38,4,"10:25","",0,0,0,0,0,"Extra point by Justin Ayat (HAW) is good."
"213420062",2001,16,"62","Hawai'i","HAW","252","BYU","BYU","54","0","62","Hawai'i","HAW","252","BYU","BYU",72,38,4,"8:05","Kickoff Return (Offense)",0,0,80,0,80,"Warriors kickoff, no return by Cougars."
"213420062",2001,16,"62","Hawai'i","HAW","252","BYU","BYU","55","0","252","BYU","BYU","62","Hawai'i","HAW",72,38,4,"7:52","Pass Completion",1,10,80,57,1,"Todd Mortensen (BYU) pass across the middle complete to Ned Stearns (BYU) for 57 yards."
"213420062",2001,16,"62","Hawai'i","HAW","252","BYU","BYU","55","1","252","BYU","BYU","62","Hawai'i","HAW",72,44,4,"7:52","Rush",1,1,1,1,0,"Ned Stearns (BYU) rushed left side for a 1 yard touchdown."
"213420062",2001,16,"62","Hawai'i","HAW","252","BYU","BYU","55","2","252","BYU","BYU","62","Hawai'i","HAW",72,45,4,"7:52","",0,0,0,0,0,"Extra point by Matt Payne (BYU) is good."
"213420062",2001,16,"62","Hawai'i","HAW","252","BYU","BYU","55","3","252","BYU","BYU","62","Hawai'i","HAW",72,45,4,"0:00","End Period",0,0,0,0,0,"End of the 4th quarter."
"213420099",2001,16,"99","LSU","LSU","2633","Tennessee","TENN","0","1","2633","Tennessee","TENN","99","LSU","LSU",0,0,1,"15:00","Kickoff Return (Offense)",0,0,10,13,23,"Kickoff returned by Domanick Davis (LSU) for 13 yards."
"213420099",2001,16,"99","LSU","LSU","2633","Tennessee","TENN","1","0","99","LSU","LSU","2633","Tennessee","TENN",0,0,1,"14:50","Pass Incompletion",1,10,23,0,23,"Rohan Davey (LSU) pass incomplete to the right side."
"213420099",2001,16,"99","LSU","LSU","2633","Tennessee","TENN","1","1","99","LSU","LSU","2633","Tennessee","TENN",0,0,1,"14:40","Rush",2,10,23,2,25,"LaBrandon Toefield (LSU) rushed up the middle for 2 yards."
"213420099",2001,16,"99","LSU","LSU","2633","Tennessee","TENN","1","2","99","LSU","LSU","2633","Tennessee","TENN",0,0,1,"14:00","Rush",3,8,25,11,36,"Rohan Davey (LSU) rushed up the middle for 11 yards."
"213420099",2001,16,"99","LSU","LSU","2633","Tennessee","TENN","1","3","99","LSU","LSU","2633","Tennessee","TENN",0,0,1,"13:40","Pass Incompletion",1,10,36,0,36,"Rohan Davey (LSU) pass incomplete to the right side."
"213420099",2001,16,"99","LSU","LSU","2633","Tennessee","TENN","1","4","99","LSU","LSU","2633","Tennessee","TENN",0,0,1,"13:32","Penalty",2,10,36,-5,31,"5 yard penalty on Tigers."
"213420099",2001,16,"99","LSU","LSU","2633","Tennessee","TENN","1","5","99","LSU","LSU","2633","Tennessee","TENN",0,0,1,"13:32","Rush",2,15,31,9,40,"LaBrandon Toefield (LSU) rushed left side for 9 yards."
"213420099",2001,16,"99","LSU","LSU","2633","Tennessee","TENN","1","6","99","LSU","LSU","2633","Tennessee","TENN",0,0,1,"13:02","Pass Incompletion",3,6,40,0,40,"Rohan Davey (LSU) pass incomplete to the right side."
"213420099",2001,16,"99","LSU","LSU","2633","Tennessee","TENN","1","7","99","LSU","LSU","2633","Tennessee","TENN",0,0,1,"12:47","Punt Return",4,6,40,0,92,"Punt by Donnie Jones (LSU) no return by Volunteers."
"213420099",2001,16,"99","LSU","LSU","2633","Tennessee","TENN","2","0","2633","Tennessee","TENN","99","LSU","LSU",0,0,1,"12:36","Pass Incompletion",1,10,92,0,92,"Casey Clausen (TENN) pass incomplete to the right side."
"213420099",2001,16,"99","LSU","LSU","2633","Tennessee","TENN","2","1","2633","Tennessee","TENN","99","LSU","LSU",0,0,1,"12:26","Rush",2,10,92,2,90,"Travis Stephens (TENN) rushed up the middle for 2 yards."
"213420099",2001,16,"99","LSU","LSU","2633","Tennessee","TENN","2","2","2633","Tennessee","TENN","99","LSU","LSU",0,0,1,"11:56","Pass Incompletion",3,8,90,0,90,"Casey Clausen (TENN) pass incomplete to the right side."
"213420099",2001,16,"99","LSU","LSU","2633","Tennessee","TENN","2","3","2633","Tennessee","TENN","99","LSU","LSU",0,0,1,"11:46","Punt Return",4,8,90,7,60,"Punt by Dustin Colquitt (TENN) returned 7 yards by Domanick Davis (LSU) to the Volunteers 40."
"213420099",2001,16,"99","LSU","LSU","2633","Tennessee","TENN","3","0","99","LSU","LSU","2633","Tennessee","TENN",0,0,1,"11:40","Rush",1,10,60,2,61,"Rohan Davey (LSU) rushed right side for 2 yards."
"213420099",2001,16,"99","LSU","LSU","2633","Tennessee","TENN","3","1","99","LSU","LSU","2633","Tennessee","TENN",0,0,1,"11:30","Rush",2,8,61,4,65,"LaBrandon Toefield (LSU) rushed up the middle for 4 yards."
"213420099",2001,16,"99","LSU","LSU","2633","Tennessee","TENN","3","2","99","LSU","LSU","2633","Tennessee","TENN",0,0,1,"10:50","Rush",3,4,65,5,70,"Matt Mauck (LSU) rushed up the middle for 5 yards."
"213420099",2001,16,"99","LSU","LSU","2633","Tennessee","TENN","3","3","99","LSU","LSU","2633","Tennessee","TENN",0,0,1,"10:10","Rush",1,10,70,0,70,"LaBrandon Toefield (LSU) rushed up the middle for no gain."
"213420099",2001,16,"99","LSU","LSU","2633","Tennessee","TENN","3","4","99","LSU","LSU","2633","Tennessee","TENN",0,0,1,"9:40","Penalty",2,10,70,5,75,"5 yard penalty on Volunteers."
"213420099",2001,16,"99","LSU","LSU","2633","Tennessee","TENN","3","5","99","LSU","LSU","2633","Tennessee","TENN",0,0,1,"9:40","Penalty",2,5,75,15,90,"15 yard penalty on Volunteers."
"213420099",2001,16,"99","LSU","LSU","2633","Tennessee","TENN","3","6","99","LSU","LSU","2633","Tennessee","TENN",0,0,1,"9:40","Rush",1,10,90,1,91,"LaBrandon Toefield (LSU) rushed up the middle for 1 yard."
"213420099",2001,16,"99","LSU","LSU","2633","Tennessee","TENN","3","7","99","LSU","LSU","2633","Tennessee","TENN",0,0,1,"8:50","Pass Incompletion",2,9,91,0,91,"Matt Mauck (LSU) pass incomplete across the middle."
"213420099",2001,16,"99","LSU","LSU","2633","Tennessee","TENN","3","8","99","LSU","LSU","2633","Tennessee","TENN",0,0,1,"8:25","Penalty",3,9,91,5,96,"5 yard penalty on Volunteers."
"213420099",2001,16,"99","LSU","LSU","2633","Tennessee","TENN","3","9","99","LSU","LSU","2633","Tennessee","TENN",6,0,1,"8:25","Rush",3,4,96,4,100,"Matt Mauck (LSU) rushed up the middle for a 4 yard touchdown."
"213420099",2001,16,"99","LSU","LSU","2633","Tennessee","TENN","3","10","99","LSU","LSU","2633","Tennessee","TENN",7,0,1,"8:25","",0,0,0,0,0,"Extra point by John Corbello (LSU) is good."
"213420099",2001,16,"99","LSU","LSU","2633","Tennessee","TENN","4","0","99","LSU","LSU","2633","Tennessee","TENN",7,0,1,"8:14","Kickoff Return (Offense)",0,0,40,20,20,"Kickoff returned by Derrick Tinsley (TENN) for 20 yards."
"213420099",2001,16,"99","LSU","LSU","2633","Tennessee","TENN","5","0","2633","Tennessee","TENN","99","LSU","LSU",7,0,1,"8:04","Pass Incompletion",1,10,20,0,72,"Casey Clausen (TENN) pass incomplete to the left side."
"213420099",2001,16,"99","LSU","LSU","2633","Tennessee","TENN","5","1","2633","Tennessee","TENN","99","LSU","LSU",7,0,1,"7:59","Penalty",2,10,72,-5,77,"5 yard penalty on Volunteers."
"213420099",2001,16,"99","LSU","LSU","2633","Tennessee","TENN","5","2","2633","Tennessee","TENN","99","LSU","LSU",7,0,1,"7:39","Pass Completion",2,15,77,15,62,"Casey Clausen (TENN) pass left side complete to Kelley Washington (TENN) for 15 yards."
"213420099",2001,16,"99","LSU","LSU","2633","Tennessee","TENN","5","3","2633","Tennessee","TENN","99","LSU","LSU",7,0,1,"7:19","Pass Completion",1,10,62,11,51,"Casey Clausen (TENN) pass right side complete to Donte' Stallworth (TENN) for 11 yards."
"213420099",2001,16,"99","LSU","LSU","2633","Tennessee","TENN","5","4","2633","Tennessee","TENN","99","LSU","LSU",7,0,1,"6:59","Pass Completion",1,10,51,-4,55,"Casey Clausen (TENN) pass right side complete to Kelley Washington (TENN) for -4 yards."
"213420099",2001,16,"99","LSU","LSU","2633","Tennessee","TENN","5","5","2633","Tennessee","TENN","99","LSU","LSU",7,0,1,"6:09","Pass Completion",2,14,55,4,50,"Casey Clausen (TENN) pass left side complete to Eric Parker (TENN) for 4 yards."
"213420099",2001,16,"99","LSU","LSU","2633","Tennessee","TENN","5","6","2633","Tennessee","TENN","99","LSU","LSU",7,0,1,"5:19","Pass Completion",3,9,50,6,44,"Casey Clausen (TENN) pass left side complete to Jason Witten (TENN) for 6 yards."
"213420099",2001,16,"99","LSU","LSU","2633","Tennessee","TENN","5","7","2633","Tennessee","TENN","99","LSU","LSU",7,0,1,"5:19","Punt Return",4,3,44,0,20,"Punt by Dustin Colquitt (TENN) no return by Tigers."
"213420099",2001,16,"99","LSU","LSU","2633","Tennessee","TENN","6","0","99","LSU","LSU","2633","Tennessee","TENN",7,0,1,"5:09","Rush",1,10,20,2,22,"Domanick Davis (LSU) rushed up the middle for 2 yards."
"213420099",2001,16,"99","LSU","LSU","2633","Tennessee","TENN","6","1","99","LSU","LSU","2633","Tennessee","TENN",7,0,1,"3:59","Pass Incompletion",2,8,22,0,22,"Rohan Davey (LSU) pass incomplete to the left side."
"213420099",2001,16,"99","LSU","LSU","2633","Tennessee","TENN","6","2","99","LSU","LSU","2633","Tennessee","TENN",7,0,1,"3:36","Pass Completion",3,8,22,12,34,"Rohan Davey (LSU) pass right side complete to Josh Reed (LSU) for 12 yards."
"213420099",2001,16,"99","LSU","LSU","2633","Tennessee","TENN","6","3","99","LSU","LSU","2633","Tennessee","TENN",7,0,1,"3:16","Pass Completion",1,10,34,8,42,"Rohan Davey (LSU) pass across the middle complete to Jerel Myers (LSU) for 8 yards."
"213420099",2001,16,"99","LSU","LSU","2633","Tennessee","TENN","6","4","99","LSU","LSU","2633","Tennessee","TENN",7,0,1,"2:36","Pass Completion",2,2,42,5,47,"Rohan Davey (LSU) pass left side complete to Jerel Myers (LSU) for 5 yards."
"213420099",2001,16,"99","LSU","LSU","2633","Tennessee","TENN","6","5","99","LSU","LSU","2633","Tennessee","TENN",7,0,1,"2:06","Pass Incompletion",1,10,47,0,47,"Rohan Davey (LSU) pass incomplete across the middle."
"213420099",2001,16,"99","LSU","LSU","2633","Tennessee","TENN","6","6","99","LSU","LSU","2633","Tennessee","TENN",7,0,1,"1:51","Rush",2,10,47,5,52,"Domanick Davis (LSU) rushed up the middle for 5 yards."
"213420099",2001,16,"99","LSU","LSU","2633","Tennessee","TENN","6","7","99","LSU","LSU","2633","Tennessee","TENN",7,0,1,"1:21","Pass Incompletion",3,5,52,0,52,"Rohan Davey (LSU) pass incomplete to the left side."
"213420099",2001,16,"99","LSU","LSU","2633","Tennessee","TENN","6","8","99","LSU","LSU","2633","Tennessee","TENN",7,0,1,"0:56","Punt Return",4,5,52,0,86,"Punt by Donnie Jones (LSU) no return by Volunteers."
"213420099",2001,16,"99","LSU","LSU","2633","Tennessee","TENN","7","0","2633","Tennessee","TENN","99","LSU","LSU",7,0,1,"0:46","Rush",1,10,86,-1,87,"Travis Stephens (TENN) rushed up the middle for -1 yards."
"213420099",2001,16,"99","LSU","LSU","2633","Tennessee","TENN","7","1","2633","Tennessee","TENN","99","LSU","LSU",7,0,1,"0:46","Penalty",2,11,87,-5,92,"5 yard penalty on Volunteers."
"213420099",2001,16,"99","LSU","LSU","2633","Tennessee","TENN","7","2","2633","Tennessee","TENN","99","LSU","LSU",7,0,1,"0:00","End Period",2,16,92,0,92,"End of the 1st quarter."
"213420099",2001,16,"99","LSU","LSU","2633","Tennessee","TENN","7","3","2633","Tennessee","TENN","99","LSU","LSU",7,0,2,"15:00","",2,16,92,0,92,"Start of the 2nd quarter."
"213420099",2001,16,"99","LSU","LSU","2633","Tennessee","TENN","7","4","2633","Tennessee","TENN","99","LSU","LSU",7,0,2,"15:00","Rush",2,16,92,2,90,"Travis Stephens (TENN) rushed up the middle for 2 yards."
"213420099",2001,16,"99","LSU","LSU","2633","Tennessee","TENN","7","5","2633","Tennessee","TENN","99","LSU","LSU",7,0,2,"14:30","Pass Incompletion",3,14,90,0,90,"Casey Clausen (TENN) pass incomplete to the right side."
"213420099",2001,16,"99","LSU","LSU","2633","Tennessee","TENN","7","6","2633","Tennessee","TENN","99","LSU","LSU",7,0,2,"14:16","Punt Return",4,14,90,22,73,"Punt by Dustin Colquitt (TENN) returned 22 yards by Domanick Davis (LSU) to the Volunteers 27."
"213420099",2001,16,"99","LSU","LSU","2633","Tennessee","TENN","8","0","99","LSU","LSU","2633","Tennessee","TENN",7,0,2,"14:06","Rush",1,10,73,-8,66,"Rohan Davey (LSU) rushed up the middle for -8 yards."
"213420099",2001,16,"99","LSU","LSU","2633","Tennessee","TENN","8","1","99","LSU","LSU","2633","Tennessee","TENN",7,0,2,"13:36","Rush",2,18,66,1,67,"LaBrandon Toefield (LSU) rushed up the middle for 1 yard."
"213420099",2001,16,"99","LSU","LSU","2633","Tennessee","TENN","8","2","99","LSU","LSU","2633","Tennessee","TENN",7,0,2,"13:06","Pass Completion",3,17,67,7,74,"Rohan Davey (LSU) pass across the middle complete to Michael Clayton (LSU) for 7 yards."
"213420099",2001,16,"99","LSU","LSU","2633","Tennessee","TENN","8","3","99","LSU","LSU","2633","Tennessee","TENN",7,0,2,"12:06","",4,10,74,43,73,"43 yard field goal by John Corbello (LSU) is no good."
"213420099",2001,16,"99","LSU","LSU","2633","Tennessee","TENN","9","0","2633","Tennessee","TENN","99","LSU","LSU",7,0,2,"11:49","Rush",1,10,73,3,71,"Travis Stephens (TENN) rushed up the middle for 3 yards."
"213420099",2001,16,"99","LSU","LSU","2633","Tennessee","TENN","9","1","2633","Tennessee","TENN","99","LSU","LSU",7,0,2,"11:49","Rush",2,7,71,6,65,"Travis Stephens (TENN) rushed up the middle for 6 yards."
"213420099",2001,16,"99","LSU","LSU","2633","Tennessee","TENN","9","2","2633","Tennessee","TENN","99","LSU","LSU",7,0,2,"11:09","Rush",3,1,65,3,62,"Travis Stephens (TENN) rushed up the middle for 3 yards."
"213420099",2001,16,"99","LSU","LSU","2633","Tennessee","TENN","9","3","2633","Tennessee","TENN","99","LSU","LSU",7,0,2,"10:29","Rush",1,10,62,3,59,"Travis Stephens (TENN) rushed up the middle for 3 yards."
"213420099",2001,16,"99","LSU","LSU","2633","Tennessee","TENN","9","4","2633","Tennessee","TENN","99","LSU","LSU",7,0,2,"9:49","Pass Completion",2,7,59,27,32,"Casey Clausen (TENN) pass across the middle complete to Jason Witten (TENN) for 27 yards."
"213420099",2001,16,"99","LSU","LSU","2633","Tennessee","TENN","9","5","2633","Tennessee","TENN","99","LSU","LSU",7,6,2,"9:19","Pass Completion",1,10,32,31,0,"Casey Clausen (TENN) pass left side complete to Kelley Washington (TENN) for a 31 yard touchdown."
"213420099",2001,16,"99","LSU","LSU","2633","Tennessee","TENN","9","6","2633","Tennessee","TENN","99","LSU","LSU",7,7,2,"9:19","",0,0,0,0,0,"Extra point by Alex Walls (TENN) is good."
"213420099",2001,16,"99","LSU","LSU","2633","Tennessee","TENN","10","0","2633","Tennessee","TENN","99","LSU","LSU",7,7,2,"9:04","Kickoff Return (Offense)",0,0,20,0,20,"Volunteers kickoff, touchback by Tigers."
"213420099",2001,16,"99","LSU","LSU","2633","Tennessee","TENN","11","0","99","LSU","LSU","2633","Tennessee","TENN",7,7,2,"9:00","Rush",1,10,20,0,20,"LaBrandon Toefield (LSU) rushed up the middle for no gain."
"213420099",2001,16,"99","LSU","LSU","2633","Tennessee","TENN","11","1","99","LSU","LSU","2633","Tennessee","TENN",7,7,2,"8:30","Pass Completion",2,10,20,5,25,"Rohan Davey (LSU) pass across the middle complete to LaBrandon Toefield (LSU) for 5 yards."
"213420099",2001,16,"99","LSU","LSU","2633","Tennessee","TENN","11","2","99","LSU","LSU","2633","Tennessee","TENN",7,7,2,"8:00","Pass Incompletion",3,5,25,0,25,"Rohan Davey (LSU) pass incomplete across the middle."
"213420099",2001,16,"99","LSU","LSU","2633","Tennessee","TENN","11","3","99","LSU","LSU","2633","Tennessee","TENN",7,7,2,"7:50","Punt Return",4,5,25,14,69,"Punt by Donnie Jones (LSU) returned 14 yards by Donte' Stallworth (TENN) to the Volunteers 31."
"213420099",2001,16,"99","LSU","LSU","2633","Tennessee","TENN","12","0","2633","Tennessee","TENN","99","LSU","LSU",7,7,2,"7:22","Pass Completion",1,10,69,9,59,"Casey Clausen (TENN) pass right side complete to Kelley Washington (TENN) for 9 yards."
"213420099",2001,16,"99","LSU","LSU","2633","Tennessee","TENN","12","1","2633","Tennessee","TENN","99","LSU","LSU",7,7,2,"7:12","Rush",2,1,59,9,50,"Travis Stephens (TENN) rushed up the middle for 9 yards."
"213420099",2001,16,"99","LSU","LSU","2633","Tennessee","TENN","12","2","2633","Tennessee","TENN","99","LSU","LSU",7,7,2,"6:52","Pass Completion",1,10,50,47,3,"Casey Clausen (TENN) pass right side complete to Kelley Washington (TENN) for 47 yards."
"213420099",2001,16,"99","LSU","LSU","2633","Tennessee","TENN","12","3","2633","Tennessee","TENN","99","LSU","LSU",7,13,2,"6:42","Pass Completion",1,3,3,3,0,"Casey Clausen (TENN) pass right side complete to Troy Fleming (TENN) for a 3 yard touchdown."
"213420099",2001,16,"99","LSU","LSU","2633","Tennessee","TENN","12","4","2633","Tennessee","TENN","99","LSU","LSU",7,14,2,"6:42","",0,0,0,0,0,"Extra point by Alex Walls (TENN) is good."
"213420099",2001,16,"99","LSU","LSU","2633","Tennessee","TENN","13","0","2633","Tennessee","TENN","99","LSU","LSU",7,14,2,"6:18","Kickoff Return (Offense)",0,0,0,13,13,"Kickoff returned by Domanick Davis (LSU) for 13 yards."
"213420099",2001,16,"99","LSU","LSU","2633","Tennessee","TENN","14","0","99","LSU","LSU","2633","Tennessee","TENN",7,14,2,"6:08","Pass Completion",1,10,13,2,15,"Rohan Davey (LSU) pass left side complete to Devery Henderson (LSU) for 2 yards."
"213420099",2001,16,"99","LSU","LSU","2633","Tennessee","TENN","14","1","99","LSU","LSU","2633","Tennessee","TENN",7,14,2,"6:01","Rush",2,8,15,7,22,"Domanick Davis (LSU) rushed up the middle for 7 yards."
"213420099",2001,16,"99","LSU","LSU","2633","Tennessee","TENN","14","2","99","LSU","LSU","2633","Tennessee","TENN",7,14,2,"6:01","Rush",3,1,22,0,22,"Domanick Davis (LSU) rushed left side for no gain."
"213420099",2001,16,"99","LSU","LSU","2633","Tennessee","TENN","14","3","99","LSU","LSU","2633","Tennessee","TENN",7,14,2,"4:54","Rush",4,1,22,-1,22,"Rohan Davey (LSU) rushed up the middle for -1 yards; turnover on downs."
"213420099",2001,16,"99","LSU","LSU","2633","Tennessee","TENN","14","4","2633","Tennessee","TENN","99","LSU","LSU",7,14,2,"4:54","Penalty",1,10,22,-13,35,"13 yard penalty on Volunteers."
"213420099",2001,16,"99","LSU","LSU","2633","Tennessee","TENN","14","5","2633","Tennessee","TENN","99","LSU","LSU",7,14,2,"4:35","Rush",2,23,35,1,34,"Casey Clausen (TENN) rushed up the middle for 1 yard."
"213420099",2001,16,"99","LSU","LSU","2633","Tennessee","TENN","14","6","2633","Tennessee","TENN","99","LSU","LSU",7,14,2,"4:05","Timeout",3,22,34,0,34,"Television timeout; 04:05 remaining 2nd quarter"
"213420099",2001,16,"99","LSU","LSU","2633","Tennessee","TENN","14","7","2633","Tennessee","TENN","99","LSU","LSU",7,14,2,"4:05","Pass Incompletion",3,22,34,0,34,"Casey Clausen (TENN) pass incomplete across the middle."
"213420099",2001,16,"99","LSU","LSU","2633","Tennessee","TENN","14","8","2633","Tennessee","TENN","99","LSU","LSU",7,17,2,"3:58","",4,22,34,51,34,"51 yard field goal by Alex Walls (TENN) is good."
"213420099",2001,16,"99","LSU","LSU","2633","Tennessee","TENN","15","0","2633","Tennessee","TENN","99","LSU","LSU",7,17,2,"3:52","Kickoff Return (Offense)",1,0,6,15,21,"Kickoff returned by Domanick Davis (LSU) for 15 yards."
"213420099",2001,16,"99","LSU","LSU","2633","Tennessee","TENN","16","0","99","LSU","LSU","2633","Tennessee","TENN",7,17,2,"3:42","Pass Completion",1,10,21,15,36,"Rohan Davey (LSU) pass across the middle complete to Josh Reed (LSU) for 15 yards."
"213420099",2001,16,"99","LSU","LSU","2633","Tennessee","TENN","16","1","99","LSU","LSU","2633","Tennessee","TENN",7,17,2,"3:22","Rush",1,10,36,5,41,"Domanick Davis (LSU) rushed up the middle for 5 yards."
"213420099",2001,16,"99","LSU","LSU","2633","Tennessee","TENN","16","2","99","LSU","LSU","2633","Tennessee","TENN",7,17,2,"2:42","Pass Completion",2,5,41,6,47,"Rohan Davey (LSU) pass across the middle complete to Michael Clayton (LSU) for 6 yards."
"213420099",2001,16,"99","LSU","LSU","2633","Tennessee","TENN","16","3","99","LSU","LSU","2633","Tennessee","TENN",7,17,2,"2:23","Pass Incompletion",1,10,47,0,47,"Rohan Davey (LSU) pass incomplete to the right side."
"213420099",2001,16,"99","LSU","LSU","2633","Tennessee","TENN","16","4","99","LSU","LSU","2633","Tennessee","TENN",7,17,2,"1:58","Pass Incompletion",2,10,47,0,47,"Rohan Davey (LSU) pass incomplete to the left side."
"213420099",2001,16,"99","LSU","LSU","2633","Tennessee","TENN","16","5","99","LSU","LSU","2633","Tennessee","TENN",7,17,2,"1:53","Pass Completion",3,10,47,24,71,"Rohan Davey (LSU) pass left side complete to Josh Reed (LSU) for 24 yards."
"213420099",2001,16,"99","LSU","LSU","2633","Tennessee","TENN","16","6","99","LSU","LSU","2633","Tennessee","TENN",7,17,2,"1:43","Pass Incompletion",1,10,71,0,71,"Rohan Davey (LSU) pass incomplete across the middle."
"213420099",2001,16,"99","LSU","LSU","2633","Tennessee","TENN","16","7","99","LSU","LSU","2633","Tennessee","TENN",7,17,2,"1:31","Pass Incompletion",2,10,71,0,71,"Rohan Davey (LSU) pass incomplete to the right side."
"213420099",2001,16,"99","LSU","LSU","2633","Tennessee","TENN","16","8","99","LSU","LSU","2633","Tennessee","TENN",7,17,2,"1:22","Rush",3,10,71,1,72,"Matt Mauck (LSU) rushed up the middle for 1 yard."
"213420099",2001,16,"99","LSU","LSU","2633","Tennessee","TENN","16","9","99","LSU","LSU","2633","Tennessee","TENN",10,17,2,"0:52","",4,9,72,44,72,"44 yard field goal by John Corbello (LSU) is good."
"213420099",2001,16,"99","LSU","LSU","2633","Tennessee","TENN","17","0","99","LSU","LSU","2633","Tennessee","TENN",10,17,2,"0:29","Kickoff Return (Offense)",1,0,88,29,59,"Kickoff returned by Corey Larkins (TENN) for 29 yards."
"213420099",2001,16,"99","LSU","LSU","2633","Tennessee","TENN","18","0","2633","Tennessee","TENN","99","LSU","LSU",10,17,2,"0:19","Pass Incompletion",1,10,59,0,59,"Casey Clausen (TENN) pass incomplete to the left side."
"213420099",2001,16,"99","LSU","LSU","2633","Tennessee","TENN","18","1","2633","Tennessee","TENN","99","LSU","LSU",10,17,2,"0:16","Penalty",2,10,59,5,54,"5 yard penalty on Tigers."
"213420099",2001,16,"99","LSU","LSU","2633","Tennessee","TENN","18","2","2633","Tennessee","TENN","99","LSU","LSU",10,17,2,"0:09","Pass Completion",2,5,54,9,45,"Casey Clausen (TENN) pass right side complete to Will Bartholomew (TENN) for 9 yards."
"213420099",2001,16,"99","LSU","LSU","2633","Tennessee","TENN","18","3","2633","Tennessee","TENN","99","LSU","LSU",10,17,2,"0:02","Pass Incompletion",1,10,45,0,45,"Casey Clausen (TENN) pass incomplete to the left side."
"213420099",2001,16,"99","LSU","LSU","2633","Tennessee","TENN","18","4","2633","Tennessee","TENN","99","LSU","LSU",10,17,2,"0:00","End Period",2,10,45,0,45,"End of the 2nd quarter."
"213420099",2001,16,"99","LSU","LSU","2633","Tennessee","TENN","19","1","99","LSU","LSU","2633","Tennessee","TENN",10,17,3,"15:00","Kickoff Return (Offense)",0,0,89,6,83,"Kickoff returned by Leonard Scott (TENN) for 6 yards."
"213420099",2001,16,"99","LSU","LSU","2633","Tennessee","TENN","20","0","2633","Tennessee","TENN","99","LSU","LSU",10,17,3,"14:50","Rush",1,10,83,1,82,"Travis Stephens (TENN) rushed up the middle for 1 yard."
"213420099",2001,16,"99","LSU","LSU","2633","Tennessee","TENN","20","1","2633","Tennessee","TENN","99","LSU","LSU",10,17,3,"14:20","Rush",2,9,82,0,82,"Travis Stephens (TENN) rushed left side for no gain."
"213420099",2001,16,"99","LSU","LSU","2633","Tennessee","TENN","20","2","2633","Tennessee","TENN","99","LSU","LSU",10,17,3,"14:07","Pass Completion",3,9,82,2,80,"Casey Clausen (TENN) pass right side complete to Travis Stephens (TENN) for 2 yards."
"213420099",2001,16,"99","LSU","LSU","2633","Tennessee","TENN","20","3","2633","Tennessee","TENN","99","LSU","LSU",10,17,3,"14:07","Punt Return",4,7,80,0,43,"Punt by Dustin Colquitt (TENN) no return by Tigers."
"213420099",2001,16,"99","LSU","LSU","2633","Tennessee","TENN","21","0","99","LSU","LSU","2633","Tennessee","TENN",10,17,3,"13:57","Pass Completion",1,10,43,20,63,"Matt Mauck (LSU) pass right side complete to Michael Clayton (LSU) for 20 yards."
"213420099",2001,16,"99","LSU","LSU","2633","Tennessee","TENN","21","1","99","LSU","LSU","2633","Tennessee","TENN",10,17,3,"13:07","Pass Incompletion",1,10,63,0,63,"Matt Mauck (LSU) pass incomplete across the middle."
"213420099",2001,16,"99","LSU","LSU","2633","Tennessee","TENN","21","2","99","LSU","LSU","2633","Tennessee","TENN",10,17,3,"12:52","Rush",2,10,63,8,71,"Matt Mauck (LSU) rushed up the middle for 8 yards."
"213420099",2001,16,"99","LSU","LSU","2633","Tennessee","TENN","21","3","99","LSU","LSU","2633","Tennessee","TENN",10,17,3,"12:22","Pass Incompletion",3,2,71,0,71,"Matt Mauck (LSU) pass incomplete across the middle."
"213420099",2001,16,"99","LSU","LSU","2633","Tennessee","TENN","21","4","99","LSU","LSU","2633","Tennessee","TENN",13,17,3,"11:58","",4,2,71,47,71,"47 yard field goal by John Corbello (LSU) is good."
"213420099",2001,16,"99","LSU","LSU","2633","Tennessee","TENN","22","0","99","LSU","LSU","2633","Tennessee","TENN",13,17,3,"11:51","Kickoff Return (Offense)",1,0,80,0,80,"Tigers kickoff, touchback by Volunteers."
"213420099",2001,16,"99","LSU","LSU","2633","Tennessee","TENN","23","0","2633","Tennessee","TENN","99","LSU","LSU",13,17,3,"11:46","Rush",1,10,80,-2,82,"Casey Clausen (TENN) rushed left side for -2 yards."
"213420099",2001,16,"99","LSU","LSU","2633","Tennessee","TENN","23","1","2633","Tennessee","TENN","99","LSU","LSU",13,17,3,"11:16","Pass Completion",2,12,82,19,63,"Casey Clausen (TENN) pass across the middle complete to Kelley Washington (TENN) for 19 yards."
"213420099",2001,16,"99","LSU","LSU","2633","Tennessee","TENN","23","2","2633","Tennessee","TENN","99","LSU","LSU",13,17,3,"10:46","Pass Completion",1,10,63,5,58,"Casey Clausen (TENN) pass left side complete to Travis Stephens (TENN) for 5 yards."
"213420099",2001,16,"99","LSU","LSU","2633","Tennessee","TENN","23","3","2633","Tennessee","TENN","99","LSU","LSU",13,17,3,"10:16","Rush",2,5,58,2,56,"Travis Stephens (TENN) rushed up the middle for 2 yards."
"213420099",2001,16,"99","LSU","LSU","2633","Tennessee","TENN","23","4","2633","Tennessee","TENN","99","LSU","LSU",13,17,3,"9:46","Pass Completion",3,3,56,9,47,"Casey Clausen (TENN) pass right side complete to Donte' Stallworth (TENN) for 9 yards."
"213420099",2001,16,"99","LSU","LSU","2633","Tennessee","TENN","23","5","2633","Tennessee","TENN","99","LSU","LSU",13,17,3,"9:46","Rush",1,10,47,4,43,"Travis Stephens (TENN) rushed up the middle for 4 yards."
"213420099",2001,16,"99","LSU","LSU","2633","Tennessee","TENN","23","6","2633","Tennessee","TENN","99","LSU","LSU",13,17,3,"9:06","Pass Completion",2,6,43,4,39,"Casey Clausen (TENN) pass left side complete to Donte' Stallworth (TENN) for 4 yards."
"213420099",2001,16,"99","LSU","LSU","2633","Tennessee","TENN","23","7","2633","Tennessee","TENN","99","LSU","LSU",13,17,3,"7:56","Rush",3,2,39,1,38,"Travis Stephens (TENN) rushed up the middle for 1 yard."
"213420099",2001,16,"99","LSU","LSU","2633","Tennessee","TENN","23","8","2633","Tennessee","TENN","99","LSU","LSU",13,17,3,"7:26","Pass Incompletion",4,1,38,0,38,"Casey Clausen (TENN) pass incomplete to the right side.; turnover on downs."
"213420099",2001,16,"99","LSU","LSU","2633","Tennessee","TENN","24","0","99","LSU","LSU","2633","Tennessee","TENN",13,17,3,"7:16","Pass Incompletion",1,10,38,0,39,"Matt Mauck (LSU) pass incomplete across the middle."
"213420099",2001,16,"99","LSU","LSU","2633","Tennessee","TENN","24","1","99","LSU","LSU","2633","Tennessee","TENN",13,17,3,"6:45","Pass Completion",2,10,39,9,48,"Matt Mauck (LSU) pass across the middle complete to Robert Royal (LSU) for 9 yards."
"213420099",2001,16,"99","LSU","LSU","2633","Tennessee","TENN","24","2","99","LSU","LSU","2633","Tennessee","TENN",13,17,3,"6:15","Rush",3,1,48,3,51,"Domanick Davis (LSU) rushed up the middle for 3 yards."
"213420099",2001,16,"99","LSU","LSU","2633","Tennessee","TENN","24","3","99","LSU","LSU","2633","Tennessee","TENN",13,17,3,"6:15","Rush",1,10,51,14,65,"Domanick Davis (LSU) rushed up the middle for 14 yards."
"213420099",2001,16,"99","LSU","LSU","2633","Tennessee","TENN","24","4","99","LSU","LSU","2633","Tennessee","TENN",13,17,3,"6:15","Pass Incompletion",1,10,65,0,65,"Matt Mauck (LSU) pass incomplete to the left side."
"213420099",2001,16,"99","LSU","LSU","2633","Tennessee","TENN","24","5","99","LSU","LSU","2633","Tennessee","TENN",13,17,3,"6:15","Rush",2,10,65,9,74,"Matt Mauck (LSU) rushed up the middle for 9 yards."
"213420099",2001,16,"99","LSU","LSU","2633","Tennessee","TENN","24","6","99","LSU","LSU","2633","Tennessee","TENN",13,17,3,"5:15","Rush",3,1,74,1,75,"Domanick Davis (LSU) rushed up the middle for 1 yard."
"213420099",2001,16,"99","LSU","LSU","2633","Tennessee","TENN","24","7","99","LSU","LSU","2633","Tennessee","TENN",13,17,3,"4:05","Pass Incompletion",1,10,75,0,75,"Matt Mauck (LSU) pass incomplete to the right side."
"213420099",2001,16,"99","LSU","LSU","2633","Tennessee","TENN","24","8","99","LSU","LSU","2633","Tennessee","TENN",13,17,3,"3:55","Rush",2,10,75,-3,72,"Matt Mauck (LSU) rushed up the middle for -3 yards."
"213420099",2001,16,"99","LSU","LSU","2633","Tennessee","TENN","24","9","99","LSU","LSU","2633","Tennessee","TENN",13,17,3,"3:15","Pass Incompletion",3,13,72,0,72,"Matt Mauck (LSU) pass incomplete across the middle."
"213420099",2001,16,"99","LSU","LSU","2633","Tennessee","TENN","24","10","99","LSU","LSU","2633","Tennessee","TENN",16,17,3,"3:05","",4,13,72,45,72,"45 yard field goal by John Corbello (LSU) is good."
"213420099",2001,16,"99","LSU","LSU","2633","Tennessee","TENN","25","0","99","LSU","LSU","2633","Tennessee","TENN",16,17,3,"2:45","Kickoff Return (Offense)",1,0,91,16,75,"Kickoff returned by Derrick Tinsley (TENN) for 16 yards."
"213420099",2001,16,"99","LSU","LSU","2633","Tennessee","TENN","26","0","2633","Tennessee","TENN","99","LSU","LSU",16,17,3,"2:34","Pass Completion",1,10,75,13,62,"Casey Clausen (TENN) pass across the middle complete to Bobby Graham (TENN) for 13 yards."
"213420099",2001,16,"99","LSU","LSU","2633","Tennessee","TENN","26","1","2633","Tennessee","TENN","99","LSU","LSU",16,17,3,"2:24","Pass Completion",1,10,62,8,54,"Casey Clausen (TENN) pass left side complete to Will Bartholomew (TENN) for 8 yards."
"213420099",2001,16,"99","LSU","LSU","2633","Tennessee","TENN","26","2","2633","Tennessee","TENN","99","LSU","LSU",16,17,3,"2:04","Rush",2,2,54,1,53,"Travis Stephens (TENN) rushed up the middle for 1 yard."
"213420099",2001,16,"99","LSU","LSU","2633","Tennessee","TENN","26","3","2633","Tennessee","TENN","99","LSU","LSU",16,17,3,"2:04","Fumble Recovery (Opponent)",3,1,53,9,61,"Volunteers fumble by Travis Stephens (TENN), recovered by Damien James (LSU), 9 yard return."
"213420099",2001,16,"99","LSU","LSU","2633","Tennessee","TENN","27","0","99","LSU","LSU","2633","Tennessee","TENN",16,17,3,"2:04","Rush",1,10,61,12,73,"Domanick Davis (LSU) rushed up the middle for 12 yards."
"213420099",2001,16,"99","LSU","LSU","2633","Tennessee","TENN","27","1","99","LSU","LSU","2633","Tennessee","TENN",16,17,3,"1:14","Rush",1,10,73,-3,70,"Domanick Davis (LSU) rushed up the middle for -3 yards."
"213420099",2001,16,"99","LSU","LSU","2633","Tennessee","TENN","27","2","99","LSU","LSU","2633","Tennessee","TENN",16,17,3,"0:44","Pass Completion",2,13,70,8,78,"Matt Mauck (LSU) pass right side complete to Robert Royal (LSU) for 8 yards."
"213420099",2001,16,"99","LSU","LSU","2633","Tennessee","TENN","27","3","99","LSU","LSU","2633","Tennessee","TENN",16,17,3,"0:00","End Period",3,5,78,0,78,"End of the 3rd quarter."
"213420099",2001,16,"99","LSU","LSU","2633","Tennessee","TENN","27","4","99","LSU","LSU","2633","Tennessee","TENN",16,17,4,"15:00","",3,5,78,0,78,"Start of the 4th quarter."
"213420099",2001,16,"99","LSU","LSU","2633","Tennessee","TENN","27","5","99","LSU","LSU","2633","Tennessee","TENN",16,17,4,"15:00","Pass Completion",3,5,78,9,87,"Matt Mauck (LSU) pass left side complete to Josh Reed (LSU) for 9 yards."
"213420099",2001,16,"99","LSU","LSU","2633","Tennessee","TENN","27","6","99","LSU","LSU","2633","Tennessee","TENN",22,17,4,"14:20","Rush",1,10,87,13,100,"Matt Mauck (LSU) rushed up the middle for a 13 yard touchdown."
"213420099",2001,16,"99","LSU","LSU","2633","Tennessee","TENN","27","7","99","LSU","LSU","2633","Tennessee","TENN",24,17,4,"14:20","Two Point Pass",1,0,100,0,100,"2 point pass from Matt Mauck (LSU) to Josh Reed (LSU) is good."
"213420099",2001,16,"99","LSU","LSU","2633","Tennessee","TENN","28","0","99","LSU","LSU","2633","Tennessee","TENN",24,17,4,"14:20","Kickoff Return (Offense)",1,0,83,10,73,"Kickoff returned by Derrick Tinsley (TENN) for 10 yards."
"213420099",2001,16,"99","LSU","LSU","2633","Tennessee","TENN","29","0","2633","Tennessee","TENN","99","LSU","LSU",24,17,4,"14:10","Rush",1,10,73,3,69,"Casey Clausen (TENN) rushed up the middle for 3 yards."
"213420099",2001,16,"99","LSU","LSU","2633","Tennessee","TENN","29","1","2633","Tennessee","TENN","99","LSU","LSU",24,17,4,"14:10","Pass Completion",2,7,69,1,68,"Casey Clausen (TENN) pass right side complete to Donte' Stallworth (TENN) for 1 yard."
"213420099",2001,16,"99","LSU","LSU","2633","Tennessee","TENN","29","2","2633","Tennessee","TENN","99","LSU","LSU",24,17,4,"12:50","Pass Completion",3,6,68,17,51,"Casey Clausen (TENN) pass across the middle complete to Kelley Washington (TENN) for 17 yards."
"213420099",2001,16,"99","LSU","LSU","2633","Tennessee","TENN","29","3","2633","Tennessee","TENN","99","LSU","LSU",24,17,4,"12:30","Penalty",1,10,51,-5,56,"5 yard penalty on Volunteers."
"213420099",2001,16,"99","LSU","LSU","2633","Tennessee","TENN","29","4","2633","Tennessee","TENN","99","LSU","LSU",24,17,4,"12:13","Pass Completion",1,15,56,6,50,"Casey Clausen (TENN) pass right side complete to Jason Witten (TENN) for 6 yards."
"213420099",2001,16,"99","LSU","LSU","2633","Tennessee","TENN","29","5","2633","Tennessee","TENN","99","LSU","LSU",24,17,4,"11:19","Pass Incompletion",2,9,50,0,50,"Casey Clausen (TENN) pass incomplete to the right side."
"213420099",2001,16,"99","LSU","LSU","2633","Tennessee","TENN","29","6","2633","Tennessee","TENN","99","LSU","LSU",24,17,4,"11:04","Pass Completion",3,9,50,17,33,"Casey Clausen (TENN) pass across the middle complete to Donte' Stallworth (TENN) for 17 yards."
"213420099",2001,16,"99","LSU","LSU","2633","Tennessee","TENN","29","7","2633","Tennessee","TENN","99","LSU","LSU",24,17,4,"10:44","Pass Completion",1,10,33,17,16,"Casey Clausen (TENN) pass left side complete to Donte' Stallworth (TENN) for 17 yards."
"213420099",2001,16,"99","LSU","LSU","2633","Tennessee","TENN","29","8","2633","Tennessee","TENN","99","LSU","LSU",24,17,4,"10:21","Penalty",1,10,16,12,4,"12 yard penalty on Tigers."
"213420099",2001,16,"99","LSU","LSU","2633","Tennessee","TENN","29","9","2633","Tennessee","TENN","99","LSU","LSU",24,17,4,"10:15","Pass Incompletion",1,4,4,0,4,"Casey Clausen (TENN) pass incomplete to the left side."
"213420099",2001,16,"99","LSU","LSU","2633","Tennessee","TENN","29","10","2633","Tennessee","TENN","99","LSU","LSU",24,17,4,"10:09","Pass Incompletion",2,4,4,0,4,"Casey Clausen (TENN) pass incomplete across the middle."
"213420099",2001,16,"99","LSU","LSU","2633","Tennessee","TENN","29","11","2633","Tennessee","TENN","99","LSU","LSU",24,17,4,"10:04","Pass Incompletion",3,4,4,0,4,"Casey Clausen (TENN) pass incomplete to the left side."
"213420099",2001,16,"99","LSU","LSU","2633","Tennessee","TENN","29","12","2633","Tennessee","TENN","99","LSU","LSU",24,20,4,"9:59","",4,4,4,21,4,"21 yard field goal by Alex Walls (TENN) is good."
"213420099",2001,16,"99","LSU","LSU","2633","Tennessee","TENN","30","0","2633","Tennessee","TENN","99","LSU","LSU",24,20,4,"9:55","Kickoff Return (Offense)",1,0,20,0,20,"Volunteers kickoff, touchback by Tigers."
"213420099",2001,16,"99","LSU","LSU","2633","Tennessee","TENN","31","0","99","LSU","LSU","2633","Tennessee","TENN",24,20,4,"9:45","Pass Incompletion",1,10,20,0,20,"Matt Mauck (LSU) pass incomplete to the right side."
"213420099",2001,16,"99","LSU","LSU","2633","Tennessee","TENN","31","1","99","LSU","LSU","2633","Tennessee","TENN",24,20,4,"9:42","Penalty",2,10,20,-5,15,"5 yard penalty on Tigers."
"213420099",2001,16,"99","LSU","LSU","2633","Tennessee","TENN","31","2","99","LSU","LSU","2633","Tennessee","TENN",24,20,4,"9:42","Rush",2,15,15,4,19,"Matt Mauck (LSU) rushed up the middle for 4 yards."
"213420099",2001,16,"99","LSU","LSU","2633","Tennessee","TENN","31","3","99","LSU","LSU","2633","Tennessee","TENN",24,20,4,"9:12","Pass Incompletion",3,11,19,0,19,"Matt Mauck (LSU) pass incomplete to the right side."
"213420099",2001,16,"99","LSU","LSU","2633","Tennessee","TENN","31","4","99","LSU","LSU","2633","Tennessee","TENN",24,20,4,"8:48","Punt Return",4,11,19,2,52,"Punt by Donnie Jones (LSU) returned 2 yards by Eric Parker (TENN) to the Volunteers 48."
"213420099",2001,16,"99","LSU","LSU","2633","Tennessee","TENN","32","0","2633","Tennessee","TENN","99","LSU","LSU",24,20,4,"8:38","Pass Completion",1,10,52,17,35,"Casey Clausen (TENN) pass across the middle complete to Donte' Stallworth (TENN) for 17 yards."
"213420099",2001,16,"99","LSU","LSU","2633","Tennessee","TENN","32","1","2633","Tennessee","TENN","99","LSU","LSU",24,20,4,"8:38","Fumble Recovery (Opponent)",1,10,35,0,35,"Volunteers fumble by Donte' Stallworth (TENN), recovered by Ryan Clark (LSU), returned for no gain."
"213420099",2001,16,"99","LSU","LSU","2633","Tennessee","TENN","33","0","99","LSU","LSU","2633","Tennessee","TENN",24,20,4,"8:28","Rush",1,10,35,4,39,"Matt Mauck (LSU) rushed up the middle for 4 yards."
"213420099",2001,16,"99","LSU","LSU","2633","Tennessee","TENN","33","1","99","LSU","LSU","2633","Tennessee","TENN",24,20,4,"7:58","Rush",2,6,39,13,52,"Domanick Davis (LSU) rushed up the middle for 13 yards."
"213420099",2001,16,"99","LSU","LSU","2633","Tennessee","TENN","33","2","99","LSU","LSU","2633","Tennessee","TENN",24,20,4,"7:28","Penalty",1,10,52,-5,47,"5 yard penalty on Tigers."
"213420099",2001,16,"99","LSU","LSU","2633","Tennessee","TENN","33","3","99","LSU","LSU","2633","Tennessee","TENN",24,20,4,"7:13","Pass Incompletion",1,15,47,0,47,"Matt Mauck (LSU) pass incomplete to the right side."
"213420099",2001,16,"99","LSU","LSU","2633","Tennessee","TENN","33","4","99","LSU","LSU","2633","Tennessee","TENN",24,20,4,"6:58","Rush",2,15,47,8,55,"Domanick Davis (LSU) rushed up the middle for 8 yards."
"213420099",2001,16,"99","LSU","LSU","2633","Tennessee","TENN","33","5","99","LSU","LSU","2633","Tennessee","TENN",24,20,4,"6:28","Pass Completion",3,7,55,22,77,"Matt Mauck (LSU) pass across the middle complete to Michael Clayton (LSU) for 22 yards."
"213420099",2001,16,"99","LSU","LSU","2633","Tennessee","TENN","33","6","99","LSU","LSU","2633","Tennessee","TENN",24,20,4,"6:08","Rush",1,10,77,-5,72,"Matt Mauck (LSU) rushed up the middle for -5 yards."
"213420099",2001,16,"99","LSU","LSU","2633","Tennessee","TENN","33","7","99","LSU","LSU","2633","Tennessee","TENN",24,20,4,"5:08","Penalty",2,15,72,15,87,"15 yard penalty on Volunteers."
"213420099",2001,16,"99","LSU","LSU","2633","Tennessee","TENN","33","8","99","LSU","LSU","2633","Tennessee","TENN",24,20,4,"4:58","Rush",1,10,87,9,96,"Domanick Davis (LSU) rushed up the middle for 9 yards."
"213420099",2001,16,"99","LSU","LSU","2633","Tennessee","TENN","33","9","99","LSU","LSU","2633","Tennessee","TENN",24,20,4,"4:28","Rush",2,1,96,2,98,"Matt Mauck (LSU) rushed up the middle for 2 yards."
"213420099",2001,16,"99","LSU","LSU","2633","Tennessee","TENN","33","10","99","LSU","LSU","2633","Tennessee","TENN",24,20,4,"3:58","Rush",1,2,98,1,99,"Domanick Davis (LSU) rushed up the middle for 1 yard."
"213420099",2001,16,"99","LSU","LSU","2633","Tennessee","TENN","33","11","99","LSU","LSU","2633","Tennessee","TENN",24,20,4,"3:38","Rush",2,1,99,0,99,"Domanick Davis (LSU) rushed up the middle for no gain."
"213420099",2001,16,"99","LSU","LSU","2633","Tennessee","TENN","33","12","99","LSU","LSU","2633","Tennessee","TENN",24,20,4,"3:18","Rush",3,1,99,0,99,"Matt Mauck (LSU) rushed up the middle for no gain."
"213420099",2001,16,"99","LSU","LSU","2633","Tennessee","TENN","33","13","99","LSU","LSU","2633","Tennessee","TENN",30,20,4,"2:48","Rush",4,1,99,1,100,"Domanick Davis (LSU) rushed up the middle for a 1 yard touchdown."
"213420099",2001,16,"99","LSU","LSU","2633","Tennessee","TENN","33","14","99","LSU","LSU","2633","Tennessee","TENN",31,20,4,"2:48","",0,0,0,0,0,"Extra point by John Corbello (LSU) is good."
"213420099",2001,16,"99","LSU","LSU","2633","Tennessee","TENN","34","0","99","LSU","LSU","2633","Tennessee","TENN",31,20,4,"2:26","Kickoff Return (Offense)",0,0,100,14,86,"Kickoff returned by Leonard Scott (TENN) for 14 yards."
"213420099",2001,16,"99","LSU","LSU","2633","Tennessee","TENN","35","0","2633","Tennessee","TENN","99","LSU","LSU",31,20,4,"2:16","Pass Completion",1,10,86,5,81,"Casey Clausen (TENN) pass left side complete to Eric Parker (TENN) for 5 yards."
"213420099",2001,16,"99","LSU","LSU","2633","Tennessee","TENN","35","1","2633","Tennessee","TENN","99","LSU","LSU",31,20,4,"1:56","Pass Completion",2,5,81,10,71,"Casey Clausen (TENN) pass across the middle complete to Bobby Graham (TENN) for 10 yards."
"213420099",2001,16,"99","LSU","LSU","2633","Tennessee","TENN","35","2","2633","Tennessee","TENN","99","LSU","LSU",31,20,4,"1:46","Pass Completion",1,10,71,14,57,"Casey Clausen (TENN) pass across the middle complete to Donte' Stallworth (TENN) for 14 yards."
"213420099",2001,16,"99","LSU","LSU","2633","Tennessee","TENN","35","3","2633","Tennessee","TENN","99","LSU","LSU",31,20,4,"1:26","Pass Incompletion",1,10,57,0,57,"Casey Clausen (TENN) pass incomplete to the left side."
"213420099",2001,16,"99","LSU","LSU","2633","Tennessee","TENN","35","4","2633","Tennessee","TENN","99","LSU","LSU",31,20,4,"1:26","Pass Incompletion",2,10,57,0,57,"Casey Clausen (TENN) pass incomplete to the right side."
"213420099",2001,16,"99","LSU","LSU","2633","Tennessee","TENN","35","5","2633","Tennessee","TENN","99","LSU","LSU",31,20,4,"1:18","Penalty",3,10,57,-5,62,"5 yard penalty on Volunteers."
"213420099",2001,16,"99","LSU","LSU","2633","Tennessee","TENN","35","6","2633","Tennessee","TENN","99","LSU","LSU",31,20,4,"1:18","Pass Incompletion",3,15,62,0,62,"Casey Clausen (TENN) pass incomplete to the right side."
"213420099",2001,16,"99","LSU","LSU","2633","Tennessee","TENN","35","7","2633","Tennessee","TENN","99","LSU","LSU",31,20,4,"1:13","Penalty",4,15,62,-5,67,"5 yard penalty on Volunteers."
"213420099",2001,16,"99","LSU","LSU","2633","Tennessee","TENN","35","8","2633","Tennessee","TENN","99","LSU","LSU",31,20,4,"1:11","Pass Completion",4,20,67,17,67,"Casey Clausen (TENN) pass right side complete to Donte' Stallworth (TENN) for 17 yards; turnover on downs."
"213420099",2001,16,"99","LSU","LSU","2633","Tennessee","TENN","36","0","99","LSU","LSU","2633","Tennessee","TENN",31,20,4,"1:01","Rush",1,3,67,-6,44,"Matt Mauck (LSU) rushed up the middle for -6 yards."
"213420099",2001,16,"99","LSU","LSU","2633","Tennessee","TENN","36","1","99","LSU","LSU","2633","Tennessee","TENN",31,20,4,"1:01","Timeout",2,16,44,0,44,"Television timeout; 00:52 remaining 4th quarter"
"213420099",2001,16,"99","LSU","LSU","2633","Tennessee","TENN","36","2","99","LSU","LSU","2633","Tennessee","TENN",31,20,4,"0:52","Rush",2,16,44,-3,41,"Matt Mauck (LSU) rushed up the middle for -3 yards."
"213420099",2001,16,"99","LSU","LSU","2633","Tennessee","TENN","36","3","99","LSU","LSU","2633","Tennessee","TENN",31,20,4,"0:52","Rush",3,19,41,-2,39,"Matt Mauck (LSU) rushed up the middle for -2 yards."
"213420099",2001,16,"99","LSU","LSU","2633","Tennessee","TENN","36","4","99","LSU","LSU","2633","Tennessee","TENN",31,20,4,"0:00","End Period",4,21,39,0,39,"End of the 4th quarter."