"gameId","year","week","homeId","homeTeam","homeAbbr","awayId","awayTeam","awayAbbr","driveIndex","playIndex","offenseId","offenseTeam","offenseAbbr","defenseId","defenseTeam","defenseAbbr","homeScore","awayScore","quarter","clock","type","down","distance","yardLine","yardsGained","endYardLine","description"
"323430349",2012,15,"349","Army","ARMY","2426","Navy","NAVY","0","0","349","Army","ARMY","2426","Navy","NAVY",0,0,1,"14:30","Rush",1,10,23,5,28,"Larry Dixon rush for 5 yards to the Army 28."
"323430349",2012,15,"349","Army","ARMY","2426","Navy","NAVY","0","1","349","Army","ARMY","2426","Navy","NAVY",0,0,1,"14:15","Rush",2,5,28,22,50,"Raymond Maples rush for 22 yards to the 50 yard line for a 1ST down."
"323430349",2012,15,"349","Army","ARMY","2426","Navy","NAVY","0","2","349","Army","ARMY","2426","Navy","NAVY",0,0,1,"14:00","Rush",1,10,50,4,54,"Larry Dixon rush for 4 yards to the Navy 46."
"323430349",2012,15,"349","Army","ARMY","2426","Navy","NAVY","0","3","349","Army","ARMY","2426","Navy","NAVY",0,0,1,"13:40","Rush",2,6,54,9,63,"Raymond Maples rush for 9 yards to the Navy 37 for a 1ST down."
"323430349",2012,15,"349","Army","ARMY","2426","Navy","NAVY","0","4","349","Army","ARMY","2426","Navy","NAVY",0,0,1,"13:20","Rush",1,10,63,3,66,"Raymond Maples rush for 3 yards to the Navy 34."
"323430349",2012,15,"349","Army","ARMY","2426","Navy","NAVY","0","5","349","Army","ARMY","2426","Navy","NAVY",0,0,1,"13:00","Rush",2,7,66,0,66,"Larry Dixon rush for no gain to the Navy 34."
"323430349",2012,15,"349","Army","ARMY","2426","Navy","NAVY","0","6","349","Army","ARMY","2426","Navy","NAVY",0,0,1,"12:50","Rush",3,7,66,2,68,"Larry Dixon rush for 2 yards to the Navy 32."
"323430349",2012,15,"349","Army","ARMY","2426","Navy","NAVY","0","7","349","Army","ARMY","2426","Navy","NAVY",0,0,1,"11:53","Rush",4,5,68,4,72,"Trent Steelman rush for 4 yards to the Navy 28."
"323430349",2012,15,"349","Army","ARMY","2426","Navy","NAVY","1","0","2426","Navy","NAVY","349","Army","ARMY",0,0,1,"11:30","Rush",1,10,72,4,68,"Keenan Reynolds rush for 4 yards to the Navy 32."
"323430349",2012,15,"349","Army","ARMY","2426","Navy","NAVY","1","1","2426","Navy","NAVY","349","Army","ARMY",0,0,1,"11:30","Pass Completion",2,6,68,7,61,"Keenan Reynolds pass complete to Gee Gee Greene for 7 yards to the Navy 39 for a 1ST down."
"323430349",2012,15,"349","Army","ARMY","2426","Navy","NAVY","1","2","2426","Navy","NAVY","349","Army","ARMY",0,0,1,"11:30","Penalty",1,10,61,0,56,"ARMY penalty 5 yard Offside accepted."
"323430349",2012,15,"349","Army","ARMY","2426","Navy","NAVY","1","3","2426","Navy","NAVY","349","Army","ARMY",0,0,1,"11:00","Rush",1,5,56,4,52,"Noah Copeland rush for 4 yards to the Navy 48."
"323430349",2012,15,"349","Army","ARMY","2426","Navy","NAVY","1","4","2426","Navy","NAVY","349","Army","ARMY",0,0,1,"10:50","Rush",2,1,52,2,50,"Keenan Reynolds rush for 2 yards to the 50 yard line for a 1ST down."
"323430349",2012,15,"349","Army","ARMY","2426","Navy","NAVY","1","5","2426","Navy","NAVY","349","Army","ARMY",0,0,1,"10:50","Penalty",1,10,50,0,45,"ARMY penalty 5 yard Offside accepted."
"323430349",2012,15,"349","Army","ARMY","2426","Navy","NAVY","1","6","2426","Navy","NAVY","349","Army","ARMY",0,0,1,"10:00","Rush",1,5,45,4,41,"Noah Copeland rush for 4 yards to the Army 41."
"323430349",2012,15,"349","Army","ARMY","2426","Navy","NAVY","1","7","2426","Navy","NAVY","349","Army","ARMY",0,0,1,"9:50","Rush",2,1,41,2,39,"Keenan Reynolds rush for 2 yards to the Army 39 for a 1ST down."
"323430349",2012,15,"349","Army","ARMY","2426","Navy","NAVY","1","8","2426","Navy","NAVY","349","Army","ARMY",0,0,1,"9:50","Pass Incompletion",1,10,39,0,39,"Keenan Reynolds pass incomplete."
"323430349",2012,15,"349","Army","ARMY","2426","Navy","NAVY","1","9","2426","Navy","NAVY","349","Army","ARMY",0,0,1,"9:50","Rush",2,10,39,3,36,"Gee Gee Greene rush for 3 yards to the Army 36."
"323430349",2012,15,"349","Army","ARMY","2426","Navy","NAVY","1","10","2426","Navy","NAVY","349","Army","ARMY",0,0,1,"9:50","Penalty",3,7,36,0,41,"NAVY penalty 5 yard False Start accepted."
"323430349",2012,15,"349","Army","ARMY","2426","Navy","NAVY","1","11","2426","Navy","NAVY","349","Army","ARMY",0,0,1,"8:00","Sack",3,12,41,0,46,"Keenan Reynolds sacked by Geoffery Bacon for a loss of 5 yards to the Army 46."
"323430349",2012,15,"349","Army","ARMY","2426","Navy","NAVY","1","12","2426","Navy","NAVY","349","Army","ARMY",0,0,1,"6:04","Punt",4,17,46,0,1,"Pablo Beltran punt for 45 yards, downed at the Army 1."
"323430349",2012,15,"349","Army","ARMY","2426","Navy","NAVY","2","0","349","Army","ARMY","2426","Navy","NAVY",0,0,1,"5:55","Rush",1,10,1,4,5,"Larry Dixon rush for 4 yards to the Army 5."
"323430349",2012,15,"349","Army","ARMY","2426","Navy","NAVY","2","1","349","Army","ARMY","2426","Navy","NAVY",0,0,1,"5:00","Rush",2,6,5,3,8,"Malcolm Brown rush for 3 yards to the Army 8."
"323430349",2012,15,"349","Army","ARMY","2426","Navy","NAVY","2","2","349","Army","ARMY","2426","Navy","NAVY",0,0,1,"5:00","Rush",3,3,8,4,19,"Raymond Maples rush for 4 yards, fumbled at the Army 19 for a 1ST down."
"323430349",2012,15,"349","Army","ARMY","2426","Navy","NAVY","2","3","349","Army","ARMY","2426","Navy","NAVY",0,0,1,"4:55","Rush",1,10,19,1,20,"Raymond Maples rush for 1 yard to the Army 20."
"323430349",2012,15,"349","Army","ARMY","2426","Navy","NAVY","2","4","349","Army","ARMY","2426","Navy","NAVY",0,0,1,"4:00","Rush",2,9,20,5,25,"Larry Dixon rush for 5 yards to the Army 25."
"323430349",2012,15,"349","Army","ARMY","2426","Navy","NAVY","2","5","349","Army","ARMY","2426","Navy","NAVY",0,0,1,"3:36","Rush",3,4,25,3,28,"Larry Dixon rush for 3 yards to the Army 28."
"323430349",2012,15,"349","Army","ARMY","2426","Navy","NAVY","2","6","349","Army","ARMY","2426","Navy","NAVY",0,0,1,"3:29","Timeout",4,1,28,0,28,"Timeout ARMY, clock 3:29."
"323430349",2012,15,"349","Army","ARMY","2426","Navy","NAVY","2","7","349","Army","ARMY","2426","Navy","NAVY",0,0,1,"3:21","Punt",4,1,28,0,65,"Chris Boldt punt for 37 yards, fair catch by Shawn Lynch at the Navy 35."
"323430349",2012,15,"349","Army","ARMY","2426","Navy","NAVY","3","0","2426","Navy","NAVY","349","Army","ARMY",0,0,1,"3:00","Rush",1,10,65,6,59,"Noah Copeland rush for 6 yards to the Navy 41."
"323430349",2012,15,"349","Army","ARMY","2426","Navy","NAVY","3","1","2426","Navy","NAVY","349","Army","ARMY",0,0,1,"3:00","Rush",2,4,59,-1,60,"Keenan Reynolds rush for a loss of 1 yard to the Navy 40."
"323430349",2012,15,"349","Army","ARMY","2426","Navy","NAVY","3","2","2426","Navy","NAVY","349","Army","ARMY",0,0,1,"2:55","Rush",3,5,60,1,59,"Noah Copeland rush for 1 yard to the Navy 41."
"323430349",2012,15,"349","Army","ARMY","2426","Navy","NAVY","3","3","2426","Navy","NAVY","349","Army","ARMY",0,0,1,"1:34","Punt",4,4,59,0,22,"Pablo Beltran punt for 37 yards, fair catch by Josh Jackson at the Army 22."
"323430349",2012,15,"349","Army","ARMY","2426","Navy","NAVY","4","0","349","Army","ARMY","2426","Navy","NAVY",0,0,1,"1:34","Rush",1,10,22,10,32,"Trent Steelman rush for 10 yards to the Army 32 for a 1ST down."
"323430349",2012,15,"349","Army","ARMY","2426","Navy","NAVY","4","1","349","Army","ARMY","2426","Navy","NAVY",0,0,1,"1:34","Rush",1,10,32,3,35,"Larry Dixon rush for 3 yards to the Army 35."
"323430349",2012,15,"349","Army","ARMY","2426","Navy","NAVY","4","2","349","Army","ARMY","2426","Navy","NAVY",0,0,1,"1:00","Rush",2,7,35,15,50,"Malcolm Brown rush for 15 yards to the 50 yard line for a 1ST down."
"323430349",2012,15,"349","Army","ARMY","2426","Navy","NAVY","4","3","349","Army","ARMY","2426","Navy","NAVY",0,0,1,"1:00","Rush",1,10,50,4,54,"Raymond Maples rush for 4 yards to the Navy 46."
"323430349",2012,15,"349","Army","ARMY","2426","Navy","NAVY","4","4","349","Army","ARMY","2426","Navy","NAVY",0,0,1,"0:00","Rush",2,6,54,7,61,"Raymond Maples rush for 7 yards to the Navy 39 for a 1ST down."
"323430349",2012,15,"349","Army","ARMY","2426","Navy","NAVY","4","5","349","Army","ARMY","2426","Navy","NAVY",0,0,2,"15:00","Rush",1,10,61,-1,62,"Trent Steelman rush for a loss of 1 yard, fumbled at the Navy 38."
"323430349",2012,15,"349","Army","ARMY","2426","Navy","NAVY","4","6","349","Army","ARMY","2426","Navy","NAVY",0,0,2,"14:23","Pass Completion",2,9,62,6,66,"Trent Steelman pass complete to Raymond Maples for 6 yards, fumbled at the Navy 34."
"323430349",2012,15,"349","Army","ARMY","2426","Navy","NAVY","5","0","2426","Navy","NAVY","349","Army","ARMY",0,0,2,"13:50","Rush",1,10,66,2,64,"Keenan Reynolds rush for 2 yards to the Navy 36."
"323430349",2012,15,"349","Army","ARMY","2426","Navy","NAVY","5","1","2426","Navy","NAVY","349","Army","ARMY",0,0,2,"13:00","Pass Completion",2,8,64,19,45,"Keenan Reynolds pass complete to Shawn Lynch for 19 yards to the Army 45 for a 1ST down."
"323430349",2012,15,"349","Army","ARMY","2426","Navy","NAVY","5","2","2426","Navy","NAVY","349","Army","ARMY",0,0,2,"12:45","Rush",1,10,45,3,42,"Noah Copeland rush for 3 yards to the Army 42."
"323430349",2012,15,"349","Army","ARMY","2426","Navy","NAVY","5","3","2426","Navy","NAVY","349","Army","ARMY",0,0,2,"12:20","Rush",2,7,42,8,34,"Noah Copeland rush for 8 yards to the Army 34 for a 1ST down."
"323430349",2012,15,"349","Army","ARMY","2426","Navy","NAVY","5","4","2426","Navy","NAVY","349","Army","ARMY",0,0,2,"12:00","Rush",1,10,34,3,31,"Noah Copeland rush for 3 yards to the Army 31."
"323430349",2012,15,"349","Army","ARMY","2426","Navy","NAVY","5","5","2426","Navy","NAVY","349","Army","ARMY",0,0,2,"11:00","Rush",2,7,31,2,29,"Gee Gee Greene rush for 2 yards to the Army 29."
"323430349",2012,15,"349","Army","ARMY","2426","Navy","NAVY","5","6","2426","Navy","NAVY","349","Army","ARMY",0,0,2,"10:23","Pass Completion",3,5,29,5,24,"Keenan Reynolds pass complete to Matt Aiken for 5 yards to the Army 24 for a 1ST down."
"323430349",2012,15,"349","Army","ARMY","2426","Navy","NAVY","5","7","2426","Navy","NAVY","349","Army","ARMY",0,0,2,"10:00","Rush",1,10,24,12,12,"Noah Copeland rush for 12 yards to the Army 12 for a 1ST down."
"323430349",2012,15,"349","Army","ARMY","2426","Navy","NAVY","5","8","2426","Navy","NAVY","349","Army","ARMY",0,7,2,"9:27","Rush",1,10,12,12,0,"Noah Copeland rush for 12 yards for a TOUCHDOWN."
"323430349",2012,15,"349","Army","ARMY","2426","Navy","NAVY","5","9","2426","Navy","NAVY","349","Army","ARMY",0,7,2,"9:27","Extra Point Good",-1,-1,3,0,3,"Nick Sloan extra point GOOD."
"323430349",2012,15,"349","Army","ARMY","2426","Navy","NAVY","5","10","2426","Navy","NAVY","349","Army","ARMY",0,7,2,"9:27","Kickoff",-1,-1,65,19,25,"Colin Amerau kickoff for 59 yards returned by Julian Crockett for 19 yards to the Army 25."
"323430349",2012,15,"349","Army","ARMY","2426","Navy","NAVY","6","0","349","Army","ARMY","2426","Navy","NAVY",0,7,2,"9:00","Rush",1,10,25,20,45,"Trent Steelman rush for 20 yards to the Army 45 for a 1ST down."
"323430349",2012,15,"349","Army","ARMY","2426","Navy","NAVY","6","1","349","Army","ARMY","2426","Navy","NAVY",0,7,2,"8:45","Rush",1,10,45,11,56,"Raymond Maples rush for 11 yards to the Navy 44 for a 1ST down."
"323430349",2012,15,"349","Army","ARMY","2426","Navy","NAVY","6","2","349","Army","ARMY","2426","Navy","NAVY",0,7,2,"8:35","Rush",1,10,56,5,61,"Larry Dixon rush for 5 yards to the Navy 39."
"323430349",2012,15,"349","Army","ARMY","2426","Navy","NAVY","6","3","349","Army","ARMY","2426","Navy","NAVY",0,7,2,"8:35","Rush",2,5,61,1,62,"Raymond Maples rush for 1 yard to the Navy 38."
"323430349",2012,15,"349","Army","ARMY","2426","Navy","NAVY","6","4","349","Army","ARMY","2426","Navy","NAVY",0,7,2,"8:00","Rush",3,4,62,7,69,"Raymond Maples rush for 7 yards to the Navy 31 for a 1ST down."
"323430349",2012,15,"349","Army","ARMY","2426","Navy","NAVY","6","5","349","Army","ARMY","2426","Navy","NAVY",0,7,2,"7:30","Rush",1,10,69,2,71,"Larry Dixon rush for 2 yards to the Navy 29."
"323430349",2012,15,"349","Army","ARMY","2426","Navy","NAVY","6","6","349","Army","ARMY","2426","Navy","NAVY",0,7,2,"7:00","Rush",2,8,71,14,85,"Malcolm Brown rush for 14 yards to the Navy 15 for a 1ST down."
"323430349",2012,15,"349","Army","ARMY","2426","Navy","NAVY","6","7","349","Army","ARMY","2426","Navy","NAVY",0,7,2,"6:30","Rush",1,10,85,4,89,"Raymond Maples rush for 4 yards to the Navy 11."
"323430349",2012,15,"349","Army","ARMY","2426","Navy","NAVY","6","8","349","Army","ARMY","2426","Navy","NAVY",7,7,2,"6:20","Rush",2,6,89,11,100,"Trent Steelman rush for 11 yards for a TOUCHDOWN."
"323430349",2012,15,"349","Army","ARMY","2426","Navy","NAVY","6","9","349","Army","ARMY","2426","Navy","NAVY",7,7,2,"6:20","Extra Point Good",-1,-1,97,0,97,"Eric Osteen extra point GOOD."
"323430349",2012,15,"349","Army","ARMY","2426","Navy","NAVY","6","10","349","Army","ARMY","2426","Navy","NAVY",7,7,2,"6:20","Kickoff",-1,-1,35,21,79,"Eric Osteen kickoff for 65 yards returned by Ryan Williams-Jenkins for 21 yards to the Navy 21."
"323430349",2012,15,"349","Army","ARMY","2426","Navy","NAVY","7","0","2426","Navy","NAVY","349","Army","ARMY",7,7,2,"5:55","Pass Completion",1,10,79,9,70,"Keenan Reynolds pass complete to Gee Gee Greene for 9 yards to the Navy 30."
"323430349",2012,15,"349","Army","ARMY","2426","Navy","NAVY","7","1","2426","Navy","NAVY","349","Army","ARMY",7,7,2,"5:25","Rush",2,1,70,3,67,"Noah Copeland rush for 3 yards to the Navy 33 for a 1ST down."
"323430349",2012,15,"349","Army","ARMY","2426","Navy","NAVY","7","2","2426","Navy","NAVY","349","Army","ARMY",7,7,2,"5:00","Rush",1,10,67,8,59,"Noah Copeland rush for 8 yards to the Navy 41."
"323430349",2012,15,"349","Army","ARMY","2426","Navy","NAVY","7","3","2426","Navy","NAVY","349","Army","ARMY",7,7,2,"4:55","Rush",2,2,59,0,59,"Keenan Reynolds rush for no gain to the Navy 41."
"323430349",2012,15,"349","Army","ARMY","2426","Navy","NAVY","7","4","2426","Navy","NAVY","349","Army","ARMY",7,7,2,"4:20","Rush",3,2,59,6,53,"Chris Swain rush for 6 yards to the Navy 47 for a 1ST down."
"323430349",2012,15,"349","Army","ARMY","2426","Navy","NAVY","7","5","2426","Navy","NAVY","349","Army","ARMY",7,7,2,"3:20","Rush",1,10,53,3,50,"Noah Copeland rush for 3 yards to the 50 yard line."
"323430349",2012,15,"349","Army","ARMY","2426","Navy","NAVY","7","6","2426","Navy","NAVY","349","Army","ARMY",7,7,2,"2:35","Rush",2,7,50,5,45,"Noah Copeland rush for 5 yards to the Army 45."
"323430349",2012,15,"349","Army","ARMY","2426","Navy","NAVY","7","7","2426","Navy","NAVY","349","Army","ARMY",7,7,2,"2:06","Rush",3,2,45,3,42,"Noah Copeland rush for 3 yards to the Army 42 for a 1ST down."
"323430349",2012,15,"349","Army","ARMY","2426","Navy","NAVY","7","8","2426","Navy","NAVY","349","Army","ARMY",7,7,2,"1:40","Rush",1,10,42,6,36,"Gee Gee Greene rush for 6 yards to the Army 36."
"323430349",2012,15,"349","Army","ARMY","2426","Navy","NAVY","7","9","2426","Navy","NAVY","349","Army","ARMY",7,7,2,"1:35","Timeout",2,4,36,0,36,"Timeout NAVY, clock 1:35."
"323430349",2012,15,"349","Army","ARMY","2426","Navy","NAVY","7","10","2426","Navy","NAVY","349","Army","ARMY",7,7,2,"1:27","Pass Incompletion",2,4,36,0,36,"Keenan Reynolds pass incomplete to Gee Gee Greene."
"323430349",2012,15,"349","Army","ARMY","2426","Navy","NAVY","7","11","2426","Navy","NAVY","349","Army","ARMY",7,7,2,"1:19","Pass Completion",3,4,36,16,20,"Keenan Reynolds pass complete to Bo Snelson for 16 yards to the Army 20 for a 1ST down."
"323430349",2012,15,"349","Army","ARMY","2426","Navy","NAVY","7","12","2426","Navy","NAVY","349","Army","ARMY",7,7,2,"1:11","Rush",1,10,20,6,14,"Noah Copeland rush for 6 yards to the Army 14."
"323430349",2012,15,"349","Army","ARMY","2426","Navy","NAVY","7","13","2426","Navy","NAVY","349","Army","ARMY",7,7,2,"1:00","Rush",2,4,14,0,14,"Keenan Reynolds rush for no gain to the Army 14."
"323430349",2012,15,"349","Army","ARMY","2426","Navy","NAVY","7","14","2426","Navy","NAVY","349","Army","ARMY",7,7,2,"0:29","Pass Incompletion",3,4,14,0,14,"Keenan Reynolds pass incomplete."
"323430349",2012,15,"349","Army","ARMY","2426","Navy","NAVY","7","15","2426","Navy","NAVY","349","Army","ARMY",7,10,2,"0:25","Field Goal Good",4,4,14,31,14,"Nick Sloan 31 yard field goal GOOD."
"323430349",2012,15,"349","Army","ARMY","2426","Navy","NAVY","7","16","2426","Navy","NAVY","349","Army","ARMY",7,10,2,"0:25","Kickoff",-1,-1,65,18,41,"Colin Amerau kickoff for 57 yards returned by Julian Crockett for 18 yards to the Army 41, NAVY penalty 15 yard Personal Foul accepted."
"323430349",2012,15,"349","Army","ARMY","2426","Navy","NAVY","8","0","349","Army","ARMY","2426","Navy","NAVY",7,10,2,"0:13","Rush",1,10,41,11,52,"Trent Steelman rush for 11 yards to the Navy 48 for a 1ST down."
"323430349",2012,15,"349","Army","ARMY","2426","Navy","NAVY","8","1","349","Army","ARMY","2426","Navy","NAVY",7,10,2,"0:13","Timeout",1,10,52,0,52,"Timeout ARMY, clock 00:13."
"323430349",2012,15,"349","Army","ARMY","2426","Navy","NAVY","8","2","349","Army","ARMY","2426","Navy","NAVY",7,10,2,"0:07","Pass Completion",1,10,52,19,71,"Trent Steelman pass complete to Chevaughn Lawrence for 19 yards to the Navy 29 for a 1ST down."
"323430349",2012,15,"349","Army","ARMY","2426","Navy","NAVY","8","3","349","Army","ARMY","2426","Navy","NAVY",7,10,2,"0:03","Rush",1,10,71,5,76,"Trent Steelman rush for 5 yards to the Navy 24."
"323430349",2012,15,"349","Army","ARMY","2426","Navy","NAVY","8","4","349","Army","ARMY","2426","Navy","NAVY",7,10,2,"0:03","Timeout",2,5,76,0,76,"Timeout ARMY, clock 00:03."
"323430349",2012,15,"349","Army","ARMY","2426","Navy","NAVY","8","5","349","Army","ARMY","2426","Navy","NAVY",7,10,2,"0:03","Timeout",2,5,76,0,76,"Timeout NAVY, clock 00:03."
"323430349",2012,15,"349","Army","ARMY","2426","Navy","NAVY","8","6","349","Army","ARMY","2426","Navy","NAVY",7,10,2,"0:03","Timeout",2,5,76,0,76,"Timeout NAVY, clock 00:03."
"323430349",2012,15,"349","Army","ARMY","2426","Navy","NAVY","8","7","349","Army","ARMY","2426","Navy","NAVY",10,10,2,"0:00","Field Goal Good",2,5,76,41,76,"Eric Osteen 41 yard field goal GOOD."
"323430349",2012,15,"349","Army","ARMY","2426","Navy","NAVY","8","8","349","Army","ARMY","2426","Navy","NAVY",10,10,3,"15:00","Kickoff",-1,-1,35,0,75,"Eric Osteen kickoff for 65 yards for a touchback."
"323430349",2012,15,"349","Army","ARMY","2426","Navy","NAVY","9","0","2426","Navy","NAVY","349","Army","ARMY",10,10,3,"14:45","Rush",1,10,75,1,74,"Noah Copeland rush for 1 yard to the Navy 26."
"323430349",2012,15,"349","Army","ARMY","2426","Navy","NAVY","9","1","2426","Navy","NAVY","349","Army","ARMY",10,10,3,"14:00","Pass Completion",2,9,74,7,67,"Keenan Reynolds pass complete to Gee Gee Greene for 7 yards to the Navy 33."
"323430349",2012,15,"349","Army","ARMY","2426","Navy","NAVY","9","2","2426","Navy","NAVY","349","Army","ARMY",10,10,3,"13:45","Rush",3,2,67,0,71,"Keenan Reynolds rush for no gain, fumbled at the Navy 29."
"323430349",2012,15,"349","Army","ARMY","2426","Navy","NAVY","9","3","2426","Navy","NAVY","349","Army","ARMY",10,10,3,"12:53","Punt",4,6,71,3,46,"Pablo Beltran punt for 32 yards, returned by Josh Jackson for 3 yards, fumbled at the Army 46."
"323430349",2012,15,"349","Army","ARMY","2426","Navy","NAVY","10","0","2426","Navy","NAVY","349","Army","ARMY",10,10,3,"12:43","Rush",1,10,46,5,41,"Noah Copeland rush for 5 yards to the Army 41."
"323430349",2012,15,"349","Army","ARMY","2426","Navy","NAVY","10","1","2426","Navy","NAVY","349","Army","ARMY",10,10,3,"12:04","Timeout",2,5,41,0,41,"Timeout NAVY, clock 12:04."
"323430349",2012,15,"349","Army","ARMY","2426","Navy","NAVY","10","2","2426","Navy","NAVY","349","Army","ARMY",10,10,3,"11:55","Rush",2,5,41,0,41,"Noah Copeland rush for no gain to the Army 41."
"323430349",2012,15,"349","Army","ARMY","2426","Navy","NAVY","10","3","2426","Navy","NAVY","349","Army","ARMY",10,10,3,"11:20","Pass Incompletion",3,5,41,0,41,"Keenan Reynolds pass incomplete to Casey Bolena."
"323430349",2012,15,"349","Army","ARMY","2426","Navy","NAVY","10","4","2426","Navy","NAVY","349","Army","ARMY",10,10,3,"11:20","Penalty",4,5,41,0,46,"NAVY penalty 5 yard Delay of Game accepted."
"323430349",2012,15,"349","Army","ARMY","2426","Navy","NAVY","10","5","2426","Navy","NAVY","349","Army","ARMY",10,10,3,"11:08","Punt",4,10,46,0,10,"Pablo Beltran punt for 36 yards, downed at the Army 10."
"323430349",2012,15,"349","Army","ARMY","2426","Navy","NAVY","11","0","349","Army","ARMY","2426","Navy","NAVY",10,10,3,"10:45","Rush",1,10,10,8,18,"Raymond Maples rush for 8 yards to the Army 18."
"323430349",2012,15,"349","Army","ARMY","2426","Navy","NAVY","11","1","349","Army","ARMY","2426","Navy","NAVY",10,10,3,"10:25","Rush",2,2,18,4,22,"Larry Dixon rush for 4 yards to the Army 22 for a 1ST down."
"323430349",2012,15,"349","Army","ARMY","2426","Navy","NAVY","11","2","349","Army","ARMY","2426","Navy","NAVY",10,10,3,"10:25","Rush",1,10,22,15,37,"Raymond Maples rush for 15 yards to the Army 37 for a 1ST down."
"323430349",2012,15,"349","Army","ARMY","2426","Navy","NAVY","11","3","349","Army","ARMY","2426","Navy","NAVY",10,10,3,"10:00","Rush",1,10,37,3,40,"Trent Steelman rush for 3 yards to the Army 40."
"323430349",2012,15,"349","Army","ARMY","2426","Navy","NAVY","11","4","349","Army","ARMY","2426","Navy","NAVY",10,10,3,"10:00","Rush",2,7,40,1,41,"Malcolm Brown rush for 1 yard to the Army 41."
"323430349",2012,15,"349","Army","ARMY","2426","Navy","NAVY","11","5","349","Army","ARMY","2426","Navy","NAVY",10,10,3,"8:30","Sack",3,6,41,0,33,"Trent Steelman sacked by Keegan Wetzel for a loss of 8 yards to the Army 33."
"323430349",2012,15,"349","Army","ARMY","2426","Navy","NAVY","11","6","349","Army","ARMY","2426","Navy","NAVY",10,10,3,"8:18","Punt",4,14,33,0,66,"Chris Boldt punt for 33 yards, fair catch by Shawn Lynch at the Navy 34."
"323430349",2012,15,"349","Army","ARMY","2426","Navy","NAVY","12","0","2426","Navy","NAVY","349","Army","ARMY",10,10,3,"8:00","Rush",1,10,66,6,60,"Geoffrey Whiteside rush for 6 yards to the Navy 40."
"323430349",2012,15,"349","Army","ARMY","2426","Navy","NAVY","12","1","2426","Navy","NAVY","349","Army","ARMY",10,10,3,"7:43","Rush",2,4,60,2,63,"Keenan Reynolds rush for 2 yards, fumbled at the Navy 37."
"323430349",2012,15,"349","Army","ARMY","2426","Navy","NAVY","13","0","349","Army","ARMY","2426","Navy","NAVY",10,10,3,"7:36","Rush",1,10,63,3,66,"Raymond Maples rush for 3 yards to the Navy 34."
"323430349",2012,15,"349","Army","ARMY","2426","Navy","NAVY","13","1","349","Army","ARMY","2426","Navy","NAVY",10,10,3,"7:05","Rush",2,7,66,3,69,"Raymond Maples rush for 3 yards to the Navy 31."
"323430349",2012,15,"349","Army","ARMY","2426","Navy","NAVY","13","2","349","Army","ARMY","2426","Navy","NAVY",10,10,3,"6:40","Rush",3,4,69,8,77,"Trent Steelman rush for 8 yards to the Navy 23 for a 1ST down."
"323430349",2012,15,"349","Army","ARMY","2426","Navy","NAVY","13","3","349","Army","ARMY","2426","Navy","NAVY",10,10,3,"6:00","Rush",1,10,77,3,80,"Trent Steelman rush for 3 yards to the Navy 20."
"323430349",2012,15,"349","Army","ARMY","2426","Navy","NAVY","13","4","349","Army","ARMY","2426","Navy","NAVY",10,10,3,"5:45","Rush",2,7,80,4,84,"Larry Dixon rush for 4 yards to the Navy 16."
"323430349",2012,15,"349","Army","ARMY","2426","Navy","NAVY","13","5","349","Army","ARMY","2426","Navy","NAVY",10,10,3,"5:36","Rush",3,3,84,5,89,"Trent Steelman rush for 5 yards to the Navy 11 for a 1ST down."
"323430349",2012,15,"349","Army","ARMY","2426","Navy","NAVY","13","6","349","Army","ARMY","2426","Navy","NAVY",10,10,3,"5:00","Rush",1,10,89,8,97,"Raymond Maples rush for 8 yards to the Navy 3."
"323430349",2012,15,"349","Army","ARMY","2426","Navy","NAVY","13","7","349","Army","ARMY","2426","Navy","NAVY",10,10,3,"4:30","Rush",2,2,97,1,98,"Trent Steelman rush for 1 yard to the Navy 2."
"323430349",2012,15,"349","Army","ARMY","2426","Navy","NAVY","13","8","349","Army","ARMY","2426","Navy","NAVY",10,10,3,"4:00","Rush",3,1,98,-2,96,"Raymond Maples rush for a loss of 2 yards to the Navy 4."
"323430349",2012,15,"349","Army","ARMY","2426","Navy","NAVY","13","9","349","Army","ARMY","2426","Navy","NAVY",13,10,3,"3:36","Field Goal Good",4,3,96,21,96,"Eric Osteen 21 yard field goal GOOD."
"323430349",2012,15,"349","Army","ARMY","2426","Navy","NAVY","13","10","349","Army","ARMY","2426","Navy","NAVY",13,10,3,"3:36","Kickoff",-1,-1,35,0,75,"Eric Osteen kickoff for 65 yards for a touchback."
"323430349",2012,15,"349","Army","ARMY","2426","Navy","NAVY","14","0","2426","Navy","NAVY","349","Army","ARMY",13,10,3,"3:18","Rush",1,10,75,10,65,"Keenan Reynolds rush for 10 yards to the Navy 35 for a 1ST down."
"323430349",2012,15,"349","Army","ARMY","2426","Navy","NAVY","14","1","2426","Navy","NAVY","349","Army","ARMY",13,10,3,"3:00","Rush",1,10,65,3,62,"Noah Copeland rush for 3 yards to the Navy 38."
"323430349",2012,15,"349","Army","ARMY","2426","Navy","NAVY","14","2","2426","Navy","NAVY","349","Army","ARMY",13,10,3,"2:40","Rush",2,7,62,3,59,"Keenan Reynolds rush for 3 yards to the Navy 41."
"323430349",2012,15,"349","Army","ARMY","2426","Navy","NAVY","14","3","2426","Navy","NAVY","349","Army","ARMY",13,10,3,"2:20","Rush",3,4,59,3,56,"Gee Gee Greene rush for 3 yards to the Navy 44."
"323430349",2012,15,"349","Army","ARMY","2426","Navy","NAVY","14","4","2426","Navy","NAVY","349","Army","ARMY",13,10,3,"1:22","Penalty",4,1,56,0,61,"NAVY penalty 5 yard False Start accepted."
"323430349",2012,15,"349","Army","ARMY","2426","Navy","NAVY","14","5","2426","Navy","NAVY","349","Army","ARMY",13,10,3,"1:02","Punt",4,6,61,7,32,"Pablo Beltran punt for 36 yards, returned by Josh Jackson for 7 yards to the Army 32."
"323430349",2012,15,"349","Army","ARMY","2426","Navy","NAVY","15","0","349","Army","ARMY","2426","Navy","NAVY",13,10,3,"0:50","Rush",1,10,32,4,36,"Raymond Maples rush for 4 yards to the Army 36."
"323430349",2012,15,"349","Army","ARMY","2426","Navy","NAVY","15","1","349","Army","ARMY","2426","Navy","NAVY",13,10,3,"0:40","Rush",2,6,36,1,37,"Raymond Maples rush for 1 yard to the Army 37."
"323430349",2012,15,"349","Army","ARMY","2426","Navy","NAVY","15","2","349","Army","ARMY","2426","Navy","NAVY",13,10,3,"0:10","Pass Incompletion",3,5,37,0,37,"Trent Steelman pass incomplete."
"323430349",2012,15,"349","Army","ARMY","2426","Navy","NAVY","15","3","349","Army","ARMY","2426","Navy","NAVY",13,10,3,"0:02","Punt",4,5,37,0,77,"Chris Boldt punt for 40 yards, punt out-of-bounds at the Navy 23."
"323430349",2012,15,"349","Army","ARMY","2426","Navy","NAVY","16","0","2426","Navy","NAVY","349","Army","ARMY",13,10,3,"0:00","Rush",1,10,77,2,75,"Noah Copeland rush for 2 yards to the Navy 25."
"323430349",2012,15,"349","Army","ARMY","2426","Navy","NAVY","16","1","2426","Navy","NAVY","349","Army","ARMY",13,17,4,"14:30","Rush",2,8,75,4,71,"Noah Copeland rush for 4 yards to the Navy 29."
"323430349",2012,15,"349","Army","ARMY","2426","Navy","NAVY","16","2","2426","Navy","NAVY","349","Army","ARMY",13,17,4,"14:00","Pass Completion",3,4,71,7,64,"Keenan Reynolds pass complete to Matt Aiken for 7 yards to the Navy 36 for a 1ST down."
"323430349",2012,15,"349","Army","ARMY","2426","Navy","NAVY","16","3","2426","Navy","NAVY","349","Army","ARMY",13,17,4,"13:50","Rush",1,10,64,11,53,"Keenan Reynolds rush for 11 yards to the Navy 47 for a 1ST down."
"323430349",2012,15,"349","Army","ARMY","2426","Navy","NAVY","16","4","2426","Navy","NAVY","349","Army","ARMY",13,17,4,"13:24","Pass Completion",1,10,53,1,52,"Keenan Reynolds pass complete to Geoffrey Whiteside for 1 yard to the Navy 48."
"323430349",2012,15,"349","Army","ARMY","2426","Navy","NAVY","16","5","2426","Navy","NAVY","349","Army","ARMY",13,17,4,"12:45","Rush",2,9,52,3,49,"Geoffrey Whiteside rush for 3 yards to the Army 49."
"323430349",2012,15,"349","Army","ARMY","2426","Navy","NAVY","16","6","2426","Navy","NAVY","349","Army","ARMY",13,17,4,"12:13","Pass Incompletion",3,6,49,0,49,"Keenan Reynolds pass incomplete to Noah Copeland."
"323430349",2012,15,"349","Army","ARMY","2426","Navy","NAVY","16","7","2426","Navy","NAVY","349","Army","ARMY",13,17,4,"12:05","Punt",4,6,49,0,14,"Pablo Beltran punt for 35 yards, fair catch by Josh Jackson at the Army 14."
"323430349",2012,15,"349","Army","ARMY","2426","Navy","NAVY","17","0","349","Army","ARMY","2426","Navy","NAVY",13,17,4,"11:45","Rush",1,10,14,3,17,"Larry Dixon rush for 3 yards to the Army 17."
"323430349",2012,15,"349","Army","ARMY","2426","Navy","NAVY","17","1","349","Army","ARMY","2426","Navy","NAVY",13,17,4,"11:21","Rush",2,7,17,6,38,"Trent Steelman rush for 6 yards to the Army 38, NAVY penalty 15 yard Face Mask accepted for a 1ST down."
"323430349",2012,15,"349","Army","ARMY","2426","Navy","NAVY","17","2","349","Army","ARMY","2426","Navy","NAVY",13,17,4,"11:21","Timeout",1,10,38,0,38,"Timeout ARMY, clock 11:21."
"323430349",2012,15,"349","Army","ARMY","2426","Navy","NAVY","17","3","349","Army","ARMY","2426","Navy","NAVY",13,17,4,"11:11","Rush",1,10,38,3,41,"Raymond Maples rush for 3 yards to the Army 41."
"323430349",2012,15,"349","Army","ARMY","2426","Navy","NAVY","17","4","349","Army","ARMY","2426","Navy","NAVY",13,17,4,"11:11","Rush",2,7,41,12,53,"Malcolm Brown rush for 12 yards to the Navy 47 for a 1ST down."
"323430349",2012,15,"349","Army","ARMY","2426","Navy","NAVY","17","5","349","Army","ARMY","2426","Navy","NAVY",13,17,4,"10:13","Rush",1,10,53,12,65,"Raymond Maples rush for 12 yards to the Navy 35 for a 1ST down."
"323430349",2012,15,"349","Army","ARMY","2426","Navy","NAVY","17","6","349","Army","ARMY","2426","Navy","NAVY",13,17,4,"9:45","Rush",1,10,65,5,70,"Malcolm Brown rush for 5 yards to the Navy 30."
"323430349",2012,15,"349","Army","ARMY","2426","Navy","NAVY","17","7","349","Army","ARMY","2426","Navy","NAVY",13,17,4,"9:15","Rush",2,5,70,6,76,"Raymond Maples rush for 6 yards to the Navy 24 for a 1ST down."
"323430349",2012,15,"349","Army","ARMY","2426","Navy","NAVY","17","8","349","Army","ARMY","2426","Navy","NAVY",13,17,4,"8:30","Rush",1,10,76,1,77,"Raymond Maples rush for 1 yard to the Navy 23."
"323430349",2012,15,"349","Army","ARMY","2426","Navy","NAVY","17","9","349","Army","ARMY","2426","Navy","NAVY",13,17,4,"8:15","Rush",2,9,77,2,79,"Trent Steelman rush for 2 yards to the Navy 21."
"323430349",2012,15,"349","Army","ARMY","2426","Navy","NAVY","17","10","349","Army","ARMY","2426","Navy","NAVY",13,17,4,"8:00","Rush",3,7,79,2,81,"Raymond Maples rush for 2 yards to the Navy 19."
"323430349",2012,15,"349","Army","ARMY","2426","Navy","NAVY","17","11","349","Army","ARMY","2426","Navy","NAVY",13,17,4,"6:57","Field Goal Missed",4,5,81,37,80,"Eric Osteen 37 yard field goal MISSED."
"323430349",2012,15,"349","Army","ARMY","2426","Navy","NAVY","18","0","2426","Navy","NAVY","349","Army","ARMY",13,17,4,"6:30","Rush",1,10,80,2,78,"Noah Copeland rush for 2 yards to the Navy 22."
"323430349",2012,15,"349","Army","ARMY","2426","Navy","NAVY","18","1","2426","Navy","NAVY","349","Army","ARMY",13,17,4,"6:25","Pass Incompletion",2,8,78,0,78,"Keenan Reynolds pass incomplete to Bo Snelson."
"323430349",2012,15,"349","Army","ARMY","2426","Navy","NAVY","18","2","2426","Navy","NAVY","349","Army","ARMY",13,17,4,"6:00","Pass Completion",3,8,78,10,68,"Keenan Reynolds pass complete to Geoffrey Whiteside for 10 yards to the Navy 32 for a 1ST down."
"323430349",2012,15,"349","Army","ARMY","2426","Navy","NAVY","18","3","2426","Navy","NAVY","349","Army","ARMY",13,17,4,"5:45","Pass Incompletion",1,10,68,0,68,"Keenan Reynolds pass incomplete."
"323430349",2012,15,"349","Army","ARMY","2426","Navy","NAVY","18","4","2426","Navy","NAVY","349","Army","ARMY",13,17,4,"5:23","Rush",2,10,68,11,57,"Keenan Reynolds rush for 11 yards to the Navy 43 for a 1ST down."
"323430349",2012,15,"349","Army","ARMY","2426","Navy","NAVY","18","5","2426","Navy","NAVY","349","Army","ARMY",13,17,4,"4:51","Pass Completion",1,10,57,49,8,"Keenan Reynolds pass complete to Brandon Turner for 49 yards to the Army 8 for a 1ST down."
"323430349",2012,15,"349","Army","ARMY","2426","Navy","NAVY","18","6","2426","Navy","NAVY","349","Army","ARMY",13,17,4,"4:41","Rush",1,0,8,8,0,"Keenan Reynolds rush for 8 yards for a TOUCHDOWN."
"323430349",2012,15,"349","Army","ARMY","2426","Navy","NAVY","18","7","2426","Navy","NAVY","349","Army","ARMY",13,17,4,"4:41","Extra Point Good",-1,-1,3,0,3,"Nick Sloan extra point GOOD."
"323430349",2012,15,"349","Army","ARMY","2426","Navy","NAVY","18","8","2426","Navy","NAVY","349","Army","ARMY",13,17,4,"4:41","Kickoff",-1,-1,65,14,17,"Colin Amerau kickoff for 62 yards returned by Julian Crockett for 14 yards to the Army 17."
"323430349",2012,15,"349","Army","ARMY","2426","Navy","NAVY","19","0","349","Army","ARMY","2426","Navy","NAVY",13,17,4,"4:30","Penalty",1,10,17,0,12,"ARMY penalty 5 yard False Start accepted."
"323430349",2012,15,"349","Army","ARMY","2426","Navy","NAVY","19","1","349","Army","ARMY","2426","Navy","NAVY",13,17,4,"4:09","Rush",1,15,12,5,17,"Trent Steelman rush for 5 yards to the Army 17."
"323430349",2012,15,"349","Army","ARMY","2426","Navy","NAVY","19","2","349","Army","ARMY","2426","Navy","NAVY",13,17,4,"4:06","Timeout",2,10,17,0,17,"Timeout ARMY, clock 4:06."
"323430349",2012,15,"349","Army","ARMY","2426","Navy","NAVY","19","3","349","Army","ARMY","2426","Navy","NAVY",13,17,4,"3:55","Rush",2,10,17,7,24,"Trent Steelman rush for 7 yards to the Army 24."
"323430349",2012,15,"349","Army","ARMY","2426","Navy","NAVY","19","4","349","Army","ARMY","2426","Navy","NAVY",13,17,4,"3:31","Rush",3,3,24,4,28,"Raymond Maples rush for 4 yards to the Army 28 for a 1ST down."
"323430349",2012,15,"349","Army","ARMY","2426","Navy","NAVY","19","5","349","Army","ARMY","2426","Navy","NAVY",13,17,4,"3:05","Rush",1,10,28,7,35,"Malcolm Brown rush for 7 yards to the Army 35."
"323430349",2012,15,"349","Army","ARMY","2426","Navy","NAVY","19","6","349","Army","ARMY","2426","Navy","NAVY",13,17,4,"2:45","Rush",2,3,35,12,47,"Larry Dixon rush for 12 yards to the Army 47 for a 1ST down."
"323430349",2012,15,"349","Army","ARMY","2426","Navy","NAVY","19","7","349","Army","ARMY","2426","Navy","NAVY",13,17,4,"2:33","Pass Completion",1,10,47,13,60,"Trent Steelman pass complete to Chevaughn Lawrence for 13 yards to the Navy 40 for a 1ST down."
"323430349",2012,15,"349","Army","ARMY","2426","Navy","NAVY","19","8","349","Army","ARMY","2426","Navy","NAVY",13,17,4,"2:10","Pass Completion",1,10,60,12,72,"Trent Steelman pass complete to Chevaughn Lawrence for 12 yards to the Navy 28 for a 1ST down."
"323430349",2012,15,"349","Army","ARMY","2426","Navy","NAVY","19","9","349","Army","ARMY","2426","Navy","NAVY",13,17,4,"2:00","Rush",1,10,72,4,76,"Larry Dixon rush for 4 yards to the Navy 24."
"323430349",2012,15,"349","Army","ARMY","2426","Navy","NAVY","19","10","349","Army","ARMY","2426","Navy","NAVY",13,17,4,"2:00","Rush",2,6,76,5,81,"Raymond Maples rush for 5 yards to the Navy 19."
"323430349",2012,15,"349","Army","ARMY","2426","Navy","NAVY","19","11","349","Army","ARMY","2426","Navy","NAVY",13,17,4,"1:18","Rush",3,1,81,5,86,"Trent Steelman rush for 5 yards to the Navy 14 for a 1ST down."
"323430349",2012,15,"349","Army","ARMY","2426","Navy","NAVY","19","12","349","Army","ARMY","2426","Navy","NAVY",13,17,4,"1:04","Rush",1,10,86,1,87,"Larry Dixon rush for 1 yard, fumbled at the Navy 13."
"323430349",2012,15,"349","Army","ARMY","2426","Navy","NAVY","20","0","2426","Navy","NAVY","349","Army","ARMY",13,17,4,"1:02","Rush",1,10,87,-2,89,"Team rush for a loss of 2 yards to the Navy 11."
"323430349",2012,15,"349","Army","ARMY","2426","Navy","NAVY","20","1","2426","Navy","NAVY","349","Army","ARMY",13,17,4,"1:02","Timeout",2,12,89,0,89,"Timeout ARMY, clock 01:02."
"323430349",2012,15,"349","Army","ARMY","2426","Navy","NAVY","20","2","2426","Navy","NAVY","349","Army","ARMY",13,17,4,"0:30","Rush",2,12,89,-1,90,"Team rush for a loss of 1 yard to the Navy 10."
"323430349",2012,15,"349","Army","ARMY","2426","Navy","NAVY","20","3","2426","Navy","NAVY","349","Army","ARMY",13,17,4,"0:00","Rush",3,13,90,-2,92,"Team rush for a loss of 2 yards to the Navy 8."