,Rk,Player,Pos,Age,Tm,G,GS,MP,FG,FGA,FG%,3P,3PA,3P%,2P,2PA,2P%,eFG%,FT,FTA,FT%,ORB,DRB,TRB,AST,STL,BLK,TOV,PF,PS/Gâ–¼,Unnamed: 0,RK,TEAM,SALARY
0,1.0,Stephen Curry,PG,27.0,GSW,79.0,79.0,34.2,10.2,20.2,0.504,5.1,11.2,0.454,5.1,9.0,0.566,0.63,4.6,5.1,0.908,0.9,4.6,5.4,6.7,2.1,0.2,3.3,2.0,30.1,53.0,54.0,Golden State Warriors,"$11,370,786 "
1,2.0,James Harden,SG,26.0,HOU,82.0,82.0,38.1,8.7,19.7,0.439,2.9,8.0,0.359,5.8,11.7,0.494,0.512,8.8,10.2,0.86,0.8,5.3,6.1,7.5,1.7,0.6,4.6,2.8,29.0,23.0,24.0,Houston Rockets,"$15,756,438 "
2,3.0,Kevin Durant,SF,27.0,OKC,72.0,72.0,35.8,9.7,19.2,0.505,2.6,6.7,0.387,7.1,12.5,0.569,0.573,6.2,6.9,0.898,0.6,7.6,8.2,5.0,1.0,1.2,3.5,1.9,28.2,6.0,7.0,Oklahoma City Thunder,"$20,158,622 "
3,4.0,DeMarcus Cousins,C,25.0,SAC,65.0,65.0,34.6,9.2,20.5,0.451,1.1,3.2,0.333,8.2,17.3,0.473,0.477,7.3,10.2,0.718,2.4,9.1,11.5,3.3,1.6,1.4,3.8,3.6,26.9,22.0,23.0,Sacramento Kings,"$15,851,950 "
4,5.0,LeBron James,SF,31.0,CLE,76.0,76.0,35.6,9.7,18.6,0.52,1.1,3.7,0.309,8.6,14.9,0.573,0.551,4.7,6.5,0.731,1.5,6.0,7.4,6.8,1.4,0.6,3.3,1.9,25.3,1.0,2.0,Cleveland Cavaliers,"$22,970,500 "
5,6.0,Damian Lillard,PG,25.0,POR,75.0,75.0,35.7,8.2,19.7,0.419,3.1,8.1,0.375,5.2,11.5,0.45,0.497,5.5,6.2,0.892,0.6,3.4,4.0,6.8,0.9,0.4,3.2,2.2,25.1,154.0,155.0,Portland Trail Blazers,"$4,236,287 "
6,7.0,Anthony Davis,PF,22.0,NOP,61.0,61.0,35.5,9.2,18.6,0.493,0.6,1.8,0.324,8.6,16.9,0.511,0.508,5.3,7.0,0.758,2.1,8.1,10.3,1.9,1.3,2.0,2.0,2.4,24.3,94.0,95.0,New Orleans Pelicans,"$7,070,730 "
7,8.0,DeMar DeRozan,SG,26.0,TOR,78.0,78.0,35.9,7.9,17.7,0.446,0.6,1.8,0.338,7.3,15.9,0.458,0.463,7.1,8.4,0.85,0.8,3.7,4.5,4.0,1.0,0.3,2.2,2.1,23.5,65.0,66.0,Toronto Raptors,"$10,050,000 "
8,9.0,Russell Westbrook,PG,27.0,OKC,80.0,80.0,34.4,8.2,18.1,0.454,1.3,4.3,0.296,6.9,13.8,0.503,0.489,5.8,7.2,0.812,1.8,6.0,7.8,10.4,2.0,0.3,4.3,2.5,23.5,15.0,16.0,Oklahoma City Thunder,"$16,744,218 "
9,10.0,Paul George,SF,25.0,IND,81.0,81.0,34.8,7.5,17.9,0.418,2.6,7.0,0.371,4.9,10.9,0.447,0.49,5.6,6.5,0.86,1.0,6.0,7.0,4.1,1.9,0.4,3.3,2.8,23.1,14.0,15.0,Indiana Pacers,"$17,120,106 "
10,11.0,Isaiah Thomas,PG,26.0,BOS,82.0,79.0,32.2,7.2,16.9,0.428,2.0,5.7,0.359,5.2,11.2,0.462,0.488,5.8,6.6,0.871,0.6,2.4,3.0,6.2,1.1,0.1,2.7,2.0,22.2,99.0,100.0,Boston Celtics,"$6,912,869 "
11,12.0,Klay Thompson,SG,25.0,GSW,80.0,80.0,33.3,8.1,17.3,0.47,3.5,8.1,0.425,4.7,9.2,0.51,0.569,2.4,2.8,0.873,0.4,3.4,3.8,2.1,0.8,0.6,1.7,1.9,22.1,26.0,27.0,Golden State Warriors,"$15,501,000 "
12,13.0,Carmelo Anthony,SF,31.0,NYK,72.0,72.0,35.1,7.9,18.2,0.434,1.5,4.3,0.339,6.4,13.8,0.463,0.474,4.6,5.6,0.829,1.4,6.4,7.7,4.2,0.9,0.5,2.4,2.5,21.8,2.0,3.0,New York Knicks,"$22,875,000 "
13,14.0,Blake Griffin,PF,26.0,LAC,35.0,35.0,33.4,8.6,17.2,0.499,0.2,0.5,0.333,8.4,16.7,0.504,0.504,4.0,5.5,0.727,1.5,6.9,8.4,4.9,0.8,0.5,2.4,2.7,21.4,12.0,13.0,LA Clippers,"$18,907,726 "
14,15.0,Kawhi Leonard,SF,24.0,SAS,72.0,72.0,33.1,7.7,15.1,0.506,1.8,4.0,0.443,5.9,11.1,0.528,0.565,4.1,4.6,0.874,1.3,5.5,6.8,2.6,1.8,1.0,1.5,1.8,21.2,17.0,18.0,San Antonio Spurs,"$16,407,500 "
15,16.0,Kyle Lowry,PG,29.0,TOR,77.0,77.0,37.0,6.6,15.6,0.427,2.8,7.1,0.388,3.9,8.5,0.461,0.516,5.2,6.4,0.811,0.7,4.0,4.7,6.4,2.1,0.4,2.9,2.7,21.2,,,,
16,17.0,Jimmy Butler,SG,26.0,CHI,67.0,67.0,36.9,7.0,15.4,0.454,1.0,3.1,0.312,6.1,12.4,0.489,0.485,5.9,7.1,0.832,1.2,4.2,5.3,4.8,1.6,0.6,2.0,1.9,20.9,19.0,20.0,Chicago Bulls,"$16,407,500 "
17,18.0,Kemba Walker,PG,25.0,CHO,81.0,81.0,35.6,7.0,16.4,0.427,2.2,6.0,0.371,4.8,10.4,0.459,0.495,4.6,5.4,0.847,0.7,3.7,4.4,5.2,1.6,0.5,2.1,1.4,20.9,50.0,51.0,Charlotte Hornets,"$12,000,000 "
18,19.0,C.J. McCollum,SG,24.0,POR,80.0,80.0,34.8,8.0,17.9,0.448,2.5,5.9,0.417,5.6,12.0,0.463,0.517,2.3,2.8,0.827,0.6,2.7,3.2,4.3,1.2,0.3,2.5,2.3,20.8,221.0,222.0,Portland Trail Blazers,"$2,525,160 "
19,20.0,Andrew Wiggins,SF,20.0,MIN,81.0,81.0,35.1,7.3,16.0,0.459,0.7,2.3,0.3,6.6,13.6,0.486,0.481,5.3,7.0,0.761,1.3,2.3,3.6,2.0,1.0,0.6,2.2,2.0,20.7,112.0,113.0,Minnesota Timberwolves,"$5,758,680 "
20,21.0,Brook Lopez,C,27.0,BRK,73.0,73.0,33.7,8.1,15.8,0.511,0.0,0.2,0.143,8.1,15.7,0.515,0.512,4.3,5.5,0.787,2.8,5.1,7.8,2.0,0.8,1.7,2.4,2.9,20.6,,,,
21,22.0,Eric Bledsoe,PG,26.0,PHO,31.0,31.0,34.2,7.2,15.9,0.453,1.5,4.2,0.372,5.6,11.7,0.482,0.502,4.5,5.5,0.802,0.6,3.5,4.0,6.1,2.0,0.6,3.5,2.4,20.4,38.0,39.0,Phoenix Suns,"$13,500,000 "
22,23.0,John Wall,PG,25.0,WAS,77.0,77.0,36.2,7.4,17.5,0.424,1.5,4.3,0.351,5.9,13.3,0.448,0.467,3.5,4.5,0.791,0.5,4.4,4.9,10.2,1.9,0.8,4.1,2.1,19.9,21.0,22.0,Washington Wizards,"$15,851,950 "
23,24.0,Gordon Hayward,SF,25.0,UTA,80.0,80.0,36.2,6.5,15.0,0.433,1.8,5.1,0.349,4.7,9.9,0.477,0.493,4.9,6.0,0.824,0.8,4.2,5.0,3.7,1.2,0.3,2.5,2.3,19.7,27.0,28.0,Utah Jazz,"$15,409,570 "
24,25.0,Kyrie Irving,PG,23.0,CLE,53.0,53.0,31.5,7.4,16.6,0.448,1.6,4.9,0.321,5.8,11.6,0.502,0.496,3.2,3.6,0.885,0.8,2.1,3.0,4.7,1.1,0.3,2.3,2.0,19.6,16.0,17.0,Cleveland Cavaliers,"$16,407,501 "
25,26.0,Brandon Knight,SG,24.0,PHO,52.0,50.0,36.0,7.1,17.2,0.415,2.3,6.8,0.342,4.8,10.5,0.461,0.482,3.0,3.5,0.852,0.7,3.2,3.9,5.1,1.2,0.4,3.4,2.4,19.6,37.0,38.0,Phoenix Suns,"$13,500,000 "
26,27.0,Danilo Gallinari,SF,27.0,DEN,53.0,53.0,34.7,5.4,13.2,0.41,1.6,4.5,0.364,3.8,8.7,0.434,0.472,7.1,8.2,0.868,1.0,4.3,5.3,2.5,0.8,0.4,1.5,1.6,19.5,33.0,34.0,Denver Nuggets,"$14,000,000 "
27,28.0,Chris Paul,PG,30.0,LAC,74.0,74.0,32.7,7.0,15.1,0.462,1.6,4.4,0.371,5.3,10.6,0.501,0.517,4.0,4.4,0.896,0.5,3.7,4.2,10.0,2.1,0.2,2.6,2.5,19.5,5.0,6.0,LA Clippers,"$21,468,695 "
28,29.0,Chris Bosh,PF,31.0,MIA,53.0,53.0,33.5,6.8,14.5,0.467,1.5,4.2,0.365,5.2,10.3,0.508,0.52,4.0,5.1,0.795,0.9,6.5,7.4,2.4,0.7,0.6,1.5,1.9,19.1,4.0,5.0,Miami Heat,"$22,192,730 "
29,30.0,Dwyane Wade,SG,34.0,MIA,74.0,73.0,30.5,7.3,16.0,0.456,0.1,0.6,0.159,7.2,15.4,0.468,0.459,4.4,5.5,0.793,1.1,3.0,4.1,4.6,1.1,0.6,2.7,1.6,19.0,8.0,9.0,Miami Heat,"$20,000,000 "
30,31.0,Reggie Jackson,PG,25.0,DET,79.0,79.0,30.7,6.8,15.7,0.434,1.5,4.2,0.353,5.3,11.5,0.464,0.482,3.7,4.3,0.864,0.7,2.5,3.2,6.2,0.7,0.1,2.8,2.4,18.8,34.0,35.0,Detroit Pistons,"$13,913,044 "
31,32.0,Dirk Nowitzki,PF,37.0,DAL,75.0,75.0,31.5,6.6,14.8,0.448,1.7,4.6,0.368,5.0,10.3,0.483,0.504,3.3,3.7,0.893,0.7,5.8,6.5,1.8,0.7,0.7,1.1,2.1,18.3,79.0,80.0,Dallas Mavericks,"$8,333,334 "
32,33.0,Karl-Anthony Towns,C,20.0,MIN,82.0,82.0,32.0,7.6,14.1,0.542,0.4,1.1,0.341,7.3,13.0,0.559,0.555,2.7,3.4,0.811,2.8,7.7,10.5,2.0,0.7,1.7,2.2,3.0,18.3,114.0,115.0,Minnesota Timberwolves,"$5,703,600 "
33,34.0,Khris Middleton,SG,24.0,MIL,79.0,79.0,36.1,6.4,14.5,0.444,1.8,4.6,0.396,4.6,9.9,0.466,0.507,3.5,3.9,0.888,0.6,3.3,3.8,4.2,1.7,0.2,2.3,2.6,18.2,30.0,31.0,Milwaukee Bucks,"$14,700,000 "
34,35.0,Nikola Vucevic,C,25.0,ORL,65.0,60.0,31.3,8.2,16.1,0.51,0.0,0.1,0.222,8.2,16.0,0.512,0.511,1.7,2.3,0.753,2.7,6.2,8.9,2.8,0.8,1.1,1.9,2.7,18.2,54.0,55.0,Orlando Magic,"$11,250,000 "
35,36.0,LaMarcus Aldridge,PF,30.0,SAS,74.0,74.0,30.6,7.2,14.1,0.513,0.0,0.2,0.0,7.2,13.9,0.521,0.513,3.5,4.1,0.858,2.4,6.2,8.5,1.5,0.5,1.1,1.3,2.0,18.0,9.0,10.0,San Antonio Spurs,"$19,689,000 "
36,37.0,Kobe Bryant,SF,37.0,LAL,66.0,66.0,28.2,6.0,16.9,0.358,2.0,7.1,0.285,4.0,9.8,0.41,0.417,3.5,4.3,0.826,0.6,3.1,3.7,2.8,0.9,0.2,2.0,1.7,17.6,0.0,1.0,Los Angeles Lakers,"$25,000,000 "
37,38.0,Jahlil Okafor,C,20.0,PHI,53.0,48.0,30.0,7.5,14.7,0.508,0.0,0.1,0.167,7.5,14.6,0.511,0.509,2.5,3.7,0.686,2.3,4.7,7.0,1.2,0.4,1.2,2.3,2.6,17.5,144.0,145.0,Philadelphia 76ers,"$4,582,680 "
38,39.0,Bradley Beal,SG,22.0,WAS,55.0,35.0,31.1,6.5,14.5,0.449,1.9,4.9,0.387,4.6,9.6,0.481,0.515,2.5,3.2,0.767,0.7,2.7,3.4,2.9,1.0,0.2,2.0,2.1,17.4,115.0,116.0,Washington Wizards,"$5,694,674 "
39,40.0,Rudy Gay,SF,29.0,SAC,70.0,70.0,34.0,6.7,14.4,0.463,1.1,3.1,0.344,5.6,11.3,0.495,0.5,2.8,3.6,0.78,1.5,5.0,6.5,1.7,1.4,0.7,2.0,2.6,17.2,47.0,48.0,Sacramento Kings,"$12,403,101 "
40,41.0,Paul Millsap,PF,30.0,ATL,81.0,81.0,32.7,6.2,13.2,0.47,0.9,2.9,0.319,5.3,10.3,0.512,0.505,3.8,5.0,0.757,2.4,6.6,9.0,3.3,1.8,1.7,2.4,2.9,17.1,13.0,14.0,Atlanta Hawks,"$18,671,659 "
41,42.0,Ryan Anderson,PF,27.0,NOP,66.0,7.0,30.4,6.0,14.1,0.427,2.0,5.4,0.366,4.0,8.7,0.466,0.498,3.0,3.5,0.873,2.0,4.0,6.0,1.1,0.6,0.4,1.4,1.7,17.0,,,,
42,43.0,Giannis Antetokounmpo,PG,21.0,MIL,80.0,79.0,35.3,6.4,12.7,0.506,0.4,1.4,0.257,6.1,11.3,0.537,0.52,3.7,5.1,0.724,1.4,6.2,7.7,4.3,1.2,1.4,2.6,3.2,16.9,259.0,260.0,Milwaukee Bucks,"$1,953,960 "
43,44.0,Jrue Holiday,PG,25.0,NOP,65.0,23.0,28.2,6.3,14.4,0.439,1.3,4.0,0.336,5.0,10.4,0.478,0.485,2.8,3.3,0.843,0.4,2.6,3.0,6.0,1.4,0.3,2.6,2.3,16.8,59.0,60.0,New Orleans Pelicans,"$10,595,507 "
44,45.0,Marc Gasol,C,31.0,MEM,52.0,52.0,34.4,6.3,13.6,0.464,0.0,0.1,0.667,6.3,13.5,0.463,0.465,3.9,4.7,0.829,1.1,5.8,7.0,3.8,1.0,1.3,2.3,2.7,16.6,11.0,12.0,Memphis Grizzlies,"$19,688,000 "
45,46.0,Pau Gasol,C,35.0,CHI,72.0,72.0,31.8,6.5,13.8,0.469,0.3,1.0,0.348,6.2,12.9,0.478,0.481,3.2,4.0,0.792,2.2,8.9,11.0,4.1,0.6,2.0,2.3,2.1,16.5,91.0,92.0,Chicago Bulls,"$7,448,760 "
46,47.0,Derrick Favors,PF,24.0,UTA,62.0,59.0,32.0,6.7,13.1,0.515,0.0,0.1,0.0,6.7,13.0,0.518,0.515,2.9,4.1,0.709,2.7,5.4,8.1,1.5,1.2,1.5,1.7,2.4,16.4,,,,
47,48.0,Derrick Rose,PG,27.0,CHI,66.0,66.0,31.8,6.8,15.9,0.427,0.7,2.3,0.293,6.1,13.6,0.449,0.448,2.2,2.7,0.793,0.7,2.7,3.4,4.7,0.7,0.2,2.7,1.3,16.4,7.0,8.0,Chicago Bulls,"$20,093,064 "
48,49.0,J.J. Redick,SG,31.0,LAC,75.0,75.0,28.0,5.6,11.7,0.48,2.7,5.6,0.475,3.0,6.1,0.484,0.593,2.4,2.7,0.888,0.1,1.7,1.9,1.4,0.6,0.1,1.0,1.8,16.3,93.0,94.0,LA Clippers,"$7,085,000 "
49,50.0,Andre Drummond,C,22.0,DET,81.0,81.0,32.9,6.8,13.1,0.521,0.0,0.1,0.333,6.8,13.0,0.522,0.522,2.6,7.2,0.355,4.9,9.9,14.8,0.8,1.5,1.4,1.9,3.0,16.2,187.0,188.0,Detroit Pistons,"$3,272,091 "
50,51.0,Kevin Love,PF,27.0,CLE,77.0,77.0,31.5,5.3,12.7,0.419,2.1,5.7,0.36,3.3,7.0,0.467,0.499,3.4,4.1,0.822,1.9,8.0,9.9,2.4,0.8,0.5,1.8,2.1,16.0,10.0,11.0,Cleveland Cavaliers,"$19,689,000 "
51,52.0,Victor Oladipo,SG,23.0,ORL,72.0,52.0,33.0,5.9,13.5,0.438,1.4,3.9,0.348,4.5,9.6,0.475,0.489,2.8,3.4,0.83,0.7,4.1,4.8,3.9,1.6,0.8,2.1,2.4,16.0,129.0,130.0,Orlando Magic,"$5,192,520 "
52,53.0,Jeff Teague,PG,27.0,ATL,79.0,78.0,28.5,5.5,12.5,0.439,1.4,3.5,0.4,4.1,9.0,0.454,0.495,3.3,3.9,0.837,0.4,2.3,2.7,5.9,1.2,0.3,2.8,2.1,15.7,86.0,87.0,Atlanta Hawks,"$8,000,000 "
53,54.0,Jordan Clarkson,SG,23.0,LAL,79.0,79.0,32.3,6.0,13.9,0.433,1.4,4.1,0.347,4.6,9.8,0.468,0.483,2.1,2.6,0.804,1.2,2.8,4.0,2.4,1.1,0.1,1.7,2.1,15.5,,,,
54,55.0,Evan Fournier,SF,23.0,ORL,79.0,71.0,32.5,5.4,11.8,0.462,2.0,4.9,0.4,3.5,6.8,0.506,0.546,2.5,3.0,0.836,0.4,2.4,2.8,2.7,1.2,0.0,1.7,2.7,15.4,233.0,234.0,Orlando Magic,"$2,288,205 "
55,56.0,Mike Conley,PG,28.0,MEM,56.0,56.0,31.4,5.3,12.4,0.422,1.4,3.8,0.363,3.9,8.6,0.449,0.478,3.4,4.1,0.834,0.5,2.5,2.9,6.1,1.2,0.3,1.5,1.8,15.3,70.0,71.0,Memphis Grizzlies,"$9,588,426 "
56,57.0,Greg Monroe,C,25.0,MIL,79.0,67.0,29.3,6.2,11.9,0.522,0.0,0.0,0.0,6.2,11.9,0.522,0.522,2.9,3.9,0.74,2.8,6.1,8.8,2.3,0.9,0.8,1.6,2.1,15.3,,,,
57,58.0,Zach Randolph,PF,34.0,MEM,68.0,53.0,29.6,6.3,13.3,0.475,0.1,0.4,0.231,6.3,13.0,0.482,0.479,2.5,3.2,0.796,2.6,5.1,7.8,2.1,0.6,0.2,1.5,2.1,15.3,69.0,70.0,Memphis Grizzlies,"$9,638,555 "
58,59.0,Lou Williams,SG,29.0,LAL,67.0,35.0,28.5,4.2,10.3,0.408,1.6,4.8,0.344,2.6,5.6,0.464,0.488,5.3,6.3,0.83,0.5,2.1,2.5,2.5,0.9,0.3,1.6,1.6,15.3,,,,
59,60.0,Avery Bradley,SG,25.0,BOS,76.0,72.0,33.4,6.0,13.4,0.447,1.9,5.4,0.361,4.1,8.1,0.505,0.52,1.3,1.6,0.78,0.6,2.3,2.9,2.1,1.5,0.3,1.4,2.2,15.2,88.0,89.0,Boston Celtics,"$7,730,337 "
60,61.0,Tyreke Evans,SG,26.0,NOP,25.0,25.0,30.6,5.4,12.6,0.433,1.3,3.4,0.388,4.1,9.2,0.45,0.486,3.0,3.7,0.796,0.8,4.4,5.2,6.6,1.3,0.3,2.9,2.6,15.2,58.0,59.0,New Orleans Pelicans,"$10,734,586 "
61,62.0,Eric Gordon,SG,27.0,NOP,45.0,44.0,32.9,5.1,12.3,0.418,2.5,6.5,0.384,2.6,5.7,0.457,0.521,2.5,2.8,0.888,0.2,2.0,2.2,2.7,1.0,0.3,1.6,2.2,15.2,25.0,26.0,New Orleans Pelicans,"$15,514,031 "
62,63.0,Al Horford,C,29.0,ATL,82.0,82.0,32.1,6.5,12.8,0.505,1.1,3.1,0.344,5.4,9.7,0.557,0.547,1.3,1.6,0.798,1.8,5.5,7.3,3.2,0.8,1.5,1.3,2.0,15.2,,,,
63,64.0,Thaddeus Young,PF,27.0,BRK,73.0,73.0,33.0,6.8,13.2,0.514,0.1,0.4,0.233,6.7,12.8,0.523,0.518,1.4,2.2,0.644,2.4,6.6,9.0,1.8,1.5,0.5,1.9,2.5,15.1,55.0,56.0,Brooklyn Nets,"$11,235,955 "
64,65.0,Nicolas Batum,SF,27.0,CHO,70.0,70.0,35.0,5.3,12.5,0.426,2.0,5.7,0.348,3.3,6.8,0.492,0.506,2.3,2.7,0.849,0.8,5.3,6.1,5.8,0.9,0.6,2.9,1.6,14.9,42.0,43.0,Charlotte Hornets,"$13,125,306 "
65,66.0,Tobias Harris,PF,23.0,TOT,76.0,74.0,33.1,5.5,11.7,0.469,1.1,3.1,0.335,4.4,8.6,0.518,0.514,2.7,3.2,0.831,1.3,5.4,6.7,2.2,0.9,0.5,1.4,2.0,14.7,20.0,21.0,Orlando Magic,"$16,000,000 "
66,67.0,Kentavious Caldwell-Pope,SG,22.0,DET,76.0,76.0,36.7,5.3,12.6,0.42,1.5,4.9,0.309,3.8,7.8,0.489,0.479,2.4,3.0,0.811,0.9,2.8,3.7,1.8,1.4,0.2,1.4,2.2,14.5,203.0,204.0,Detroit Pistons,"$2,891,760 "
67,68.0,Rodney Hood,SG,23.0,UTA,79.0,79.0,32.2,5.2,12.3,0.42,2.0,5.7,0.359,3.1,6.6,0.472,0.503,2.2,2.5,0.86,0.5,2.9,3.4,2.7,0.9,0.2,1.6,2.6,14.5,293.0,294.0,Utah Jazz,"$1,348,440 "
68,69.0,Will Barton,SG,25.0,DEN,82.0,1.0,28.7,5.2,12.0,0.432,1.4,4.0,0.345,3.8,8.0,0.476,0.489,2.6,3.3,0.806,0.7,5.1,5.8,2.5,0.9,0.5,1.7,1.8,14.4,176.0,177.0,Denver Nuggets,"$3,533,333 "
69,70.0,Kristaps Porzingis,PF,20.0,NYK,72.0,72.0,28.4,5.2,12.3,0.421,1.1,3.4,0.333,4.1,8.9,0.454,0.467,2.8,3.3,0.838,1.8,5.5,7.3,1.3,0.7,1.9,1.7,2.8,14.3,157.0,158.0,New York Knicks,"$4,131,720 "
70,71.0,Jamal Crawford,SG,35.0,LAC,79.0,5.0,26.9,4.8,11.9,0.404,1.5,4.4,0.34,3.3,7.5,0.44,0.466,3.1,3.4,0.904,0.3,1.6,1.8,2.3,0.7,0.2,1.4,1.5,14.2,117.0,118.0,LA Clippers,"$5,675,000 "
71,72.0,Jae Crowder,SF,25.0,BOS,73.0,73.0,31.6,4.9,11.1,0.443,1.7,5.0,0.336,3.3,6.2,0.529,0.518,2.7,3.3,0.82,1.0,4.2,5.1,1.8,1.7,0.5,1.1,2.7,14.2,100.0,101.0,Boston Celtics,"$6,796,117 "
72,73.0,Hassan Whiteside,C,26.0,MIA,73.0,43.0,29.1,5.7,9.3,0.606,0.0,0.0,,5.7,9.3,0.606,0.606,2.9,4.5,0.65,3.3,8.6,11.8,0.4,0.6,3.7,1.9,2.8,14.2,343.0,344.0,Miami Heat,"$981,348 "
73,74.0,Goran Dragic,PG,29.0,MIA,72.0,72.0,32.8,5.8,12.2,0.477,0.9,2.8,0.312,4.9,9.3,0.527,0.513,1.7,2.3,0.727,0.8,3.1,3.8,5.8,1.0,0.2,2.6,2.6,14.1,29.0,30.0,Miami Heat,"$14,783,000 "
74,75.0,Marcus Morris,SF,26.0,DET,80.0,80.0,35.7,5.1,11.8,0.434,1.4,3.7,0.362,3.8,8.1,0.467,0.491,2.5,3.4,0.749,1.1,3.9,5.1,2.5,0.8,0.3,1.8,2.1,14.1,,,,
75,76.0,Jabari Parker,PF,20.0,MIL,76.0,72.0,31.7,5.8,11.8,0.493,0.1,0.5,0.257,5.7,11.4,0.502,0.498,2.3,3.0,0.768,1.6,3.6,5.2,1.7,0.9,0.4,1.5,2.0,14.1,131.0,132.0,Milwaukee Bucks,"$5,152,440 "
76,77.0,Deron Williams,PG,31.0,DAL,65.0,63.0,32.4,4.9,11.9,0.414,1.5,4.3,0.344,3.4,7.6,0.454,0.477,2.8,3.2,0.869,0.3,2.6,2.9,5.8,0.9,0.2,2.3,2.4,14.1,125.0,126.0,Dallas Mavericks,"$5,378,974 "
77,78.0,Darren Collison,PG,28.0,SAC,74.0,15.0,30.0,5.1,10.5,0.486,1.2,2.9,0.401,3.9,7.6,0.519,0.542,2.6,3.1,0.858,0.4,1.9,2.3,4.3,1.0,0.1,1.8,1.9,14.0,135.0,136.0,Sacramento Kings,"$5,013,559 "
78,79.0,Draymond Green,PF,25.0,GSW,81.0,81.0,34.7,5.0,10.1,0.49,1.2,3.2,0.388,3.7,6.9,0.537,0.551,2.8,4.1,0.696,1.7,7.8,9.5,7.4,1.5,1.4,3.2,3.0,14.0,31.0,32.0,Golden State Warriors,"$14,260,870 "
79,80.0,Zach LaVine,SG,20.0,MIN,82.0,33.0,28.0,5.3,11.7,0.452,1.5,3.9,0.389,3.8,7.8,0.482,0.516,2.0,2.5,0.793,0.3,2.5,2.8,3.1,0.8,0.2,1.9,2.4,14.0,243.0,244.0,Minnesota Timberwolves,"$2,148,360 "
80,81.0,Devin Booker,SG,19.0,PHO,76.0,51.0,27.7,4.8,11.4,0.423,1.3,3.8,0.343,3.5,7.6,0.464,0.48,2.8,3.4,0.84,0.4,2.1,2.5,2.6,0.6,0.3,2.1,3.0,13.8,247.0,248.0,Phoenix Suns,"$2,127,840 "
81,82.0,Monta Ellis,SG,30.0,IND,81.0,81.0,33.8,5.4,12.6,0.427,1.1,3.5,0.309,4.3,9.1,0.472,0.47,2.0,2.5,0.786,0.5,2.8,3.3,4.7,1.9,0.5,2.5,2.1,13.8,62.0,63.0,Indiana Pacers,"$10,300,000 "
82,83.0,Dwight Howard,C,30.0,HOU,71.0,71.0,32.1,5.2,8.5,0.62,0.0,0.1,0.0,5.2,8.4,0.626,0.62,3.3,6.7,0.489,3.4,8.4,11.8,1.4,1.0,1.6,2.3,3.1,13.7,3.0,4.0,Houston Rockets,"$22,359,364 "
83,84.0,Chandler Parsons,SF,27.0,DAL,61.0,51.0,29.5,5.2,10.7,0.492,1.7,4.1,0.414,3.5,6.6,0.54,0.571,1.5,2.2,0.684,0.5,4.2,4.7,2.8,0.8,0.3,1.6,1.9,13.7,28.0,29.0,Dallas Mavericks,"$15,361,500 "
84,85.0,Marcin Gortat,C,31.0,WAS,75.0,74.0,30.1,5.8,10.2,0.567,0.0,0.0,0.0,5.8,10.2,0.567,0.567,1.9,2.8,0.705,3.0,6.9,9.9,1.4,0.6,1.3,1.6,2.6,13.5,57.0,58.0,Washington Wizards,"$11,217,391 "
85,86.0,Alec Burks,SG,24.0,UTA,31.0,3.0,25.7,4.4,10.8,0.41,1.0,2.5,0.405,3.4,8.2,0.412,0.458,3.4,4.5,0.752,0.5,3.0,3.5,2.0,0.6,0.1,1.6,2.3,13.3,72.0,73.0,Utah Jazz,"$9,463,484 "
86,87.0,D'Angelo Russell,PG,19.0,LAL,80.0,48.0,28.2,4.9,12.0,0.41,1.6,4.6,0.351,3.3,7.3,0.447,0.478,1.8,2.4,0.737,0.6,2.8,3.4,3.3,1.2,0.2,2.5,1.8,13.2,133.0,134.0,Los Angeles Lakers,"$5,103,120 "
87,88.0,Dahntay Jones,SF,35.0,CLE,1.0,0.0,42.0,6.0,14.0,0.429,1.0,2.0,0.5,5.0,12.0,0.417,0.464,0.0,0.0,,1.0,4.0,5.0,2.0,1.0,2.0,0.0,6.0,13.0,,,,
88,89.0,Arron Afflalo,SG,30.0,NYK,71.0,57.0,33.4,5.0,11.3,0.443,1.3,3.4,0.382,3.7,7.9,0.469,0.5,1.5,1.8,0.84,0.3,3.4,3.7,2.0,0.4,0.1,1.2,2.0,12.8,85.0,86.0,New York Knicks,"$8,000,000 "
89,90.0,Michael Beasley,SF,27.0,HOU,20.0,0.0,18.2,5.4,10.3,0.522,0.2,0.5,0.333,5.2,9.8,0.531,0.529,1.9,2.5,0.776,1.5,3.5,4.9,0.8,0.6,0.5,1.2,2.0,12.8,390.0,391.0,Houston Rockets,"$306,527 "
90,91.0,Robert Covington,SF,25.0,PHI,67.0,49.0,28.4,4.1,10.6,0.385,2.5,7.2,0.353,1.6,3.4,0.452,0.504,2.1,2.6,0.791,1.0,5.3,6.3,1.4,1.6,0.6,2.1,3.5,12.8,337.0,338.0,Philadelphia 76ers,"$1,000,000 "
91,92.0,Jarrett Jack,PG,32.0,BRK,32.0,32.0,32.1,4.4,11.2,0.391,1.0,3.2,0.304,3.4,8.0,0.426,0.434,3.1,3.5,0.893,0.3,4.0,4.3,7.4,1.1,0.2,2.9,2.4,12.8,106.0,107.0,Brooklyn Nets,"$6,300,000 "
92,93.0,Emmanuel Mudiay,PG,19.0,DEN,68.0,66.0,30.4,4.8,13.3,0.364,1.1,3.4,0.319,3.8,9.9,0.379,0.404,2.1,3.1,0.67,0.5,2.9,3.4,5.5,1.0,0.5,3.2,2.1,12.8,193.0,194.0,Denver Nuggets,"$3,102,240 "
93,94.0,Jonas Valanciunas,C,23.0,TOR,60.0,59.0,26.0,5.1,8.9,0.565,0.0,0.0,,5.1,8.9,0.565,0.565,2.7,3.6,0.761,3.1,6.1,9.1,0.7,0.4,1.3,1.4,2.6,12.8,142.0,143.0,Toronto Raptors,"$4,660,482 "
94,95.0,Trevor Ariza,SF,30.0,HOU,81.0,81.0,35.3,4.4,10.6,0.416,2.3,6.2,0.371,2.1,4.4,0.478,0.523,1.6,2.0,0.783,0.8,3.7,4.5,2.3,2.0,0.3,1.4,2.2,12.7,81.0,82.0,Houston Rockets,"$8,193,030 "
95,96.0,DeAndre Jordan,C,27.0,LAC,77.0,77.0,33.7,4.6,6.6,0.703,0.0,0.0,0.0,4.6,6.6,0.704,0.703,3.5,8.0,0.43,3.5,10.3,13.8,1.2,0.7,2.3,1.4,2.7,12.7,,,,
96,97.0,Enes Kanter,C,23.0,OKC,82.0,1.0,21.0,5.0,8.8,0.576,0.1,0.3,0.476,4.9,8.5,0.579,0.583,2.4,3.1,0.797,3.0,5.1,8.1,0.4,0.3,0.4,1.4,2.0,12.7,18.0,19.0,Oklahoma City Thunder,"$16,407,500 "
97,98.0,Michael Kidd-Gilchrist,SF,22.0,CHO,7.0,7.0,29.3,4.7,8.7,0.541,0.4,1.0,0.429,4.3,7.7,0.556,0.566,2.9,4.1,0.69,1.7,4.7,6.4,1.3,0.4,0.4,1.1,1.3,12.7,105.0,106.0,Charlotte Hornets,"$6,331,404 "
98,99.0,Serge Ibaka,PF,26.0,OKC,78.0,78.0,32.1,5.3,11.1,0.479,0.8,2.4,0.326,4.6,8.8,0.52,0.513,1.2,1.6,0.752,1.8,5.0,6.8,0.8,0.5,1.9,1.4,2.7,12.6,48.0,49.0,Oklahoma City Thunder,"$12,250,000 "
99,100.0,Ish Smith,PG,27.0,TOT,77.0,53.0,29.1,5.2,12.6,0.411,0.7,2.2,0.329,4.4,10.4,0.428,0.44,1.6,2.3,0.693,0.6,3.4,4.0,6.5,1.1,0.3,2.3,1.7,12.6,,,,
100,101.0,Kenneth Faried,PF,26.0,DEN,67.0,64.0,25.3,5.2,9.3,0.558,0.0,0.0,0.5,5.2,9.3,0.558,0.558,2.0,3.3,0.613,3.5,5.2,8.7,1.2,0.5,0.9,1.4,2.5,12.5,56.0,57.0,Denver Nuggets,"$11,235,955 "
101,102.0,Wesley Matthews,SG,29.0,DAL,78.0,78.0,33.9,4.2,10.9,0.388,2.4,6.7,0.36,1.8,4.2,0.432,0.498,1.6,1.9,0.863,0.3,2.7,3.1,1.9,1.0,0.2,1.0,2.3,12.5,,,,
102,103.0,J.R. Smith,SG,30.0,CLE,77.0,77.0,30.7,4.6,11.0,0.415,2.6,6.6,0.4,1.9,4.4,0.438,0.535,0.6,0.9,0.634,0.6,2.3,2.8,1.7,1.1,0.3,0.8,2.6,12.4,,,,
103,104.0,Luol Deng,PF,30.0,MIA,74.0,73.0,32.4,4.6,10.1,0.455,1.2,3.5,0.344,3.4,6.6,0.513,0.514,2.0,2.6,0.755,1.5,4.5,6.0,1.9,1.0,0.4,1.1,1.6,12.3,63.0,64.0,Miami Heat,"$10,151,612 "
104,105.0,Gary Harris,SG,21.0,DEN,76.0,76.0,32.1,4.7,10.1,0.469,1.4,3.9,0.354,3.3,6.2,0.543,0.538,1.4,1.8,0.82,0.7,2.2,2.9,1.9,1.3,0.2,1.3,1.9,12.3,276.0,277.0,Denver Nuggets,"$1,584,480 "
105,106.0,Joe Johnson,SF,34.0,TOT,81.0,81.0,33.4,4.7,10.6,0.439,1.5,3.9,0.383,3.2,6.7,0.471,0.509,1.5,1.8,0.831,0.6,3.0,3.6,3.9,0.8,0.0,2.0,1.8,12.2,394.0,395.0,Brooklyn Nets,"$261,894 "
106,107.0,Mirza Teletovic,PF,30.0,PHO,79.0,1.0,21.3,4.2,9.8,0.427,2.3,5.8,0.393,1.9,4.0,0.476,0.544,1.5,2.0,0.774,0.7,3.1,3.8,1.1,0.4,0.3,1.1,2.0,12.2,123.0,124.0,Phoenix Suns,"$5,500,000 "
107,108.0,George Hill,PG,29.0,IND,74.0,73.0,34.1,4.4,10.0,0.441,1.7,4.2,0.408,2.7,5.7,0.466,0.528,1.5,2.0,0.76,0.8,3.2,4.0,3.5,1.1,0.2,1.4,2.0,12.1,,,,
108,109.0,Al Jefferson,C,31.0,CHO,47.0,18.0,23.3,5.2,10.7,0.485,0.0,0.0,,5.2,10.7,0.485,0.485,1.5,2.4,0.649,1.2,5.2,6.4,1.5,0.6,0.9,0.7,2.5,12.0,39.0,40.0,Charlotte Hornets,"$13,500,000 "
109,110.0,Markieff Morris,PF,26.0,TOT,64.0,45.0,25.5,4.8,11.2,0.425,0.7,2.4,0.303,4.0,8.8,0.458,0.458,1.7,2.3,0.735,1.1,4.4,5.5,1.9,0.9,0.5,2.1,2.9,12.0,84.0,85.0,Washington Wizards,"$8,000,000 "
110,111.0,Tony Parker,PG,33.0,SAS,72.0,72.0,27.5,4.9,9.9,0.493,0.4,0.9,0.415,4.5,9.0,0.501,0.512,1.8,2.4,0.76,0.2,2.2,2.4,5.3,0.8,0.2,1.8,1.6,11.9,40.0,41.0,San Antonio Spurs,"$13,437,500 "
111,112.0,Rajon Rondo,PG,29.0,SAC,72.0,72.0,35.2,4.9,10.9,0.454,0.9,2.4,0.365,4.1,8.5,0.479,0.494,1.2,2.1,0.58,1.1,5.0,6.0,11.7,2.0,0.1,3.9,2.4,11.9,71.0,72.0,Sacramento Kings,"$9,500,000 "
112,113.0,Omri Casspi,SF,27.0,SAC,69.0,21.0,27.2,4.3,9.0,0.481,1.6,4.0,0.409,2.7,5.0,0.537,0.571,1.5,2.3,0.648,0.8,5.1,5.9,1.4,0.8,0.2,1.4,2.2,11.8,210.0,211.0,Sacramento Kings,"$2,836,186 "
113,114.0,C.J. Miles,SF,28.0,IND,64.0,24.0,22.9,4.0,9.9,0.409,2.2,6.0,0.367,1.8,3.9,0.474,0.521,1.5,1.9,0.75,0.4,2.3,2.7,1.0,0.8,0.5,1.1,2.2,11.8,147.0,148.0,Indiana Pacers,"$4,394,225 "
114,115.0,Nikola Mirotic,PF,24.0,CHI,66.0,38.0,24.9,3.8,9.2,0.407,2.0,5.2,0.39,1.7,4.0,0.43,0.518,2.2,2.7,0.807,0.9,4.6,5.5,1.5,0.9,0.7,1.5,2.3,11.8,121.0,122.0,Chicago Bulls,"$5,543,725 "
115,116.0,Harrison Barnes,SF,23.0,GSW,66.0,59.0,30.9,4.5,9.6,0.466,1.2,3.2,0.383,3.2,6.3,0.508,0.531,1.5,2.0,0.761,1.2,3.8,4.9,1.8,0.6,0.2,0.9,2.1,11.7,166.0,167.0,Golden State Warriors,"$3,873,398 "
116,117.0,Jeff Green,SF,29.0,TOT,80.0,41.0,28.2,4.4,10.3,0.43,0.8,2.7,0.315,3.6,7.6,0.47,0.47,2.1,2.8,0.745,0.9,3.2,4.2,1.7,0.7,0.5,1.2,2.1,11.7,68.0,69.0,Memphis Grizzlies,"$9,650,000 "
117,118.0,Jeremy Lin,SG,27.0,CHO,78.0,13.0,26.3,3.8,9.3,0.412,1.0,2.9,0.336,2.9,6.4,0.446,0.464,3.1,3.7,0.815,0.5,2.7,3.2,3.0,0.7,0.5,1.9,2.1,11.7,246.0,247.0,Charlotte Hornets,"$2,139,000 "
118,119.0,Marvin Williams,PF,29.0,CHO,81.0,81.0,28.9,4.2,9.2,0.452,1.9,4.7,0.402,2.3,4.6,0.504,0.554,1.5,1.8,0.833,1.6,4.9,6.4,1.4,0.7,1.0,0.8,1.6,11.7,95.0,96.0,Charlotte Hornets,"$7,000,000 "
119,120.0,Kent Bazemore,SF,26.0,ATL,75.0,68.0,27.8,4.3,9.7,0.441,1.5,4.1,0.357,2.8,5.6,0.502,0.517,1.6,2.0,0.815,0.4,4.7,5.1,2.3,1.3,0.5,1.8,2.3,11.6,258.0,259.0,Atlanta Hawks,"$2,000,000 "
120,121.0,Otto Porter,SF,22.0,WAS,75.0,73.0,30.3,4.5,9.6,0.473,1.3,3.6,0.367,3.2,6.0,0.536,0.541,1.3,1.7,0.754,1.3,3.9,5.2,1.6,1.4,0.4,0.9,2.2,11.6,,,,
121,122.0,Michael Carter-Williams,PG,24.0,MIL,54.0,37.0,30.5,4.6,10.3,0.452,0.3,1.0,0.273,4.4,9.3,0.472,0.466,2.0,3.0,0.654,0.9,4.2,5.1,5.2,1.5,0.8,2.8,3.0,11.5,229.0,230.0,Milwaukee Bucks,"$2,399,040 "
122,123.0,Jordan Hamilton,SF,25.0,NOP,11.0,4.0,27.6,4.5,10.5,0.422,1.2,4.1,0.289,3.3,6.5,0.507,0.478,1.3,1.9,0.667,1.1,4.5,5.6,2.3,0.7,0.3,1.5,2.2,11.4,334.0,335.0,New Orleans Pelicans,"$1,015,421 "
123,124.0,Julius Randle,PF,21.0,LAL,81.0,60.0,28.2,4.4,10.3,0.429,0.1,0.4,0.278,4.3,9.9,0.436,0.435,2.4,3.3,0.715,2.1,8.1,10.2,1.8,0.7,0.4,1.8,3.0,11.3,191.0,192.0,Los Angeles Lakers,"$3,132,240 "
124,125.0,Bojan Bogdanovic,SF,26.0,BRK,79.0,39.0,26.8,4.1,9.5,0.433,1.6,4.3,0.382,2.5,5.2,0.474,0.519,1.4,1.7,0.833,0.5,2.8,3.2,1.3,0.4,0.1,1.5,1.5,11.2,180.0,181.0,Brooklyn Nets,"$3,425,510 "
125,126.0,Sean Kilpatrick,SG,26.0,TOT,31.0,0.0,19.9,4.0,8.7,0.456,1.3,3.7,0.342,2.7,5.0,0.538,0.528,1.9,2.2,0.896,0.4,1.4,1.8,0.9,0.4,0.1,1.0,1.2,11.1,408.0,409.0,Brooklyn Nets,"$134,215 "
126,127.0,Nerlens Noel,C,21.0,PHI,67.0,62.0,29.3,4.6,8.8,0.521,0.0,0.0,0.5,4.6,8.7,0.521,0.522,2.0,3.4,0.59,2.3,5.8,8.1,1.8,1.8,1.5,2.4,2.9,11.1,177.0,178.0,Philadelphia 76ers,"$3,457,800 "
127,128.0,Isaiah Canaan,SG,24.0,PHI,77.0,39.0,25.5,3.4,9.4,0.36,2.3,6.3,0.363,1.1,3.1,0.354,0.482,1.9,2.3,0.833,0.3,2.0,2.3,1.8,0.7,0.2,1.2,1.7,11.0,355.0,356.0,Philadelphia 76ers,"$947,276 "
128,129.0,DeMarre Carroll,SF,29.0,TOR,26.0,22.0,30.2,4.0,10.4,0.389,1.8,4.5,0.39,2.3,5.8,0.388,0.474,1.2,1.9,0.6,1.2,3.5,4.7,1.0,1.7,0.2,1.1,2.4,11.0,36.0,37.0,Toronto Raptors,"$13,600,000 "
129,130.0,Dennis Schroder,PG,22.0,ATL,80.0,6.0,20.3,4.1,9.8,0.421,1.0,3.0,0.322,3.2,6.8,0.465,0.471,1.8,2.3,0.791,0.3,2.2,2.6,4.4,0.9,0.1,2.3,1.7,11.0,265.0,266.0,Atlanta Hawks,"$1,763,400 "
130,131.0,T.J. Warren,SF,22.0,PHO,47.0,4.0,22.8,4.7,9.4,0.501,0.6,1.5,0.4,4.1,7.9,0.52,0.533,1.0,1.4,0.703,1.2,1.9,3.1,0.9,0.8,0.3,0.7,2.0,11.0,,,,
131,132.0,J.J. Barea,PG,31.0,DAL,74.0,16.0,22.5,4.3,9.6,0.446,1.4,3.5,0.385,2.9,6.1,0.481,0.516,1.0,1.3,0.771,0.4,1.7,2.1,4.1,0.4,0.0,1.5,1.5,10.9,153.0,154.0,Dallas Mavericks,"$4,290,000 "
132,133.0,Elfrid Payton,PG,21.0,ORL,73.0,69.0,29.4,4.4,10.0,0.436,0.4,1.3,0.326,3.9,8.7,0.451,0.456,1.5,2.6,0.589,1.1,2.5,3.6,6.4,1.2,0.3,2.4,2.2,10.7,222.0,223.0,Orlando Magic,"$2,505,720 "
133,134.0,Trey Burke,PG,23.0,UTA,64.0,0.0,21.3,4.1,9.9,0.413,1.4,4.0,0.344,2.7,5.9,0.46,0.483,1.0,1.3,0.817,0.3,1.5,1.8,2.3,0.5,0.1,1.3,1.3,10.6,216.0,217.0,Utah Jazz,"$2,658,240 "
134,135.0,Norris Cole,PG,27.0,NOP,45.0,23.0,26.6,4.4,10.8,0.405,0.7,2.3,0.324,3.6,8.5,0.427,0.439,1.2,1.4,0.8,0.2,3.1,3.4,3.7,0.8,0.1,1.7,2.3,10.6,195.0,196.0,New Orleans Pelicans,"$3,036,927 "
135,136.0,Shabazz Muhammad,SF,23.0,MIN,82.0,0.0,20.5,3.9,8.3,0.465,0.5,1.9,0.289,3.3,6.5,0.516,0.498,2.3,3.0,0.764,1.2,2.0,3.3,0.6,0.3,0.1,0.9,1.1,10.5,251.0,252.0,Minnesota Timberwolves,"$2,056,920 "
136,137.0,Evan Turner,SG,27.0,BOS,81.0,12.0,28.0,4.2,9.3,0.456,0.2,1.0,0.241,4.0,8.3,0.482,0.469,1.8,2.2,0.827,0.6,4.3,4.9,4.4,1.0,0.3,2.1,1.7,10.5,179.0,180.0,Boston Celtics,"$3,425,510 "
137,138.0,Jerryd Bayless,SG,27.0,MIL,52.0,18.0,28.9,3.6,8.4,0.423,1.9,4.4,0.437,1.6,4.0,0.408,0.539,1.3,1.7,0.778,0.4,2.3,2.7,3.1,0.9,0.2,1.4,2.1,10.4,,,,
138,139.0,Ersan Ilyasova,PF,28.0,TOT,74.0,56.0,25.4,3.8,8.9,0.424,1.3,3.5,0.371,2.5,5.4,0.458,0.496,1.5,2.1,0.721,1.9,3.5,5.4,0.9,0.7,0.4,1.0,2.3,10.4,87.0,88.0,Orlando Magic,"$7,900,000 "
139,140.0,Mario Chalmers,PG,29.0,TOT,61.0,7.0,22.5,3.0,7.3,0.41,0.8,2.4,0.309,2.2,4.8,0.461,0.462,3.6,4.3,0.832,0.4,2.2,2.6,3.8,1.4,0.2,1.8,3.0,10.3,151.0,152.0,Memphis Grizzlies,"$4,300,000 "
140,141.0,Allen Crabbe,SG,23.0,POR,81.0,8.0,26.0,3.8,8.4,0.459,1.4,3.5,0.393,2.5,4.9,0.506,0.541,1.2,1.4,0.867,0.3,2.3,2.7,1.2,0.8,0.2,0.8,2.4,10.3,,,,
141,142.0,Robin Lopez,C,27.0,NYK,82.0,82.0,27.1,4.4,8.1,0.539,0.0,0.0,0.0,4.4,8.1,0.54,0.539,1.6,2.0,0.795,3.3,4.1,7.3,1.4,0.2,1.6,1.6,2.2,10.3,46.0,47.0,New York Knicks,"$12,650,000 "
142,143.0,Jared Sullinger,PF,23.0,BOS,81.0,73.0,23.6,4.3,10.0,0.435,0.4,1.3,0.282,4.0,8.7,0.458,0.453,1.3,2.0,0.64,2.4,5.9,8.3,2.3,0.9,0.6,1.3,2.6,10.3,220.0,221.0,Boston Celtics,"$2,569,260 "
143,144.0,Myles Turner,C,19.0,IND,60.0,30.0,22.8,4.4,8.8,0.498,0.1,0.2,0.214,4.4,8.6,0.506,0.501,1.5,2.0,0.727,1.1,4.4,5.5,0.7,0.4,1.4,1.1,2.6,10.3,232.0,233.0,Indiana Pacers,"$2,357,760 "
144,145.0,Al-Farouq Aminu,SF,25.0,POR,82.0,82.0,28.5,3.6,8.8,0.416,1.5,4.3,0.361,2.1,4.5,0.468,0.503,1.4,1.9,0.737,1.2,4.9,6.1,1.7,0.9,0.6,1.5,2.1,10.2,83.0,84.0,Portland Trail Blazers,"$8,042,895 "
145,146.0,Marco Belinelli,SG,29.0,SAC,68.0,7.0,24.6,3.6,9.3,0.386,1.3,4.4,0.306,2.3,5.0,0.456,0.457,1.7,2.0,0.833,0.1,1.6,1.7,1.9,0.5,0.0,1.2,1.3,10.2,110.0,111.0,Sacramento Kings,"$6,060,606 "
146,147.0,Gorgui Dieng,C,26.0,MIN,82.0,39.0,27.1,3.8,7.1,0.532,0.1,0.2,0.3,3.7,6.8,0.54,0.537,2.5,3.0,0.827,1.9,5.2,7.1,1.7,1.1,1.2,1.7,2.7,10.1,284.0,285.0,Minnesota Timberwolves,"$1,474,440 "
147,148.0,Ricky Rubio,PG,25.0,MIN,76.0,76.0,30.6,2.9,7.7,0.374,0.8,2.5,0.326,2.1,5.2,0.396,0.427,3.5,4.1,0.847,0.5,3.8,4.3,8.7,2.1,0.1,2.5,2.6,10.1,45.0,46.0,Minnesota Timberwolves,"$12,700,000 "
148,149.0,Matt Barnes,SF,35.0,MEM,76.0,45.0,28.8,3.5,9.1,0.381,1.6,4.9,0.322,1.9,4.3,0.449,0.467,1.5,1.8,0.804,1.1,4.4,5.5,2.1,1.0,0.8,1.6,3.1,10.0,175.0,176.0,Memphis Grizzlies,"$3,542,500 "
149,150.0,Nikola Jokic,C,20.0,DEN,80.0,55.0,21.7,3.8,7.5,0.512,0.4,1.1,0.333,3.5,6.5,0.541,0.535,1.9,2.4,0.811,2.3,4.7,7.0,2.4,1.0,0.6,1.3,2.6,10.0,297.0,298.0,Denver Nuggets,"$1,300,000 "
150,151.0,Kelly Olynyk,C,24.0,BOS,69.0,8.0,20.2,3.7,8.1,0.455,1.2,3.0,0.405,2.4,5.0,0.486,0.531,1.4,1.9,0.75,1.0,3.0,4.1,1.5,0.8,0.5,1.1,2.4,10.0,242.0,243.0,Boston Celtics,"$2,165,160 "
151,152.0,Patrick Beverley,PG,27.0,HOU,71.0,63.0,28.7,3.6,8.4,0.434,1.7,4.4,0.4,1.9,4.0,0.472,0.539,0.8,1.2,0.682,1.0,2.5,3.5,3.4,1.3,0.4,1.3,3.3,9.9,104.0,105.0,Houston Rockets,"$6,486,486 "
152,153.0,Terrence Ross,SF,24.0,TOR,73.0,7.0,23.9,3.7,8.6,0.431,1.8,4.6,0.386,1.9,3.9,0.484,0.536,0.7,0.8,0.79,0.3,2.2,2.5,0.8,0.7,0.3,0.6,1.6,9.9,174.0,175.0,Toronto Raptors,"$3,553,917 "
153,154.0,Ramon Sessions,PG,29.0,WAS,82.0,5.0,20.3,3.4,7.2,0.473,0.4,1.4,0.324,3.0,5.9,0.507,0.503,2.6,3.5,0.756,0.3,2.2,2.5,2.9,0.6,0.1,1.4,1.2,9.9,238.0,239.0,Washington Wizards,"$2,170,465 "
154,155.0,Carl Landry,PF,32.0,PHI,36.0,12.0,15.8,3.9,6.9,0.556,0.2,0.4,0.462,3.7,6.6,0.561,0.568,1.9,2.5,0.736,1.4,2.7,4.1,0.9,0.3,0.3,0.6,1.9,9.8,102.0,103.0,Philadelphia 76ers,"$6,500,000 "
155,156.0,Gary Neal,SG,31.0,WAS,40.0,2.0,20.2,3.8,8.1,0.465,1.0,2.5,0.41,2.8,5.6,0.489,0.528,1.2,1.4,0.855,0.3,1.8,2.1,1.2,0.5,0.0,0.7,1.4,9.8,245.0,246.0,Washington Wizards,"$2,139,000 "
156,157.0,Hollis Thompson,SG,24.0,PHI,77.0,17.0,28.0,3.5,8.8,0.397,1.9,5.1,0.38,1.6,3.7,0.42,0.507,0.9,1.2,0.719,0.7,2.8,3.5,1.3,0.5,0.3,1.0,2.4,9.8,,,,
157,158.0,Dion Waiters,SG,24.0,OKC,78.0,15.0,27.6,3.6,9.1,0.399,1.1,3.1,0.358,2.5,6.0,0.421,0.46,1.4,2.0,0.713,0.5,2.1,2.6,2.0,1.0,0.2,1.5,1.8,9.8,132.0,133.0,Oklahoma City Thunder,"$5,138,430 "
158,159.0,Jerami Grant,SF,21.0,PHI,77.0,52.0,26.8,3.3,7.8,0.419,0.5,1.9,0.24,2.8,5.9,0.477,0.448,2.8,4.2,0.658,1.3,3.4,4.7,1.8,0.7,1.6,1.4,2.8,9.7,363.0,364.0,Philadelphia 76ers,"$845,059 "
159,160.0,Marcus Thornton,SG,28.0,TOT,61.0,8.0,18.2,3.5,8.9,0.399,1.5,4.4,0.337,2.0,4.5,0.46,0.482,1.1,1.3,0.848,0.6,1.8,2.5,1.4,0.8,0.1,0.8,1.5,9.7,403.0,404.0,Washington Wizards,"$200,600 "
160,161.0,Manu Ginobili,SG,38.0,SAS,58.0,0.0,19.6,3.4,7.5,0.453,1.2,3.1,0.391,2.2,4.4,0.496,0.533,1.6,1.9,0.813,0.4,2.1,2.5,3.1,1.1,0.2,1.7,1.7,9.6,212.0,213.0,San Antonio Spurs,"$2,814,000 "
161,162.0,Courtney Lee,SG,30.0,TOT,79.0,65.0,29.5,3.7,8.1,0.454,1.0,2.7,0.378,2.6,5.3,0.493,0.518,1.3,1.5,0.839,0.4,2.2,2.6,1.7,1.1,0.4,0.9,1.7,9.6,116.0,117.0,Charlotte Hornets,"$5,675,000 "
162,163.0,Raymond Felton,PG,31.0,DAL,80.0,31.0,27.4,3.5,8.5,0.406,0.8,2.7,0.282,2.7,5.9,0.463,0.45,1.9,2.2,0.847,0.5,2.8,3.2,3.6,0.9,0.2,1.5,1.8,9.5,164.0,165.0,Dallas Mavericks,"$3,950,313 "
163,164.0,Doug McDermott,SF,24.0,CHI,81.0,4.0,23.0,3.6,8.0,0.452,1.4,3.2,0.425,2.2,4.8,0.47,0.537,0.9,1.0,0.857,0.5,2.0,2.4,0.7,0.2,0.1,0.7,1.6,9.4,231.0,232.0,Chicago Bulls,"$2,380,440 "
164,165.0,Ian Mahinmi,C,29.0,IND,71.0,71.0,25.6,3.7,6.3,0.589,0.0,0.0,,3.7,6.3,0.589,0.589,1.9,3.2,0.587,1.9,5.2,7.1,1.5,0.9,1.1,1.4,3.1,9.3,161.0,162.0,Indiana Pacers,"$4,000,000 "
165,166.0,Kevin Martin,SG,32.0,TOT,55.0,13.0,19.9,2.8,7.6,0.372,0.9,2.5,0.36,1.9,5.1,0.378,0.431,2.8,3.1,0.89,0.3,1.7,2.0,1.1,0.5,0.1,1.0,1.5,9.3,402.0,403.0,San Antonio Spurs,"$200,600 "
166,167.0,Derrick Williams,SF,24.0,NYK,80.0,9.0,17.9,3.2,7.1,0.45,0.6,1.9,0.293,2.6,5.2,0.506,0.488,2.4,3.2,0.758,0.6,3.1,3.7,0.9,0.4,0.1,0.8,0.9,9.3,,,,
167,168.0,Jordan Farmar,PG,29.0,MEM,12.0,10.0,24.3,3.5,8.3,0.42,1.3,3.8,0.356,2.2,4.6,0.473,0.5,0.8,0.8,1.0,0.3,1.8,2.1,3.1,1.3,0.2,1.5,1.8,9.2,,,,
168,169.0,Aaron Gordon,PF,20.0,ORL,78.0,37.0,23.9,3.5,7.4,0.473,0.5,1.8,0.296,3.0,5.6,0.531,0.509,1.7,2.5,0.668,2.0,4.5,6.5,1.6,0.8,0.7,0.8,2.0,9.2,156.0,157.0,Orlando Magic,"$4,171,680 "
169,170.0,Nene Hilario,PF,33.0,WAS,57.0,11.0,19.2,3.7,6.7,0.544,0.0,0.1,0.0,3.7,6.7,0.549,0.544,1.9,3.2,0.578,0.9,3.6,4.5,1.7,0.9,0.5,1.3,2.7,9.2,44.0,45.0,Washington Wizards,"$13,000,000 "
170,171.0,Kyle Korver,SG,34.0,ATL,80.0,80.0,30.0,3.4,7.7,0.435,2.0,5.0,0.398,1.4,2.7,0.502,0.563,0.6,0.7,0.833,0.2,3.1,3.3,2.1,0.8,0.4,1.2,2.0,9.2,113.0,114.0,Atlanta Hawks,"$5,746,479 "
171,172.0,Rudy Gobert,C,23.0,UTA,61.0,60.0,31.7,3.2,5.8,0.559,0.0,0.0,,3.2,5.8,0.559,0.559,2.6,4.6,0.569,3.4,7.5,11.0,1.5,0.7,2.2,1.9,2.7,9.1,311.0,312.0,Utah Jazz,"$1,175,880 "
172,173.0,Mason Plumlee,C,25.0,POR,82.0,82.0,25.4,3.3,6.3,0.516,0.0,0.0,0.0,3.3,6.3,0.52,0.516,2.6,4.1,0.642,2.5,5.2,7.7,2.8,0.8,1.0,1.9,3.1,9.1,288.0,289.0,Portland Trail Blazers,"$1,415,520 "
173,174.0,Marcus Smart,PG,21.0,BOS,61.0,10.0,27.3,3.0,8.7,0.348,1.0,4.0,0.253,2.0,4.7,0.427,0.405,2.1,2.7,0.777,1.2,2.9,4.2,3.0,1.5,0.3,1.3,3.0,9.1,178.0,179.0,Boston Celtics,"$3,431,040 "
174,175.0,Alex Len,C,22.0,PHO,78.0,46.0,23.3,3.4,8.0,0.423,0.0,0.1,0.143,3.4,7.9,0.426,0.424,2.2,3.1,0.728,2.3,5.3,7.6,1.2,0.5,0.8,1.9,2.9,9.0,168.0,169.0,Phoenix Suns,"$3,807,120 "
175,176.0,Archie Goodwin,PG,21.0,PHO,57.0,13.0,19.5,3.1,7.4,0.417,0.4,1.7,0.232,2.7,5.7,0.474,0.444,2.3,3.4,0.674,0.5,2.0,2.5,2.1,0.5,0.2,1.8,1.5,8.9,314.0,315.0,Phoenix Suns,"$1,160,160 "
176,177.0,Gerald Green,SG,30.0,MIA,69.0,14.0,22.6,3.3,8.5,0.392,1.2,3.8,0.323,2.1,4.7,0.446,0.463,1.0,1.3,0.783,0.4,2.0,2.4,0.8,0.6,0.3,0.7,1.8,8.9,,,,
177,178.0,Austin Rivers,SG,23.0,LAC,67.0,7.0,21.9,3.4,7.7,0.438,0.9,2.8,0.335,2.4,4.9,0.495,0.498,1.2,1.7,0.681,0.3,1.6,1.9,1.5,0.7,0.1,0.9,2.0,8.9,192.0,193.0,LA Clippers,"$3,110,796 "
178,179.0,Rodney Stuckey,PG,29.0,IND,58.0,1.0,22.0,3.2,7.6,0.413,0.3,1.4,0.241,2.8,6.2,0.453,0.436,2.3,2.7,0.829,0.3,2.4,2.7,2.4,0.7,0.1,1.3,1.3,8.9,97.0,98.0,Indiana Pacers,"$7,000,000 "
179,180.0,Jordan Hill,C,28.0,IND,73.0,11.0,20.7,3.8,7.5,0.506,0.0,0.0,0.0,3.8,7.5,0.507,0.506,1.2,1.7,0.712,2.1,4.0,6.2,1.2,0.5,0.5,1.3,2.1,8.8,162.0,163.0,Indiana Pacers,"$4,000,000 "
180,181.0,Jeremy Lamb,SG,23.0,CHO,66.0,0.0,18.6,3.5,7.7,0.451,0.8,2.7,0.309,2.6,5.0,0.529,0.506,1.0,1.3,0.727,0.7,3.2,3.8,1.2,0.6,0.5,0.8,1.6,8.8,196.0,197.0,Charlotte Hornets,"$3,034,356 "
181,182.0,Toney Douglas,PG,29.0,NOP,61.0,18.0,20.7,3.0,7.3,0.411,1.3,3.3,0.399,1.7,4.0,0.421,0.502,1.4,1.6,0.848,0.4,1.9,2.3,2.6,1.1,0.1,1.0,2.1,8.7,313.0,314.0,New Orleans Pelicans,"$1,164,858 "
182,183.0,Gerald Henderson,SG,28.0,POR,72.0,0.0,19.9,3.2,7.3,0.439,0.7,1.9,0.353,2.6,5.5,0.468,0.484,1.6,2.0,0.767,0.4,2.5,2.9,1.0,0.5,0.3,0.9,1.2,8.7,111.0,112.0,Portland Trail Blazers,"$6,000,000 "
183,184.0,Tyler Johnson,SG,23.0,MIA,36.0,5.0,24.0,3.3,6.8,0.486,0.8,2.0,0.38,2.5,4.8,0.529,0.541,1.4,1.8,0.797,0.8,2.3,3.0,2.2,0.7,0.4,1.3,1.8,8.7,360.0,361.0,Miami Heat,"$845,059 "
184,185.0,Terrence Jones,PF,24.0,HOU,50.0,11.0,20.9,3.3,7.3,0.452,0.5,1.6,0.316,2.8,5.8,0.49,0.486,1.5,2.3,0.664,1.2,3.0,4.2,0.8,0.5,0.8,1.0,1.7,8.7,226.0,227.0,Houston Rockets,"$2,489,530 "
185,186.0,Luis Scola,PF,35.0,TOR,76.0,76.0,21.5,3.5,7.9,0.45,0.9,2.1,0.404,2.7,5.8,0.467,0.504,0.8,1.1,0.726,1.1,3.6,4.7,0.9,0.6,0.4,0.9,2.3,8.7,201.0,202.0,Toronto Raptors,"$2,900,000 "
186,187.0,Cody Zeller,C,23.0,CHO,73.0,60.0,24.3,3.2,6.0,0.529,0.0,0.1,0.1,3.2,5.8,0.539,0.53,2.4,3.2,0.754,1.9,4.3,6.2,1.0,0.8,0.9,0.9,2.8,8.7,155.0,156.0,Charlotte Hornets,"$4,204,200 "
187,188.0,Tim Duncan,C,39.0,SAS,61.0,60.0,25.2,3.5,7.2,0.488,0.0,0.0,0.0,3.5,7.2,0.49,0.488,1.5,2.1,0.702,1.9,5.4,7.3,2.7,0.8,1.3,1.5,2.0,8.6,126.0,127.0,San Antonio Spurs,"$5,250,000 "
188,189.0,Taj Gibson,PF,30.0,CHI,73.0,55.0,26.5,3.6,6.8,0.526,0.0,0.0,0.0,3.6,6.8,0.529,0.526,1.4,2.0,0.692,2.8,4.1,6.9,1.5,0.6,1.1,1.1,2.5,8.6,77.0,78.0,Chicago Bulls,"$8,500,000 "
189,190.0,Shelvin Mack,PG,25.0,TOT,52.0,27.0,20.3,3.5,8.0,0.439,0.8,2.4,0.312,2.8,5.6,0.493,0.486,0.9,1.2,0.738,0.3,2.2,2.5,3.6,0.7,0.1,1.8,1.4,8.6,228.0,229.0,Utah Jazz,"$2,433,333 "
190,191.0,Zaza Pachulia,C,31.0,DAL,76.0,69.0,26.4,2.9,6.2,0.466,0.0,0.0,0.0,2.9,6.1,0.469,0.466,2.8,3.6,0.768,3.3,6.2,9.4,1.7,0.8,0.3,1.6,2.4,8.6,128.0,129.0,Dallas Mavericks,"$5,200,000 "
191,192.0,Cory Joseph,SG,24.0,TOR,80.0,4.0,25.6,3.2,7.3,0.439,0.4,1.4,0.273,2.8,5.9,0.478,0.465,1.7,2.2,0.764,0.5,2.1,2.6,3.1,0.8,0.3,1.3,1.6,8.5,,,,
192,193.0,Jon Leuer,PF,26.0,PHO,67.0,27.0,18.7,3.3,7.0,0.481,0.6,1.6,0.382,2.7,5.3,0.511,0.526,1.1,1.5,0.762,1.1,4.4,5.6,1.1,0.6,0.4,1.1,1.9,8.5,331.0,332.0,Phoenix Suns,"$1,035,000 "
193,194.0,Patrick Mills,PG,27.0,SAS,81.0,3.0,20.5,3.2,7.6,0.425,1.5,4.0,0.384,1.7,3.6,0.469,0.525,0.6,0.7,0.81,0.3,1.6,2.0,2.8,0.7,0.1,0.9,1.3,8.5,,,,
194,195.0,Nik Stauskas,SG,22.0,PHI,73.0,35.0,24.8,2.9,7.5,0.385,1.5,4.5,0.326,1.4,3.0,0.473,0.483,1.2,1.6,0.771,0.3,2.2,2.5,1.9,0.6,0.3,1.3,1.6,8.5,204.0,205.0,Philadelphia 76ers,"$2,869,440 "
195,196.0,Tony Allen,SG,34.0,MEM,64.0,57.0,25.3,3.4,7.3,0.458,0.2,0.7,0.357,3.1,6.7,0.468,0.474,1.4,2.2,0.652,1.6,3.0,4.6,1.1,1.7,0.3,1.2,2.7,8.4,130.0,131.0,Memphis Grizzlies,"$5,158,539 "
196,197.0,Meyers Leonard,PF,23.0,POR,61.0,10.0,21.9,3.2,7.1,0.448,1.4,3.7,0.377,1.8,3.4,0.527,0.547,0.6,0.8,0.761,0.8,4.3,5.1,1.5,0.1,0.3,1.3,3.0,8.4,194.0,195.0,Portland Trail Blazers,"$3,075,880 "
197,198.0,Tony Wroten,PG,22.0,PHI,8.0,3.0,18.0,2.8,8.1,0.338,0.4,2.1,0.176,2.4,6.0,0.396,0.362,2.5,4.6,0.541,0.3,2.4,2.6,2.5,0.4,0.0,3.6,1.4,8.4,407.0,408.0,Philadelphia 76ers,"$167,406 "
198,199.0,Lance Stephenson,SF,25.0,TOT,69.0,13.0,19.9,3.3,6.9,0.481,0.4,1.1,0.385,2.9,5.7,0.5,0.513,1.3,1.6,0.784,0.6,2.7,3.2,1.9,0.6,0.1,1.4,2.0,8.3,74.0,75.0,Memphis Grizzlies,"$9,000,000 "
199,200.0,Jusuf Nurkic,C,21.0,DEN,32.0,3.0,17.1,3.2,7.6,0.417,0.0,0.1,0.0,3.2,7.5,0.423,0.417,1.9,3.1,0.616,2.0,3.4,5.5,1.3,0.8,1.4,1.7,2.8,8.2,263.0,264.0,Denver Nuggets,"$1,842,000 "
200,201.0,Lance Thomas,PF,27.0,NYK,59.0,5.0,22.3,2.9,6.5,0.442,0.7,1.8,0.404,2.1,4.6,0.458,0.5,1.7,2.0,0.857,0.6,1.6,2.2,0.9,0.4,0.1,1.0,1.8,8.2,273.0,274.0,New York Knicks,"$1,636,842 "
201,202.0,Mo Williams,PG,33.0,CLE,41.0,14.0,18.2,3.2,7.4,0.437,0.9,2.5,0.353,2.3,4.9,0.48,0.497,0.9,1.0,0.905,0.1,1.6,1.8,2.4,0.3,0.1,1.4,1.5,8.2,249.0,250.0,Cleveland Cavaliers,"$2,100,000 "
202,203.0,Stanley Johnson,SF,19.0,DET,73.0,6.0,23.1,3.1,8.2,0.375,0.9,2.8,0.307,2.2,5.4,0.41,0.428,1.1,1.4,0.784,0.8,3.4,4.2,1.6,0.8,0.2,1.6,2.4,8.1,208.0,209.0,Detroit Pistons,"$2,841,960 "
203,204.0,Steven Adams,C,22.0,OKC,80.0,80.0,25.2,3.3,5.3,0.613,0.0,0.0,,3.3,5.3,0.613,0.613,1.4,2.5,0.582,2.7,3.9,6.7,0.8,0.5,1.1,1.1,2.8,8.0,235.0,236.0,Oklahoma City Thunder,"$2,279,040 "
204,205.0,P.J. Tucker,SF,30.0,PHO,82.0,80.0,31.0,2.9,7.1,0.411,0.8,2.5,0.33,2.1,4.6,0.455,0.469,1.3,1.7,0.746,2.0,4.2,6.2,2.2,1.3,0.2,1.4,2.5,8.0,122.0,123.0,Phoenix Suns,"$5,500,000 "
205,206.0,Jared Dudley,PF,30.0,WAS,81.0,41.0,25.9,2.9,6.0,0.478,1.2,2.9,0.42,1.6,3.1,0.534,0.581,0.9,1.2,0.735,0.7,2.9,3.5,2.1,0.9,0.2,1.0,2.3,7.9,149.0,150.0,Washington Wizards,"$4,375,000 "
206,207.0,Joffrey Lauvergne,C,24.0,DEN,59.0,15.0,17.6,3.3,6.4,0.513,0.2,0.9,0.245,3.1,5.5,0.557,0.53,1.1,1.2,0.899,1.3,3.6,4.9,0.9,0.2,0.3,0.9,1.9,7.9,269.0,270.0,Denver Nuggets,"$1,709,719 "
207,208.0,David Lee,PF,32.0,TOT,55.0,5.0,16.4,3.2,6.1,0.531,0.0,0.0,0.0,3.2,6.1,0.533,0.531,1.3,1.7,0.763,1.8,3.7,5.5,1.5,0.4,0.5,1.2,2.1,7.8,250.0,251.0,Dallas Mavericks,"$2,085,671 "
208,209.0,O.J. Mayo,SG,28.0,MIL,41.0,24.0,26.6,2.9,7.8,0.371,1.3,4.0,0.321,1.6,3.9,0.421,0.452,0.8,1.0,0.775,0.3,2.2,2.6,2.9,1.2,0.2,1.8,3.1,7.8,,,,
209,210.0,Ben McLemore,SG,22.0,SAC,68.0,53.0,21.2,2.9,6.7,0.429,1.0,2.7,0.362,1.9,4.0,0.474,0.502,1.1,1.5,0.718,0.5,1.7,2.2,1.2,0.8,0.1,1.5,2.1,7.8,189.0,190.0,Sacramento Kings,"$3,156,600 "
210,211.0,Tristan Thompson,PF,24.0,CLE,82.0,34.0,27.7,3.0,5.1,0.588,0.0,0.0,,3.0,5.1,0.588,0.588,1.8,3.0,0.616,3.3,5.7,9.0,0.8,0.5,0.6,0.7,2.5,7.8,32.0,33.0,Cleveland Cavaliers,"$14,260,870 "
211,212.0,Wayne Ellington,SG,28.0,BRK,76.0,41.0,21.3,2.9,7.4,0.389,1.3,3.5,0.358,1.6,3.9,0.416,0.474,0.7,0.8,0.857,0.3,2.0,2.3,1.1,0.6,0.1,0.6,1.1,7.7,282.0,283.0,Brooklyn Nets,"$1,500,000 "
212,213.0,Jameer Nelson,PG,33.0,DEN,39.0,15.0,26.6,2.9,7.9,0.368,1.1,3.7,0.299,1.8,4.2,0.429,0.438,0.8,0.9,0.857,0.5,2.5,2.9,4.9,0.6,0.1,1.7,2.6,7.7,150.0,151.0,Denver Nuggets,"$4,345,000 "
213,214.0,Jose Calderon,PG,34.0,NYK,72.0,72.0,28.1,2.9,6.3,0.459,1.2,2.8,0.414,1.7,3.5,0.496,0.552,0.6,0.7,0.875,0.3,2.9,3.2,4.2,0.9,0.1,1.2,1.9,7.6,92.0,93.0,New York Knicks,"$7,402,812 "
214,215.0,Langston Galloway,PG,24.0,NYK,82.0,7.0,24.8,2.8,7.2,0.393,0.9,2.7,0.344,1.9,4.4,0.423,0.458,1.0,1.4,0.754,0.5,3.0,3.5,2.5,0.9,0.3,0.7,2.2,7.6,369.0,370.0,New York Knicks,"$845,059 "
215,216.0,Devin Harris,PG,32.0,DAL,64.0,0.0,20.0,2.6,5.8,0.447,0.8,2.5,0.329,1.8,3.4,0.532,0.516,1.6,2.2,0.721,0.3,1.9,2.2,1.8,0.9,0.2,1.0,1.9,7.6,159.0,160.0,Dallas Mavericks,"$4,053,446 "
216,217.0,Darrell Arthur,PF,27.0,DEN,70.0,16.0,21.7,3.2,7.0,0.452,0.6,1.7,0.385,2.5,5.3,0.473,0.498,0.6,0.8,0.755,1.2,3.0,4.2,1.4,0.8,0.7,0.9,2.6,7.5,214.0,215.0,Denver Nuggets,"$2,814,000 "
217,218.0,D.J. Augustin,PG,28.0,TOT,62.0,0.0,19.0,2.4,5.6,0.423,1.1,2.7,0.405,1.3,2.9,0.44,0.52,1.7,2.1,0.805,0.1,1.4,1.5,3.2,0.6,0.1,1.4,1.4,7.5,,,,
218,219.0,Matthew Dellavedova,PG,25.0,CLE,76.0,14.0,24.6,2.7,6.7,0.405,1.3,3.1,0.41,1.4,3.6,0.401,0.501,0.8,0.9,0.864,0.4,1.7,2.1,4.4,0.6,0.1,1.5,2.3,7.5,320.0,321.0,Cleveland Cavaliers,"$1,147,276 "
219,220.0,Frank Kaminsky,C,22.0,CHO,81.0,3.0,21.1,2.7,6.5,0.41,0.8,2.5,0.337,1.8,4.0,0.455,0.474,1.3,1.8,0.73,0.9,3.3,4.1,1.2,0.5,0.5,0.7,1.6,7.5,,,,
220,221.0,E'Twaun Moore,SG,26.0,CHI,59.0,22.0,21.4,3.2,6.6,0.481,0.8,1.8,0.452,2.4,4.8,0.491,0.541,0.4,0.6,0.629,0.3,1.9,2.3,1.7,0.6,0.3,0.9,1.7,7.5,,,,
221,222.0,JaMychal Green,PF,25.0,MEM,78.0,15.0,18.5,2.9,6.3,0.465,0.2,0.6,0.333,2.8,5.8,0.478,0.48,1.3,1.8,0.752,1.8,3.0,4.8,0.9,0.6,0.4,1.1,2.4,7.4,367.0,368.0,Memphis Grizzlies,"$845,059 "
222,223.0,Amir Johnson,PF,28.0,BOS,79.0,76.0,22.8,3.2,5.4,0.585,0.1,0.5,0.233,3.0,4.8,0.624,0.596,0.9,1.5,0.57,2.3,4.1,6.4,1.7,0.7,1.1,1.2,2.7,7.3,51.0,52.0,Boston Celtics,"$12,000,000 "
223,224.0,Shane Larkin,PG,23.0,BRK,78.0,17.0,22.4,2.8,6.4,0.442,0.5,1.4,0.361,2.3,5.1,0.464,0.481,1.1,1.4,0.776,0.4,1.9,2.3,4.4,1.2,0.2,1.9,1.6,7.3,281.0,282.0,Brooklyn Nets,"$1,500,000 "
224,225.0,Jodie Meeks,SG,28.0,DET,3.0,0.0,14.3,2.3,6.7,0.35,1.3,3.0,0.444,1.0,3.7,0.273,0.45,1.3,1.3,1.0,0.3,1.3,1.7,1.0,0.0,0.0,0.3,0.7,7.3,107.0,108.0,Detroit Pistons,"$6,270,000 "
225,226.0,Garrett Temple,SF,29.0,WAS,80.0,43.0,24.4,2.5,6.3,0.398,1.1,3.2,0.345,1.4,3.1,0.453,0.486,1.1,1.6,0.728,0.5,2.2,2.7,1.8,0.9,0.2,0.8,2.4,7.3,327.0,328.0,Washington Wizards,"$1,100,602 "
226,227.0,Nick Young,SG,30.0,LAL,54.0,2.0,19.1,2.3,6.9,0.339,1.4,4.4,0.325,0.9,2.5,0.363,0.442,1.2,1.4,0.829,0.3,1.5,1.8,0.6,0.4,0.1,0.6,0.9,7.3,127.0,128.0,Los Angeles Lakers,"$5,219,169 "
227,228.0,Brandon Bass,PF,30.0,LAL,66.0,0.0,20.3,2.6,4.8,0.549,0.0,0.0,0.0,2.6,4.8,0.552,0.549,1.9,2.2,0.845,1.6,2.7,4.3,1.1,0.5,0.8,0.6,1.9,7.2,198.0,199.0,Los Angeles Lakers,"$3,000,000 "
228,229.0,Corey Brewer,SF,29.0,HOU,82.0,12.0,20.4,2.6,6.7,0.384,0.7,2.7,0.272,1.8,4.0,0.46,0.439,1.3,1.7,0.75,0.5,1.9,2.4,1.3,1.0,0.2,1.0,2.0,7.2,80.0,81.0,Houston Rockets,"$8,229,375 "
229,230.0,Tyson Chandler,C,33.0,PHO,66.0,60.0,24.5,2.8,4.8,0.583,0.0,0.0,0.0,2.8,4.7,0.585,0.583,1.6,2.6,0.62,2.7,6.1,8.7,1.0,0.5,0.7,1.4,2.2,7.2,43.0,44.0,Phoenix Suns,"$13,000,000 "
230,231.0,Mike Dunleavy,SF,35.0,CHI,31.0,30.0,22.7,2.5,6.1,0.41,1.3,3.2,0.394,1.2,2.9,0.427,0.513,0.9,1.2,0.784,0.3,2.4,2.7,1.3,0.5,0.3,0.8,2.1,7.2,146.0,147.0,Chicago Bulls,"$4,500,000 "
231,232.0,James Ennis,SF,25.0,TOT,22.0,5.0,15.0,2.5,5.1,0.478,1.2,2.6,0.448,1.3,2.5,0.509,0.593,1.1,1.5,0.735,1.0,1.0,1.9,1.0,0.7,0.2,0.9,1.3,7.2,366.0,367.0,Memphis Grizzlies,"$845,059 "
232,233.0,Danny Green,SG,28.0,SAS,79.0,79.0,26.1,2.7,7.1,0.376,1.5,4.4,0.332,1.2,2.7,0.448,0.48,0.4,0.6,0.739,0.6,3.2,3.8,1.8,1.0,0.8,0.9,1.8,7.2,66.0,67.0,San Antonio Spurs,"$10,000,000 "
233,234.0,Jason Smith,C,29.0,ORL,76.0,2.0,15.5,3.2,6.6,0.485,0.1,0.2,0.25,3.2,6.4,0.493,0.489,0.7,0.9,0.806,0.7,2.2,2.9,0.8,0.4,0.9,0.8,2.1,7.2,152.0,153.0,Orlando Magic,"$4,300,000 "
234,235.0,Aaron Brooks,PG,31.0,CHI,69.0,0.0,16.1,2.7,6.8,0.401,1.0,2.7,0.357,1.8,4.1,0.43,0.471,0.7,0.9,0.766,0.3,1.2,1.5,2.6,0.4,0.1,1.2,1.9,7.1,236.0,237.0,Chicago Bulls,"$2,250,000 "
235,236.0,Marreese Speights,C,28.0,GSW,72.0,0.0,11.6,2.7,6.3,0.432,0.3,0.9,0.387,2.4,5.5,0.439,0.458,1.3,1.6,0.825,1.1,2.3,3.3,0.8,0.3,0.5,0.9,1.6,7.1,167.0,168.0,Golden State Warriors,"$3,815,000 "
236,237.0,David West,PF,35.0,SAS,78.0,19.0,18.0,3.1,5.7,0.545,0.0,0.1,0.429,3.1,5.7,0.546,0.548,0.8,1.0,0.788,0.9,3.0,4.0,1.8,0.6,0.7,0.9,1.8,7.1,283.0,284.0,San Antonio Spurs,"$1,499,187 "
237,238.0,Luke Babbitt,SF,26.0,NOP,47.0,13.0,18.0,2.6,6.1,0.422,0.9,2.3,0.404,1.7,3.8,0.433,0.498,0.8,1.1,0.78,0.5,2.6,3.1,1.1,0.2,0.1,0.5,1.9,7.0,325.0,326.0,New Orleans Pelicans,"$1,100,602 "
238,239.0,Clint Capela,C,21.0,HOU,77.0,35.0,19.1,3.0,5.2,0.582,0.0,0.0,0.0,3.0,5.1,0.583,0.582,1.0,2.7,0.379,2.5,3.9,6.4,0.6,0.8,1.2,0.8,2.5,7.0,304.0,305.0,Houston Rockets,"$1,242,720 "
239,240.0,Willie Cauley-Stein,C,22.0,SAC,66.0,39.0,21.4,2.9,5.1,0.563,0.0,0.0,0.0,2.9,5.1,0.567,0.563,1.2,1.9,0.648,2.0,3.3,5.3,0.6,0.7,1.0,0.7,2.2,7.0,181.0,182.0,Sacramento Kings,"$3,398,280 "
240,241.0,Festus Ezeli,C,26.0,GSW,46.0,13.0,16.7,2.7,5.0,0.548,0.0,0.0,,2.7,5.0,0.548,0.548,1.5,2.9,0.53,2.0,3.6,5.6,0.7,0.4,1.1,0.8,2.0,7.0,256.0,257.0,Golden State Warriors,"$2,008,748 "
241,242.0,John Henson,C,25.0,MIL,57.0,1.0,16.8,2.9,5.1,0.564,0.0,0.0,0.0,2.9,5.1,0.566,0.564,1.2,2.1,0.59,1.5,2.4,3.9,0.9,0.3,1.9,1.1,2.3,7.0,199.0,200.0,Milwaukee Bucks,"$2,943,221 "
242,243.0,Andre Iguodala,SF,32.0,GSW,65.0,1.0,26.6,2.7,5.7,0.478,0.8,2.4,0.351,1.9,3.3,0.57,0.552,0.8,1.3,0.614,0.8,3.2,4.0,3.4,1.1,0.3,1.2,1.6,7.0,52.0,53.0,Golden State Warriors,"$11,710,456 "
243,244.0,Bobby Portis,PF,20.0,CHI,62.0,4.0,17.8,3.0,7.0,0.427,0.3,0.8,0.308,2.7,6.2,0.443,0.445,0.8,1.1,0.727,2.0,3.5,5.4,0.8,0.4,0.4,0.9,1.6,7.0,290.0,291.0,Chicago Bulls,"$1,391,160 "
244,245.0,Donald Sloan,PG,28.0,BRK,61.0,33.0,21.6,2.5,5.7,0.44,0.6,1.6,0.384,1.9,4.1,0.462,0.494,1.3,1.7,0.75,0.3,2.6,2.8,4.4,0.5,0.1,1.3,1.2,7.0,,,,
245,246.0,Brandon Jennings,PG,26.0,TOT,48.0,7.0,18.1,2.3,6.3,0.368,1.1,3.2,0.329,1.3,3.1,0.409,0.452,1.2,1.6,0.731,0.3,1.7,2.0,3.5,0.6,0.1,1.2,1.2,6.9,78.0,79.0,Orlando Magic,"$8,344,497 "
246,247.0,Wesley Johnson,SF,28.0,LAC,80.0,9.0,20.8,2.6,6.4,0.404,1.3,3.9,0.333,1.3,2.6,0.51,0.504,0.4,0.6,0.652,0.5,2.6,3.1,0.6,1.1,0.7,0.7,2.2,6.9,,,,
247,248.0,Andrew Nicholson,PF,26.0,ORL,56.0,0.0,14.7,2.6,5.5,0.471,0.7,2.0,0.36,1.9,3.5,0.536,0.537,0.9,1.2,0.785,0.6,3.0,3.6,0.4,0.2,0.4,0.7,1.2,6.9,230.0,231.0,Orlando Magic,"$2,380,593 "
248,249.0,Patrick Patterson,PF,26.0,TOR,79.0,0.0,25.6,2.6,6.2,0.414,1.3,3.7,0.362,1.2,2.5,0.49,0.521,0.4,0.4,0.853,1.0,3.4,4.3,1.2,0.7,0.4,0.8,1.6,6.9,108.0,109.0,Toronto Raptors,"$6,268,675 "
249,250.0,Brandan Wright,PF,28.0,MEM,12.0,2.0,17.7,2.9,4.3,0.673,0.0,0.0,,2.9,4.3,0.673,0.673,1.1,2.0,0.542,1.2,2.4,3.6,0.5,0.4,1.3,0.8,1.8,6.9,124.0,125.0,Memphis Grizzlies,"$5,464,000 "
250,251.0,Seth Curry,PG,25.0,SAC,44.0,9.0,15.7,2.3,5.1,0.455,1.1,2.5,0.45,1.2,2.6,0.46,0.567,1.0,1.2,0.833,0.2,1.2,1.4,1.5,0.5,0.1,0.8,0.9,6.8,,,,
251,252.0,Kosta Koufos,C,26.0,SAC,78.0,14.0,19.0,3.0,5.7,0.532,0.0,0.0,,3.0,5.7,0.532,0.532,0.7,1.3,0.548,2.2,3.3,5.4,0.4,0.5,0.9,0.6,2.4,6.8,89.0,90.0,Sacramento Kings,"$7,700,000 "
252,253.0,Andrea Bargnani,C,30.0,BRK,46.0,0.0,13.8,2.8,6.1,0.455,0.1,0.3,0.188,2.7,5.7,0.471,0.461,1.0,1.2,0.825,0.6,1.5,2.1,0.4,0.1,0.2,0.6,1.3,6.6,291.0,292.0,Brooklyn Nets,"$1,362,897 "
253,254.0,Vince Carter,SG,39.0,MEM,60.0,3.0,16.8,2.2,5.7,0.388,1.0,2.8,0.349,1.2,2.9,0.425,0.474,1.2,1.4,0.833,0.5,1.9,2.4,0.9,0.6,0.3,0.6,1.7,6.6,158.0,159.0,Memphis Grizzlies,"$4,088,019 "
254,255.0,Josh Richardson,SG,22.0,MIA,52.0,2.0,21.3,2.4,5.2,0.452,1.0,2.2,0.461,1.3,3.0,0.446,0.55,0.8,1.2,0.667,0.4,1.7,2.1,1.4,0.7,0.5,0.7,2.1,6.6,379.0,380.0,Miami Heat,"$525,093 "
255,256.0,Ed Davis,PF,26.0,POR,81.0,0.0,20.8,2.5,4.2,0.611,0.0,0.0,,2.5,4.2,0.611,0.611,1.4,2.5,0.559,2.8,4.6,7.4,1.1,0.7,0.9,0.8,2.5,6.5,98.0,99.0,Portland Trail Blazers,"$6,980,802 "
256,257.0,Kris Humphries,PF,30.0,TOT,53.0,17.0,15.8,2.3,5.6,0.41,0.6,2.0,0.315,1.6,3.5,0.465,0.468,1.3,1.6,0.798,1.1,3.0,4.1,0.7,0.3,0.4,0.7,1.8,6.5,340.0,341.0,Washington Wizards,"$1,000,000 "
257,258.0,Henry Sims,C,25.0,BRK,14.0,4.0,18.8,2.4,5.5,0.429,0.0,0.0,,2.4,5.5,0.429,0.429,1.8,2.1,0.833,1.5,3.6,5.1,0.6,0.6,1.0,0.9,2.6,6.5,,,,
258,259.0,Leandro Barbosa,SG,33.0,GSW,68.0,0.0,15.9,2.5,5.4,0.462,0.6,1.6,0.355,1.9,3.8,0.508,0.515,0.8,0.9,0.839,0.4,1.3,1.7,1.2,0.6,0.1,0.8,1.6,6.4,223.0,224.0,Golden State Warriors,"$2,500,000 "
259,260.0,Boris Diaw,PF,33.0,SAS,76.0,4.0,18.2,2.7,5.0,0.527,0.3,0.9,0.362,2.3,4.1,0.564,0.56,0.7,1.0,0.737,0.8,2.3,3.1,2.3,0.3,0.3,1.3,1.3,6.4,90.0,91.0,San Antonio Spurs,"$7,500,000 "
260,261.0,Tim Hardaway,SG,23.0,ATL,51.0,1.0,16.9,2.2,5.2,0.43,0.9,2.8,0.338,1.3,2.4,0.537,0.521,1.0,1.1,0.893,0.1,1.5,1.7,1.0,0.4,0.1,0.5,0.9,6.4,,,,
261,262.0,Maurice Harkless,SF,22.0,POR,78.0,14.0,18.7,2.5,5.3,0.474,0.5,1.8,0.279,2.0,3.5,0.576,0.522,0.9,1.4,0.622,1.3,2.3,3.6,0.9,0.6,0.4,0.8,1.6,6.4,202.0,203.0,Portland Trail Blazers,"$2,894,059 "
262,263.0,Thabo Sefolosha,SF,31.0,ATL,75.0,11.0,23.4,2.5,5.0,0.505,0.6,1.7,0.339,1.9,3.3,0.589,0.562,0.8,1.3,0.626,0.7,3.8,4.5,1.4,1.1,0.5,0.9,1.5,6.4,163.0,164.0,Atlanta Hawks,"$4,000,000 "
263,264.0,Justise Winslow,SF,19.0,MIA,78.0,8.0,28.6,2.5,5.9,0.422,0.4,1.5,0.276,2.1,4.4,0.471,0.457,1.0,1.5,0.684,1.0,4.1,5.2,1.5,0.9,0.3,1.2,2.4,6.4,227.0,228.0,Miami Heat,"$2,481,720 "
264,265.0,Aron Baynes,C,29.0,DET,81.0,1.0,15.2,2.4,4.7,0.505,0.0,0.0,0.0,2.4,4.7,0.508,0.505,1.6,2.0,0.764,1.7,3.0,4.7,0.6,0.3,0.6,0.8,1.9,6.3,103.0,104.0,Detroit Pistons,"$6,500,000 "
265,266.0,Shaun Livingston,PG,30.0,GSW,78.0,3.0,19.5,2.6,4.9,0.536,0.0,0.2,0.167,2.6,4.7,0.548,0.538,1.0,1.2,0.86,0.5,1.6,2.2,3.0,0.7,0.3,1.0,1.8,6.3,119.0,120.0,Golden State Warriors,"$5,543,725 "
266,267.0,Timofey Mozgov,C,29.0,CLE,76.0,48.0,17.4,2.7,4.7,0.565,0.0,0.1,0.143,2.7,4.6,0.574,0.567,0.9,1.3,0.716,1.4,3.0,4.4,0.4,0.3,0.8,0.9,2.1,6.3,139.0,140.0,Cleveland Cavaliers,"$4,950,000 "
267,268.0,P.J. Hairston,SF,23.0,TOT,66.0,52.0,19.9,2.2,6.2,0.355,1.1,3.7,0.29,1.1,2.5,0.449,0.441,0.8,1.0,0.781,0.4,2.3,2.6,0.6,0.5,0.2,0.6,2.1,6.2,307.0,308.0,Charlotte Hornets,"$1,201,440 "
268,269.0,Donatas Motiejunas,PF,25.0,HOU,37.0,22.0,14.8,2.4,5.5,0.439,0.4,1.5,0.281,2.0,4.0,0.5,0.478,0.9,1.4,0.642,1.0,1.9,2.9,1.1,0.5,0.1,1.2,1.9,6.2,234.0,235.0,Houston Rockets,"$2,288,205 "
269,270.0,Mike Scott,PF,27.0,ATL,75.0,0.0,15.3,2.3,5.0,0.468,0.8,2.1,0.392,1.5,2.9,0.523,0.551,0.7,0.8,0.794,0.7,2.0,2.7,1.0,0.3,0.2,0.6,1.4,6.2,185.0,186.0,Atlanta Hawks,"$3,333,333 "
270,271.0,Dante Cunningham,SF,28.0,NOP,80.0,46.0,24.6,2.3,5.2,0.451,0.7,2.2,0.316,1.6,3.0,0.55,0.518,0.7,1.0,0.695,0.7,2.2,3.0,1.0,0.5,0.4,0.5,2.2,6.1,207.0,208.0,New Orleans Pelicans,"$2,850,000 "
271,272.0,Channing Frye,PF-C,32.0,TOT,70.0,32.0,17.1,2.2,5.0,0.438,1.3,3.4,0.387,0.9,1.6,0.545,0.569,0.4,0.5,0.857,0.5,2.8,3.3,1.0,0.4,0.4,0.6,1.8,6.1,82.0,83.0,Orlando Magic,"$8,193,029 "
272,273.0,Mario Hezonja,SF,20.0,ORL,79.0,9.0,17.9,2.3,5.3,0.433,0.8,2.4,0.349,1.4,2.9,0.504,0.513,0.6,0.7,0.907,0.4,1.9,2.2,1.4,0.5,0.2,1.2,1.6,6.1,172.0,173.0,Orlando Magic,"$3,741,480 "
273,274.0,Trey Lyles,PF,20.0,UTA,80.0,33.0,17.3,2.4,5.5,0.438,0.6,1.6,0.383,1.8,3.9,0.461,0.494,0.7,1.0,0.695,0.7,3.0,3.7,0.7,0.3,0.2,0.8,1.4,6.1,237.0,238.0,Utah Jazz,"$2,239,800 "
274,275.0,T.J. McConnell,PG,23.0,PHI,81.0,17.0,19.8,2.7,5.7,0.47,0.4,1.1,0.348,2.3,4.6,0.499,0.503,0.3,0.5,0.634,0.5,2.6,3.1,4.5,1.2,0.1,1.7,1.4,6.1,,,,
275,276.0,Paul Pierce,SF,38.0,LAC,68.0,38.0,18.1,2.1,5.8,0.363,1.1,3.6,0.31,1.0,2.3,0.445,0.457,0.8,1.0,0.818,0.2,2.6,2.7,1.0,0.5,0.3,0.9,1.9,6.1,183.0,184.0,LA Clippers,"$3,376,000 "
276,277.0,Tyler Zeller,C,26.0,BOS,60.0,3.0,11.8,2.3,4.8,0.476,0.0,0.0,,2.3,4.8,0.476,0.476,1.5,1.8,0.815,1.0,1.9,3.0,0.5,0.2,0.4,0.8,1.6,6.1,218.0,219.0,Boston Celtics,"$2,616,975 "
277,278.0,Alexis Ajinca,C,27.0,NOP,59.0,17.0,14.6,2.5,5.3,0.476,0.0,0.0,0.0,2.5,5.3,0.478,0.476,0.9,1.1,0.839,1.3,3.3,4.6,0.5,0.3,0.6,0.9,2.3,6.0,148.0,149.0,New Orleans Pelicans,"$4,389,607 "
278,279.0,Duje Dukan,SF,24.0,SAC,1.0,0.0,24.0,2.0,10.0,0.2,2.0,5.0,0.4,0.0,5.0,0.0,0.3,0.0,0.0,,2.0,2.0,4.0,1.0,1.0,0.0,0.0,2.0,6.0,,,,
279,280.0,Spencer Hawes,PF,27.0,CHO,57.0,6.0,18.2,2.2,5.4,0.405,0.7,1.8,0.373,1.5,3.6,0.422,0.467,0.9,1.1,0.831,0.9,3.4,4.3,1.9,0.4,0.5,1.0,1.9,6.0,109.0,110.0,Charlotte Hornets,"$6,110,034 "
280,281.0,Jonathon Simmons,SG,26.0,SAS,55.0,2.0,14.8,2.2,4.4,0.504,0.3,0.9,0.383,1.9,3.5,0.533,0.541,1.3,1.7,0.75,0.3,1.5,1.7,1.1,0.4,0.1,1.0,1.9,6.0,,,,
281,282.0,Josh Smith,PF,30.0,TOT,55.0,7.0,16.0,2.3,6.3,0.364,0.7,2.6,0.287,1.6,3.7,0.417,0.423,0.7,1.2,0.552,0.9,2.6,3.5,1.6,0.6,0.9,1.4,2.1,6.0,,,,
282,283.0,Trevor Booker,PF,28.0,UTA,79.0,2.0,20.7,2.4,4.9,0.49,0.2,0.5,0.293,2.3,4.4,0.513,0.505,0.9,1.3,0.67,2.1,3.6,5.7,1.1,0.7,0.5,1.0,2.1,5.9,140.0,141.0,Utah Jazz,"$4,775,000 "
283,284.0,Markel Brown,SG,24.0,BRK,62.0,6.0,15.8,2.0,5.2,0.394,0.6,2.0,0.314,1.4,3.2,0.443,0.453,1.1,1.5,0.755,0.4,1.6,2.0,1.5,0.6,0.2,0.9,1.5,5.9,,,,
284,285.0,Randy Foye,SG,32.0,TOT,81.0,8.0,20.3,2.1,6.0,0.351,0.9,3.1,0.3,1.2,2.9,0.405,0.428,0.8,0.9,0.824,0.3,1.6,1.9,2.0,0.5,0.4,1.1,1.6,5.9,190.0,191.0,Oklahoma City Thunder,"$3,135,000 "
285,286.0,Roy Hibbert,C,29.0,LAL,81.0,81.0,23.2,2.2,5.1,0.443,0.0,0.0,0.0,2.2,5.0,0.445,0.443,1.4,1.8,0.807,1.6,3.3,4.9,1.2,0.4,1.4,0.9,3.1,5.9,24.0,25.0,Los Angeles Lakers,"$15,592,217 "
286,287.0,J.J. Hickson,C,27.0,TOT,35.0,9.0,12.5,2.3,4.4,0.516,0.0,0.0,0.0,2.3,4.4,0.519,0.516,1.3,2.9,0.447,1.1,2.7,3.8,0.7,0.4,0.4,0.7,1.3,5.9,,,,
287,288.0,Raul Neto,PG,23.0,UTA,81.0,53.0,18.5,2.2,5.2,0.431,0.8,2.0,0.395,1.4,3.2,0.453,0.507,0.6,0.9,0.743,0.2,1.3,1.5,2.1,0.8,0.0,1.3,1.5,5.9,357.0,358.0,Utah Jazz,"$900,000 "
288,289.0,Jason Terry,SG,38.0,HOU,72.0,7.0,17.5,2.1,5.2,0.402,1.3,3.6,0.356,0.8,1.6,0.504,0.525,0.4,0.5,0.818,0.2,0.9,1.1,1.4,0.7,0.1,0.7,1.3,5.9,,,,
289,290.0,Rondae Hollis-Jefferson,SF,21.0,BRK,29.0,17.0,21.2,2.2,4.8,0.457,0.1,0.5,0.286,2.0,4.3,0.476,0.471,1.3,1.8,0.712,1.3,4.0,5.3,1.5,1.3,0.6,0.9,2.1,5.8,294.0,295.0,Brooklyn Nets,"$1,335,480 "
290,291.0,Dwight Powell,PF,24.0,DAL,69.0,2.0,14.4,2.1,4.3,0.493,0.0,0.2,0.125,2.1,4.1,0.514,0.497,1.5,2.1,0.739,1.2,2.7,4.0,0.6,0.5,0.3,0.6,1.7,5.8,,,,
291,292.0,Iman Shumpert,SG,25.0,CLE,54.0,5.0,24.4,2.1,5.6,0.374,0.8,2.7,0.295,1.3,2.9,0.447,0.444,0.7,0.9,0.784,0.6,3.2,3.8,1.7,1.0,0.4,1.1,2.2,5.8,75.0,76.0,Cleveland Cavaliers,"$8,988,765 "
292,293.0,Amar'e Stoudemire,C,33.0,MIA,52.0,36.0,14.7,2.4,4.3,0.566,0.0,0.0,,2.4,4.3,0.566,0.566,1.0,1.3,0.746,1.3,3.0,4.3,0.5,0.3,0.8,0.9,1.8,5.8,,,,
293,294.0,Ty Lawson,PG,28.0,TOT,66.0,13.0,21.4,2.1,5.4,0.393,0.5,1.6,0.333,1.6,3.7,0.419,0.444,0.9,1.3,0.686,0.4,1.4,1.8,3.6,0.8,0.1,1.4,1.3,5.7,400.0,401.0,Indiana Pacers,"$211,744 "
294,295.0,Jarell Martin,PF,21.0,MEM,27.0,0.0,14.1,2.0,4.3,0.466,0.0,0.1,0.0,2.0,4.2,0.474,0.466,1.7,2.3,0.726,1.4,1.7,3.2,0.6,0.3,0.3,0.7,2.1,5.7,305.0,306.0,Memphis Grizzlies,"$1,230,840 "
295,296.0,Xavier Munford,SG,23.0,MEM,14.0,0.0,17.4,2.3,5.5,0.416,0.6,1.6,0.391,1.6,3.9,0.426,0.474,0.5,1.0,0.5,0.2,2.0,2.2,1.6,0.9,0.2,1.1,1.8,5.7,,,,
296,297.0,Greivis Vasquez,PG,29.0,MIL,23.0,0.0,20.0,2.0,6.0,0.326,0.8,3.2,0.247,1.2,2.8,0.415,0.391,1.0,1.1,0.846,0.2,1.8,2.0,4.0,0.4,0.0,1.7,1.8,5.7,101.0,102.0,Milwaukee Bucks,"$6,600,000 "
297,298.0,Troy Daniels,SG,24.0,CHO,43.0,0.0,11.1,2.1,4.3,0.476,1.4,2.8,0.484,0.7,1.5,0.462,0.634,0.1,0.2,0.556,0.2,1.2,1.3,0.5,0.3,0.1,0.6,0.9,5.6,354.0,355.0,Charlotte Hornets,"$947,276 "
298,299.0,Bryce Dejean-Jones,SG,23.0,NOP,14.0,11.0,19.9,2.0,4.9,0.406,0.9,2.3,0.375,1.1,2.6,0.432,0.493,0.8,1.5,0.524,0.6,2.9,3.4,1.1,0.7,0.1,0.8,1.2,5.6,406.0,407.0,New Orleans Pelicans,"$169,883 "
299,300.0,Jerian Grant,PG,23.0,NYK,76.0,6.0,16.6,2.0,5.1,0.394,0.3,1.3,0.22,1.7,3.8,0.454,0.422,1.3,1.6,0.78,0.3,1.6,1.9,2.3,0.7,0.1,1.1,1.3,5.6,277.0,278.0,New York Knicks,"$1,572,360 "
300,301.0,Richaun Holmes,PF,22.0,PHI,51.0,1.0,13.8,2.2,4.4,0.514,0.2,0.9,0.182,2.1,3.5,0.596,0.532,1.0,1.5,0.689,1.2,1.4,2.6,0.6,0.4,0.8,0.6,1.8,5.6,330.0,331.0,Philadelphia 76ers,"$1,074,169 "
301,302.0,Anthony Morrow,SG,30.0,OKC,68.0,6.0,13.6,2.0,4.9,0.408,1.2,3.0,0.387,0.8,1.9,0.442,0.527,0.4,0.6,0.744,0.1,0.8,0.9,0.4,0.3,0.1,0.3,0.9,5.6,184.0,185.0,Oklahoma City Thunder,"$3,344,000 "
302,303.0,Norman Powell,SG,22.0,TOR,49.0,24.0,14.8,2.0,4.7,0.424,0.7,1.8,0.404,1.2,2.9,0.436,0.502,0.9,1.1,0.811,0.3,1.9,2.3,1.0,0.6,0.2,0.7,1.2,5.6,373.0,374.0,Toronto Raptors,"$650,000 "
303,304.0,Tiago Splitter,C,31.0,ATL,36.0,2.0,16.1,2.3,4.3,0.523,0.0,0.1,0.0,2.3,4.3,0.529,0.523,1.1,1.3,0.813,1.3,2.1,3.3,0.8,0.6,0.3,0.7,2.0,5.6,67.0,68.0,Atlanta Hawks,"$9,756,250 "
304,305.0,Cole Aldrich,C,27.0,LAC,60.0,5.0,13.3,2.2,3.8,0.596,0.0,0.0,,2.2,3.8,0.596,0.596,1.0,1.4,0.714,1.4,3.4,4.8,0.8,0.8,1.1,1.1,2.3,5.5,326.0,327.0,LA Clippers,"$1,100,602 "
305,306.0,Bismack Biyombo,C,23.0,TOR,82.0,22.0,22.0,1.9,3.5,0.542,0.0,0.0,0.0,1.9,3.5,0.544,0.542,1.7,2.8,0.628,2.2,5.8,8.0,0.4,0.2,1.6,0.9,2.7,5.5,,,,
306,307.0,Richard Jefferson,SF,35.0,CLE,74.0,5.0,17.9,1.9,4.2,0.458,0.9,2.3,0.382,1.0,1.9,0.554,0.564,0.8,1.2,0.667,0.2,1.5,1.7,0.8,0.4,0.2,0.6,1.7,5.5,,,,
307,308.0,Boban Marjanovic,C,27.0,SAS,54.0,4.0,9.4,1.9,3.2,0.603,0.0,0.0,,1.9,3.2,0.603,0.603,1.6,2.1,0.763,1.4,2.2,3.6,0.4,0.2,0.4,0.5,1.0,5.5,308.0,309.0,San Antonio Spurs,"$1,200,000 "
308,309.0,Larry Nance Jr.,PF,23.0,LAL,63.0,22.0,20.1,2.5,4.8,0.527,0.0,0.2,0.1,2.5,4.6,0.541,0.528,0.5,0.7,0.681,1.6,3.3,5.0,0.7,0.9,0.4,0.7,2.0,5.5,316.0,317.0,Los Angeles Lakers,"$1,155,600 "
309,310.0,Lavoy Allen,PF,26.0,IND,79.0,28.0,20.2,2.4,4.7,0.516,0.0,0.0,,2.4,4.7,0.516,0.516,0.6,0.9,0.63,2.1,3.3,5.4,1.0,0.3,0.5,0.9,1.9,5.4,160.0,161.0,Indiana Pacers,"$4,050,000 "
310,311.0,Andrew Bogut,C,31.0,GSW,70.0,66.0,20.7,2.5,4.0,0.627,0.0,0.0,1.0,2.5,4.0,0.626,0.629,0.3,0.7,0.48,1.7,5.3,7.0,2.3,0.5,1.6,1.2,3.2,5.4,35.0,36.0,Golden State Warriors,"$13,800,000 "
311,312.0,Ronnie Price,PG,32.0,PHO,62.0,18.0,19.5,1.9,4.9,0.384,1.1,3.2,0.347,0.8,1.7,0.453,0.497,0.5,0.7,0.756,0.4,1.2,1.6,2.4,1.2,0.2,1.1,2.6,5.3,,,,
312,313.0,Tony Snell,SF,24.0,CHI,64.0,33.0,20.3,2.0,5.3,0.372,0.9,2.4,0.361,1.1,2.9,0.38,0.454,0.5,0.5,0.909,0.3,2.8,3.1,1.0,0.3,0.3,0.8,1.6,5.3,278.0,279.0,Chicago Bulls,"$1,535,880 "
313,314.0,Anthony Tolliver,PF,30.0,DET,72.0,5.0,18.6,1.8,4.6,0.386,1.4,3.8,0.36,0.4,0.8,0.5,0.533,0.4,0.7,0.617,0.5,2.6,3.2,0.7,0.4,0.2,0.4,1.2,5.3,197.0,198.0,Detroit Pistons,"$3,000,000 "
314,315.0,Quincy Acy,PF,25.0,SAC,59.0,29.0,14.8,2.0,3.6,0.556,0.3,0.8,0.388,1.7,2.8,0.606,0.6,0.8,1.2,0.735,1.1,2.1,3.2,0.5,0.5,0.4,0.5,1.7,5.2,,,,
315,316.0,Nemanja Bjelica,PF,27.0,MIN,60.0,0.0,17.9,1.8,3.9,0.468,0.8,2.1,0.384,1.0,1.8,0.564,0.57,0.7,0.9,0.727,0.8,2.7,3.5,1.4,0.4,0.4,0.8,2.6,5.1,165.0,166.0,Minnesota Timberwolves,"$3,950,001 "
316,317.0,Tim Frazier,PG,25.0,TOT,51.0,2.0,14.5,1.9,4.5,0.419,0.3,0.9,0.333,1.6,3.5,0.442,0.454,1.0,1.5,0.716,0.5,1.6,2.2,3.2,0.6,0.0,1.3,1.4,5.1,,,,
317,318.0,JaVale McGee,C,28.0,DAL,34.0,2.0,10.9,2.3,3.9,0.575,0.0,0.0,0.0,2.3,3.9,0.579,0.575,0.5,1.1,0.5,1.6,2.4,3.9,0.1,0.1,0.8,0.6,1.4,5.1,,,,
318,319.0,Miles Plumlee,C,27.0,MIL,61.0,14.0,14.3,2.3,3.8,0.601,0.0,0.0,,2.3,3.8,0.601,0.601,0.6,1.0,0.576,1.5,2.3,3.8,0.3,0.3,0.8,0.7,1.2,5.1,248.0,249.0,Milwaukee Bucks,"$2,109,294 "
319,320.0,JaKarr Sampson,SF,22.0,TOT,73.0,40.0,15.9,1.9,4.3,0.442,0.2,0.9,0.222,1.7,3.5,0.496,0.464,1.1,1.7,0.656,0.6,2.0,2.6,0.6,0.3,0.5,1.0,1.9,5.1,395.0,396.0,Philadelphia 76ers,"$258,489 "
320,321.0,Charlie Villanueva,PF,31.0,DAL,62.0,4.0,10.7,2.0,5.3,0.382,0.8,2.8,0.273,1.3,2.5,0.503,0.454,0.4,0.4,0.917,0.4,2.1,2.5,0.4,0.3,0.2,0.5,1.1,5.1,,,,
321,322.0,Alan Anderson,SG,33.0,WAS,13.0,0.0,14.8,1.6,4.5,0.356,0.9,2.8,0.324,0.7,1.7,0.409,0.458,0.8,1.2,0.733,0.1,2.0,2.1,1.1,0.3,0.1,0.2,1.9,5.0,,,,
322,323.0,James Johnson,PF,28.0,TOR,57.0,32.0,16.2,2.0,4.2,0.475,0.4,1.2,0.303,1.6,3.1,0.54,0.517,0.7,1.2,0.574,0.5,1.7,2.2,1.2,0.5,0.6,0.9,1.5,5.0,225.0,226.0,Toronto Raptors,"$2,500,000 "
323,324.0,Cameron Payne,PG,21.0,OKC,57.0,1.0,12.2,2.0,4.9,0.41,0.6,1.9,0.324,1.4,2.9,0.467,0.475,0.3,0.4,0.792,0.2,1.3,1.5,1.9,0.6,0.1,0.8,1.4,5.0,255.0,256.0,Oklahoma City Thunder,"$2,021,520 "
324,325.0,Metta World Peace,SF,36.0,LAL,35.0,5.0,16.9,1.6,5.1,0.311,0.7,2.4,0.31,0.8,2.7,0.312,0.384,1.1,1.6,0.702,0.5,2.0,2.5,0.8,0.6,0.3,0.4,1.9,5.0,,,,
325,326.0,Sasha Vujacic,SG,31.0,NYK,61.0,25.0,14.9,1.7,4.5,0.383,0.9,2.3,0.364,0.9,2.2,0.403,0.477,0.5,0.6,0.821,0.4,2.0,2.4,1.4,0.6,0.1,0.7,1.4,4.9,,,,
326,327.0,Spencer Dinwiddie,PG,22.0,DET,12.0,0.0,13.3,1.6,4.5,0.352,0.1,0.8,0.1,1.5,3.7,0.409,0.361,1.6,2.8,0.576,0.3,1.1,1.4,1.8,0.3,0.0,0.6,1.7,4.8,368.0,369.0,Detroit Pistons,"$845,059 "
327,328.0,Kyle O'Quinn,PF,25.0,NYK,65.0,1.0,11.8,2.0,4.2,0.476,0.1,0.3,0.227,1.9,3.8,0.498,0.485,0.7,0.9,0.767,1.2,2.7,3.8,1.1,0.3,0.8,0.9,1.6,4.8,171.0,172.0,New York Knicks,"$3,750,000 "
328,329.0,Andre Roberson,SG,24.0,OKC,70.0,70.0,22.2,1.9,3.9,0.496,0.5,1.5,0.311,1.5,2.4,0.608,0.555,0.5,0.8,0.611,1.1,2.5,3.6,0.7,0.8,0.6,0.5,1.9,4.8,306.0,307.0,Oklahoma City Thunder,"$1,210,800 "
329,330.0,Chris McCullough,PF,20.0,BRK,24.0,4.0,15.1,1.8,4.5,0.404,0.5,1.4,0.382,1.3,3.1,0.413,0.463,0.5,1.0,0.478,1.0,1.8,2.8,0.4,1.2,0.5,0.6,1.6,4.7,323.0,324.0,Brooklyn Nets,"$1,140,240 "
330,331.0,Willie Reed,PF,25.0,BRK,39.0,2.0,10.9,1.9,3.4,0.571,0.0,0.0,,1.9,3.4,0.571,0.571,0.8,1.4,0.545,1.3,1.9,3.1,0.3,0.2,0.8,0.4,1.2,4.7,348.0,349.0,Brooklyn Nets,"$947,276 "
331,332.0,Beno Udrih,PG,33.0,TOT,44.0,5.0,16.1,2.0,4.5,0.434,0.3,1.0,0.341,1.6,3.5,0.461,0.472,0.4,0.5,0.9,0.2,1.5,1.6,2.6,0.3,0.0,1.2,1.2,4.7,239.0,240.0,Memphis Grizzlies,"$2,170,465 "
332,333.0,Kyle Anderson,SF,22.0,SAS,78.0,11.0,16.0,1.8,3.8,0.468,0.2,0.5,0.324,1.6,3.3,0.488,0.488,0.8,1.1,0.747,0.3,2.8,3.1,1.6,0.8,0.4,0.8,1.2,4.5,321.0,322.0,San Antonio Spurs,"$1,142,880 "
333,334.0,Tyler Ennis,PG,21.0,MIL,46.0,7.0,14.2,1.8,4.1,0.449,0.3,0.8,0.333,1.5,3.2,0.48,0.484,0.5,0.7,0.735,0.3,1.3,1.6,2.1,0.5,0.0,1.0,1.4,4.5,271.0,272.0,Milwaukee Bucks,"$1,662,360 "
334,335.0,Alonzo Gee,SF,28.0,NOP,73.0,38.0,22.4,1.8,3.5,0.518,0.2,0.8,0.283,1.6,2.7,0.59,0.551,0.6,0.9,0.667,0.8,2.5,3.4,1.0,0.9,0.2,0.8,2.3,4.5,295.0,296.0,New Orleans Pelicans,"$1,320,000 "
335,336.0,Justin Holiday,SG,26.0,TOT,53.0,5.0,14.6,1.7,4.3,0.386,0.7,2.0,0.343,1.0,2.3,0.423,0.465,0.5,0.7,0.73,0.2,1.5,1.7,1.1,0.6,0.4,0.7,1.2,4.5,,,,
336,337.0,Marcelo Huertas,PG,32.0,LAL,53.0,0.0,16.4,1.8,4.3,0.422,0.3,1.2,0.262,1.5,3.2,0.479,0.457,0.5,0.5,0.931,0.3,1.4,1.7,3.4,0.5,0.1,1.5,1.4,4.5,,,,
337,338.0,Jordan McRae,PG,24.0,TOT,22.0,1.0,8.9,1.5,3.5,0.436,0.5,1.0,0.455,1.1,2.5,0.429,0.5,1.0,1.3,0.75,0.2,0.7,0.9,1.1,0.1,0.0,0.7,0.8,4.5,411.0,412.0,Phoenix Suns,"$111,196 "
338,339.0,Nikola Pekovic,C,30.0,MIN,12.0,3.0,13.0,1.6,4.2,0.38,0.0,0.0,,1.6,4.2,0.38,0.38,1.3,1.7,0.8,0.6,1.2,1.8,0.9,0.1,0.0,0.8,1.8,4.5,49.0,50.0,Minnesota Timberwolves,"$12,100,000 "
339,340.0,Steve Blake,PG,35.0,DET,58.0,2.0,17.0,1.6,4.1,0.388,0.9,2.6,0.344,0.7,1.5,0.461,0.496,0.3,0.3,0.8,0.2,1.4,1.5,3.4,0.4,0.1,1.4,1.2,4.4,240.0,241.0,Detroit Pistons,"$2,170,465 "
340,341.0,Dewayne Dedmon,C,26.0,ORL,58.0,20.0,12.2,1.7,3.1,0.559,0.0,0.0,,1.7,3.1,0.559,0.559,1.0,1.3,0.75,1.2,2.8,3.9,0.2,0.4,0.8,0.6,1.9,4.4,,,,
341,342.0,Jonas Jerebko,PF,28.0,BOS,78.0,0.0,15.1,1.5,3.7,0.413,0.6,1.4,0.398,1.0,2.3,0.421,0.488,0.8,1.0,0.782,1.0,2.7,3.7,0.8,0.3,0.3,0.7,1.8,4.4,138.0,139.0,Boston Celtics,"$5,000,000 "
342,343.0,Briante Weber,PG,23.0,TOT,7.0,4.0,24.1,2.0,5.6,0.359,0.0,0.7,0.0,2.0,4.9,0.412,0.359,0.4,0.6,0.75,1.1,2.4,3.6,3.0,1.3,0.4,1.3,1.7,4.4,,,,
343,344.0,Joakim Noah,C,30.0,CHI,29.0,2.0,21.9,1.8,4.6,0.383,0.0,0.0,0.0,1.8,4.6,0.386,0.383,0.8,1.6,0.489,3.0,5.8,8.8,3.8,0.6,1.0,1.8,2.7,4.3,41.0,42.0,Chicago Bulls,"$13,400,000 "
344,345.0,Thomas Robinson,PF,24.0,BRK,71.0,7.0,12.9,1.8,4.1,0.447,0.0,0.0,0.0,1.8,4.1,0.448,0.447,0.7,1.5,0.431,1.9,3.1,5.1,0.6,0.5,0.5,1.0,1.6,4.3,345.0,346.0,Brooklyn Nets,"$981,348 "
345,346.0,C.J. Watson,PG,31.0,ORL,33.0,2.0,19.9,1.4,4.2,0.343,0.4,1.5,0.292,1.0,2.7,0.371,0.394,1.0,1.2,0.872,0.3,1.7,2.0,2.7,0.6,0.2,0.8,1.5,4.3,137.0,138.0,Orlando Magic,"$5,000,000 "
346,347.0,Jeff Withey,C,25.0,UTA,51.0,10.0,12.9,1.7,3.2,0.537,0.0,0.0,0.0,1.7,3.1,0.544,0.537,0.8,1.2,0.729,1.1,2.3,3.4,0.4,0.4,1.0,0.5,1.5,4.3,352.0,353.0,Utah Jazz,"$947,276 "
347,348.0,Solomon Hill,SF,24.0,IND,59.0,3.0,14.7,1.6,3.5,0.447,0.4,1.3,0.324,1.2,2.3,0.515,0.505,0.6,0.7,0.857,0.7,2.2,2.8,1.0,0.6,0.2,0.6,1.2,4.2,292.0,293.0,Indiana Pacers,"$1,358,880 "
348,349.0,Joe Ingles,SF,28.0,UTA,81.0,2.0,15.3,1.5,3.6,0.426,1.0,2.6,0.386,0.5,1.0,0.531,0.565,0.2,0.2,0.722,0.2,1.6,1.9,1.2,0.7,0.0,0.8,1.2,4.2,252.0,253.0,Utah Jazz,"$2,050,000 "
349,350.0,Tyus Jones,PG,19.0,MIN,37.0,0.0,15.5,1.5,4.2,0.359,0.4,1.4,0.302,1.1,2.8,0.388,0.41,0.8,1.1,0.718,0.2,1.1,1.3,2.9,0.8,0.1,0.9,0.9,4.2,299.0,300.0,Minnesota Timberwolves,"$1,282,080 "
350,351.0,Ryan Kelly,PF,24.0,LAL,36.0,0.0,13.1,1.5,4.1,0.369,0.1,1.0,0.135,1.4,3.1,0.446,0.386,1.0,1.5,0.685,0.6,2.8,3.4,0.6,0.4,0.3,0.5,1.1,4.2,268.0,269.0,Los Angeles Lakers,"$1,724,250 "
351,352.0,Brandon Rush,SG,30.0,GSW,72.0,25.0,14.7,1.5,3.6,0.427,0.9,2.2,0.414,0.6,1.4,0.447,0.552,0.3,0.4,0.643,0.3,2.2,2.5,0.8,0.3,0.3,0.5,0.8,4.2,301.0,302.0,Golden State Warriors,"$1,270,964 "
352,353.0,Elton Brand,C,36.0,PHI,17.0,1.0,13.2,1.8,4.2,0.431,0.0,0.1,0.0,1.8,4.2,0.437,0.431,0.5,0.5,0.889,0.5,3.2,3.7,1.1,0.5,0.5,0.6,1.9,4.1,,,,
353,354.0,Chase Budinger,SF,27.0,TOT,66.0,2.0,14.1,1.6,3.6,0.435,0.4,1.3,0.279,1.2,2.3,0.523,0.485,0.6,0.8,0.696,0.7,1.6,2.3,1.0,0.5,0.2,0.7,0.9,4.1,401.0,402.0,Phoenix Suns,"$206,192 "
354,355.0,John Jenkins,SG,24.0,TOT,43.0,3.0,11.2,1.7,3.7,0.444,0.4,1.2,0.314,1.3,2.5,0.505,0.494,0.5,0.6,0.833,0.2,1.1,1.3,0.8,0.2,0.0,0.6,0.5,4.1,341.0,342.0,Phoenix Suns,"$981,348 "
355,356.0,Omer Asik,C,29.0,NOP,68.0,64.0,17.3,1.5,2.9,0.533,0.0,0.0,,1.5,2.9,0.533,0.533,0.9,1.6,0.545,1.8,4.3,6.1,0.4,0.3,0.3,0.9,1.8,4.0,73.0,74.0,New Orleans Pelicans,"$9,213,483 "
356,357.0,Anthony Brown,SF,23.0,LAL,29.0,11.0,20.7,1.3,4.3,0.31,0.7,2.4,0.286,0.7,1.9,0.339,0.389,0.6,0.7,0.85,0.3,2.1,2.4,0.7,0.5,0.2,0.5,1.2,4.0,372.0,373.0,Los Angeles Lakers,"$700,000 "
357,358.0,Rakeem Christmas,PF,24.0,IND,1.0,0.0,6.0,2.0,2.0,1.0,0.0,0.0,,2.0,2.0,1.0,1.0,0.0,0.0,,1.0,0.0,1.0,0.0,0.0,0.0,0.0,1.0,4.0,335.0,336.0,Indiana Pacers,"$1,007,026 "
358,359.0,Darrun Hilliard,SG,22.0,DET,38.0,2.0,10.1,1.4,3.4,0.397,0.5,1.3,0.38,0.9,2.1,0.407,0.469,0.8,1.1,0.725,0.1,1.1,1.2,0.7,0.2,0.0,0.5,0.7,4.0,375.0,376.0,Detroit Pistons,"$600,000 "
359,360.0,Brian Roberts,PG,30.0,TOT,51.0,0.0,9.2,1.5,3.2,0.448,0.3,0.8,0.357,1.2,2.4,0.48,0.494,0.8,0.9,0.894,0.1,0.7,0.8,1.1,0.2,0.0,0.5,0.7,4.0,205.0,206.0,Charlotte Hornets,"$2,854,940 "
360,361.0,Chris Andersen,C,37.0,TOT,27.0,15.0,14.9,1.4,2.7,0.528,0.1,0.5,0.286,1.3,2.1,0.586,0.556,0.9,1.3,0.694,1.3,2.3,3.6,0.4,0.6,0.5,0.3,1.1,3.9,136.0,137.0,Memphis Grizzlies,"$5,000,000 "
361,362.0,Kevin Seraphin,C,26.0,NYK,48.0,0.0,11.0,1.8,4.3,0.41,0.0,0.0,0.0,1.8,4.2,0.414,0.41,0.4,0.5,0.826,0.6,2.0,2.6,1.0,0.2,0.8,0.9,1.4,3.9,213.0,214.0,New York Knicks,"$2,814,000 "
362,363.0,Justin Anderson,SF,22.0,DAL,55.0,9.0,11.8,1.3,3.2,0.406,0.4,1.5,0.265,0.9,1.7,0.533,0.469,0.8,1.0,0.8,0.3,2.1,2.4,0.5,0.3,0.5,0.4,0.8,3.8,287.0,288.0,Dallas Mavericks,"$1,449,000 "
363,364.0,Glenn Robinson,SF,22.0,IND,45.0,4.0,11.3,1.4,3.4,0.43,0.3,0.8,0.378,1.1,2.5,0.447,0.477,0.6,0.9,0.692,0.3,1.2,1.5,0.6,0.4,0.2,0.4,0.5,3.8,,,,
364,365.0,Delon Wright,PG,23.0,TOR,27.0,1.0,8.5,1.3,3.0,0.45,0.2,0.5,0.385,1.1,2.5,0.463,0.481,1.0,1.3,0.743,0.3,1.1,1.4,1.1,0.3,0.1,0.6,0.3,3.8,280.0,281.0,Toronto Raptors,"$1,509,360 "
365,366.0,Joe Young,PG,23.0,IND,41.0,0.0,9.4,1.5,4.1,0.367,0.2,1.1,0.217,1.3,3.0,0.423,0.396,0.5,0.6,0.8,0.1,1.1,1.2,1.6,0.4,0.0,0.8,0.7,3.8,336.0,337.0,Indiana Pacers,"$1,007,026 "
366,367.0,Caron Butler,SF,35.0,SAC,17.0,1.0,10.4,1.5,3.5,0.424,0.2,1.1,0.167,1.3,2.4,0.537,0.449,0.6,0.7,0.833,0.3,1.0,1.3,0.6,0.5,0.1,0.2,1.1,3.7,286.0,287.0,Sacramento Kings,"$1,449,187 "
367,368.0,Orlando Johnson,SG,26.0,TOT,7.0,1.0,14.4,1.3,4.9,0.265,0.3,1.4,0.2,1.0,3.4,0.292,0.294,0.9,1.1,0.75,0.6,1.6,2.1,0.3,0.4,0.4,0.6,1.3,3.7,415.0,416.0,Phoenix Suns,"$55,722 "
368,369.0,James Jones,SF,35.0,CLE,48.0,0.0,9.6,1.2,3.0,0.408,0.9,2.2,0.394,0.4,0.8,0.447,0.553,0.4,0.5,0.808,0.2,0.9,1.0,0.3,0.2,0.2,0.3,1.0,3.7,,,,
369,370.0,Kendall Marshall,PG,24.0,PHI,30.0,6.0,13.3,1.4,3.9,0.364,0.5,1.6,0.327,0.9,2.3,0.391,0.432,0.3,0.4,0.692,0.1,0.9,0.9,2.4,0.5,0.1,1.4,1.0,3.7,244.0,245.0,Philadelphia 76ers,"$2,144,772 "
370,371.0,Salah Mejri,C,29.0,DAL,34.0,6.0,11.7,1.4,2.3,0.628,0.0,0.0,0.0,1.4,2.3,0.636,0.628,0.8,1.4,0.587,1.2,2.4,3.6,0.3,0.2,1.1,0.7,1.6,3.7,,,,
371,372.0,Andre Miller,PG,39.0,TOT,39.0,4.0,11.8,1.5,2.7,0.557,0.1,0.2,0.25,1.5,2.5,0.582,0.566,0.6,0.8,0.75,0.3,1.0,1.3,2.2,0.4,0.0,0.9,1.2,3.7,396.0,397.0,San Antonio Spurs,"$250,750 "
372,373.0,Shabazz Napier,PG,24.0,ORL,55.0,0.0,10.9,1.2,3.7,0.338,0.6,1.9,0.327,0.6,1.8,0.351,0.423,0.6,0.8,0.733,0.2,0.8,1.0,1.8,0.4,0.0,0.8,0.7,3.7,298.0,299.0,Orlando Magic,"$1,294,440 "
373,374.0,Kelly Oubre,SF,20.0,WAS,63.0,9.0,10.7,1.4,3.3,0.427,0.4,1.3,0.316,1.0,2.1,0.492,0.486,0.5,0.8,0.633,0.4,1.7,2.1,0.2,0.3,0.1,0.5,1.6,3.7,,,,
374,375.0,Ian Clark,SG,24.0,GSW,66.0,1.0,8.8,1.3,3.1,0.441,0.5,1.3,0.357,0.9,1.8,0.5,0.515,0.4,0.5,0.824,0.2,0.8,1.0,1.0,0.3,0.2,0.7,0.9,3.6,,,,
375,376.0,Montrezl Harrell,PF,22.0,HOU,39.0,1.0,9.7,1.5,2.3,0.644,0.0,0.0,0.0,1.5,2.3,0.652,0.644,0.6,1.2,0.522,0.6,1.0,1.7,0.4,0.3,0.3,0.4,1.2,3.6,338.0,339.0,Houston Rockets,"$1,000,000 "
376,377.0,Josh McRoberts,PF,28.0,MIA,42.0,1.0,14.2,1.3,3.5,0.372,0.3,1.2,0.245,1.0,2.4,0.434,0.412,0.7,1.0,0.7,0.5,2.0,2.5,1.9,0.4,0.2,0.7,1.6,3.6,120.0,121.0,Miami Heat,"$5,543,725 "
377,378.0,Axel Toupane,SF,23.0,DEN,21.0,0.0,14.5,1.2,3.3,0.357,0.6,1.9,0.325,0.6,1.4,0.4,0.45,0.6,0.8,0.765,0.4,1.1,1.5,0.7,0.3,0.3,0.3,1.9,3.6,,,,
378,379.0,Noah Vonleh,PF,20.0,POR,78.0,56.0,15.1,1.5,3.6,0.421,0.1,0.6,0.239,1.4,3.0,0.457,0.441,0.5,0.7,0.745,1.2,2.7,3.9,0.4,0.3,0.3,0.6,1.9,3.6,217.0,218.0,Portland Trail Blazers,"$2,637,720 "
379,380.0,Christian Wood,PF,20.0,PHI,17.0,0.0,8.5,1.3,3.1,0.415,0.2,0.6,0.364,1.1,2.5,0.429,0.453,0.8,1.2,0.619,0.8,1.5,2.2,0.2,0.3,0.4,0.1,0.6,3.6,383.0,384.0,Philadelphia 76ers,"$525,093 "
380,381.0,Jordan Adams,SG,21.0,MEM,2.0,0.0,7.5,1.0,3.0,0.333,0.0,0.5,0.0,1.0,2.5,0.4,0.333,1.5,2.5,0.6,0.0,1.0,1.0,1.5,1.5,0.0,1.0,1.0,3.5,289.0,290.0,Memphis Grizzlies,"$1,404,600 "
381,382.0,James Anderson,SG,26.0,SAC,51.0,15.0,14.1,1.3,3.5,0.376,0.5,1.7,0.267,0.9,1.8,0.478,0.441,0.4,0.6,0.759,0.3,1.4,1.7,0.8,0.4,0.3,0.8,1.1,3.5,332.0,333.0,Sacramento Kings,"$1,015,421 "
382,383.0,Robert Sacre,C,26.0,LAL,25.0,1.0,12.8,1.2,3.0,0.413,0.0,0.0,,1.2,3.0,0.413,0.413,1.0,1.5,0.658,1.3,1.6,2.9,0.6,0.2,0.4,0.5,1.7,3.5,346.0,347.0,Los Angeles Lakers,"$981,348 "
383,384.0,Tarik Black,C,24.0,LAL,39.0,0.0,12.7,1.5,2.7,0.548,0.0,0.0,,1.5,2.7,0.548,0.548,0.5,1.2,0.422,1.1,2.9,4.0,0.4,0.4,0.5,0.6,2.0,3.4,,,,
384,385.0,Cristiano Felicio,C,23.0,CHI,31.0,4.0,10.4,1.3,2.3,0.556,0.0,0.1,0.0,1.3,2.2,0.588,0.556,0.8,1.1,0.714,1.0,2.3,3.3,0.8,0.2,0.4,0.4,1.0,3.4,388.0,389.0,Chicago Bulls,"$525,093 "
385,386.0,Ryan Hollins,C,31.0,TOT,37.0,12.0,12.4,1.3,2.1,0.62,0.0,0.0,,1.3,2.1,0.62,0.62,0.7,1.1,0.619,1.3,1.4,2.6,0.3,0.2,0.6,0.6,1.7,3.4,398.0,399.0,Memphis Grizzlies,"$239,605 "
386,387.0,Kyle Singler,SF,27.0,OKC,68.0,2.0,14.4,1.3,3.3,0.389,0.4,1.4,0.309,0.8,1.8,0.452,0.457,0.4,0.6,0.659,0.7,1.3,2.1,0.4,0.4,0.1,0.5,1.8,3.4,145.0,146.0,Oklahoma City Thunder,"$4,500,000 "
387,388.0,Reggie Bullock,SF,24.0,DET,37.0,0.0,11.6,1.2,2.6,0.439,0.6,1.4,0.415,0.6,1.2,0.467,0.551,0.4,0.4,0.933,0.4,1.5,1.8,0.7,0.3,0.1,0.2,0.8,3.3,303.0,304.0,Detroit Pistons,"$1,252,440 "
388,389.0,Ray McCallum,PG,24.0,TOT,41.0,6.0,11.6,1.3,3.6,0.377,0.4,1.0,0.357,1.0,2.5,0.385,0.428,0.3,0.4,0.8,0.2,1.0,1.1,1.5,0.3,0.2,0.6,0.7,3.3,,,,
389,390.0,Mike Muscala,C,24.0,ATL,60.0,0.0,9.4,1.3,2.5,0.5,0.2,0.7,0.308,1.1,1.9,0.566,0.539,0.5,0.7,0.795,0.6,1.3,2.0,0.6,0.2,0.5,0.5,1.2,3.3,,,,
390,391.0,Phil Pressey,PG,24.0,TOT,23.0,0.0,12.3,1.3,3.4,0.385,0.2,0.8,0.222,1.1,2.6,0.433,0.41,0.6,1.1,0.52,0.1,1.2,1.3,3.3,0.8,0.2,1.4,1.2,3.3,416.0,417.0,Phoenix Suns,"$55,722 "
391,392.0,Kevin Garnett,PF,39.0,MIN,38.0,38.0,14.6,1.4,3.0,0.47,0.0,0.0,0.0,1.4,3.0,0.474,0.47,0.4,0.6,0.667,0.4,3.6,3.9,1.6,0.7,0.3,0.4,1.8,3.2,76.0,77.0,Minnesota Timberwolves,"$8,500,000 "
392,393.0,Luc Mbah a Moute,PF,29.0,LAC,75.0,61.0,17.0,1.3,2.8,0.454,0.2,0.5,0.325,1.1,2.2,0.485,0.486,0.4,0.8,0.526,0.8,1.5,2.3,0.4,0.6,0.3,0.5,1.3,3.1,,,,
393,394.0,Jason Thompson,C,29.0,TOT,47.0,7.0,10.0,1.1,2.3,0.481,0.1,0.3,0.333,1.0,2.0,0.505,0.505,0.8,1.1,0.704,0.7,2.2,2.9,0.6,0.3,0.4,0.3,1.7,3.1,397.0,398.0,Toronto Raptors,"$245,177 "
394,395.0,Rashad Vaughn,SG,19.0,MIL,70.0,6.0,14.3,1.2,3.8,0.305,0.6,2.1,0.293,0.5,1.7,0.319,0.385,0.2,0.2,0.8,0.2,1.1,1.3,0.6,0.4,0.2,0.4,1.0,3.1,267.0,268.0,Milwaukee Bucks,"$1,733,040 "
395,396.0,Thanasis Antetokounmpo,SF,23.0,NYK,2.0,0.0,3.0,1.5,2.0,0.75,0.0,0.5,0.0,1.5,1.5,1.0,0.75,0.0,0.0,,0.0,0.5,0.5,0.0,0.0,0.0,0.0,1.0,3.0,419.0,420.0,New York Knicks,"$30,888 "
396,397.0,Kirk Hinrich,PG,35.0,TOT,46.0,7.0,13.7,1.1,2.8,0.38,0.5,1.3,0.387,0.5,1.5,0.373,0.473,0.3,0.3,0.938,0.2,1.3,1.5,1.6,0.3,0.0,0.7,1.4,3.0,206.0,207.0,Chicago Bulls,"$2,854,940 "
397,398.0,Johnny O'Bryant,PF,22.0,MIL,66.0,4.0,13.0,1.3,3.2,0.411,0.0,0.0,1.0,1.3,3.2,0.409,0.414,0.4,0.6,0.675,1.0,1.7,2.7,0.5,0.3,0.1,0.5,1.5,3.0,,,,
398,399.0,C.J. Wilcox,SG,25.0,LAC,23.0,0.0,7.3,1.1,2.9,0.394,0.4,1.0,0.391,0.7,1.9,0.395,0.462,0.4,0.5,0.75,0.0,0.5,0.5,0.4,0.4,0.1,0.1,0.7,3.0,,,,
399,400.0,Chris Johnson,SF,25.0,UTA,70.0,2.0,12.2,1.0,2.8,0.371,0.4,1.4,0.273,0.6,1.4,0.474,0.441,0.5,0.6,0.81,0.4,1.5,1.9,0.6,0.5,0.3,0.6,1.4,2.9,344.0,345.0,Utah Jazz,"$981,348 "
400,401.0,James Michael McAdoo,PF,23.0,GSW,41.0,1.0,6.4,1.1,2.0,0.536,0.0,0.0,0.5,1.1,2.0,0.537,0.542,0.6,1.2,0.531,0.7,0.7,1.4,0.4,0.2,0.2,0.4,1.0,2.9,,,,
401,402.0,Tayshaun Prince,SF,35.0,MIN,77.0,44.0,19.0,1.3,3.0,0.445,0.1,0.3,0.174,1.3,2.7,0.476,0.454,0.2,0.2,0.684,0.4,1.5,1.9,0.9,0.5,0.2,0.4,0.8,2.9,,,,
402,403.0,Alan Williams,PF,23.0,PHO,10.0,0.0,6.8,1.0,2.4,0.417,0.0,0.0,,1.0,2.4,0.417,0.417,0.9,1.4,0.643,1.4,2.4,3.8,0.5,0.4,0.5,0.6,1.5,2.9,413.0,414.0,Phoenix Suns,"$83,397 "
403,404.0,Andrew Goudelock,PG,27.0,HOU,8.0,0.0,6.3,1.1,2.5,0.45,0.1,1.1,0.111,1.0,1.4,0.727,0.475,0.4,0.5,0.75,0.1,0.1,0.3,0.5,0.8,0.3,0.9,0.5,2.8,404.0,405.0,Houston Rockets,"$200,600 "
404,405.0,Josh Huestis,PF,24.0,OKC,5.0,0.0,11.0,1.0,2.4,0.417,0.8,1.2,0.667,0.2,1.2,0.167,0.583,0.0,0.8,0.0,0.4,1.6,2.0,0.0,0.2,0.4,0.6,0.6,2.8,322.0,323.0,Oklahoma City Thunder,"$1,140,240 "
405,406.0,Cory Jefferson,PF,25.0,PHO,8.0,0.0,6.3,1.1,2.8,0.409,0.0,0.1,0.0,1.1,2.6,0.429,0.409,0.5,0.8,0.667,0.8,1.3,2.0,0.0,0.0,0.1,0.0,1.0,2.8,418.0,419.0,Phoenix Suns,"$49,709 "
406,407.0,Chris Kaman,C,33.0,POR,16.0,2.0,7.0,1.3,2.7,0.465,0.1,0.3,0.25,1.2,2.4,0.487,0.477,0.2,0.2,1.0,0.4,1.1,1.5,0.7,0.1,0.1,0.5,0.9,2.8,134.0,135.0,Portland Trail Blazers,"$5,016,000 "
407,408.0,Alex Stepheson,PF,28.0,TOT,8.0,0.0,9.1,1.1,3.4,0.333,0.0,0.0,,1.1,3.4,0.333,0.333,0.5,1.5,0.333,2.4,1.1,3.5,0.3,0.1,0.6,0.0,1.5,2.8,,,,
408,409.0,Rasual Butler,SF,36.0,SAS,46.0,0.0,9.4,1.1,2.3,0.471,0.3,1.1,0.306,0.7,1.2,0.618,0.543,0.2,0.3,0.688,0.1,1.2,1.2,0.5,0.3,0.5,0.2,0.2,2.7,,,,
409,410.0,Jared Cunningham,SG,24.0,TOT,44.0,3.0,9.3,0.8,2.4,0.343,0.3,0.9,0.308,0.5,1.5,0.364,0.4,0.8,1.3,0.655,0.1,0.8,0.9,0.5,0.3,0.0,0.5,0.9,2.7,,,,
410,411.0,Drew Gooden,PF,34.0,WAS,30.0,0.0,10.2,1.1,3.4,0.32,0.2,1.4,0.171,0.9,2.1,0.419,0.354,0.3,0.5,0.643,0.9,1.9,2.8,0.4,0.3,0.4,0.4,1.3,2.7,186.0,187.0,Washington Wizards,"$3,300,000 "
411,412.0,R.J. Hunter,SG,22.0,BOS,36.0,0.0,8.8,1.0,2.7,0.367,0.5,1.8,0.302,0.5,1.0,0.486,0.464,0.2,0.2,0.857,0.1,1.0,1.0,0.4,0.4,0.1,0.3,0.8,2.7,319.0,320.0,Boston Celtics,"$1,148,640 "
412,413.0,Justin Harper,PF,26.0,DET,5.0,0.0,7.0,0.8,2.0,0.4,0.8,1.8,0.444,0.0,0.2,0.0,0.6,0.2,0.4,0.5,0.0,0.2,0.2,0.0,0.2,0.0,0.4,0.6,2.6,,,,
413,414.0,Kostas Papanikolaou,SF,25.0,DEN,26.0,6.0,11.3,0.9,2.5,0.364,0.4,1.2,0.313,0.5,1.3,0.412,0.439,0.3,0.5,0.643,0.3,1.2,1.5,0.6,0.5,0.2,0.8,0.9,2.6,370.0,371.0,Denver Nuggets,"$800,321 "
414,415.0,Anderson Varejao,C,33.0,TOT,53.0,0.0,9.4,1.0,2.3,0.427,0.0,0.0,0.0,1.0,2.3,0.431,0.427,0.6,0.9,0.64,0.7,2.0,2.7,0.7,0.3,0.2,0.4,1.3,2.6,392.0,393.0,Golden State Warriors,"$289,755 "
415,416.0,Matt Bonner,C,35.0,SAS,30.0,2.0,6.9,1.0,1.9,0.509,0.5,1.1,0.441,0.5,0.8,0.609,0.64,0.1,0.1,0.75,0.1,0.8,0.9,0.3,0.2,0.0,0.1,0.5,2.5,,,,
416,417.0,Lorenzo Brown,PG,25.0,PHO,8.0,0.0,7.6,1.0,3.1,0.32,0.1,1.0,0.125,0.9,2.1,0.412,0.34,0.4,0.5,0.75,0.0,0.9,0.9,1.4,0.4,0.1,1.1,0.5,2.5,410.0,411.0,Phoenix Suns,"$111,444 "
417,418.0,Adreian Payne,PF,24.0,MIN,52.0,2.0,9.3,1.0,2.8,0.366,0.2,0.6,0.281,0.8,2.2,0.389,0.397,0.3,0.5,0.654,0.4,1.8,2.1,0.6,0.3,0.2,0.7,1.5,2.5,260.0,261.0,Minnesota Timberwolves,"$1,938,840 "
418,419.0,Kendrick Perkins,C,31.0,NOP,37.0,5.0,14.6,1.1,2.0,0.533,0.0,0.0,,1.1,2.0,0.533,0.533,0.3,0.7,0.44,0.7,2.8,3.5,0.8,0.3,0.3,1.1,1.7,2.5,,,,
419,420.0,Pablo Prigioni,PG,38.0,LAC,59.0,3.0,13.9,0.9,2.5,0.374,0.5,1.6,0.295,0.5,0.9,0.519,0.469,0.1,0.1,0.875,0.6,1.3,1.9,2.2,0.9,0.0,0.8,1.4,2.5,347.0,348.0,LA Clippers,"$947,726 "
420,421.0,Sonny Weems,SG-SF,29.0,TOT,43.0,0.0,11.6,1.0,2.6,0.382,0.3,1.0,0.366,0.6,1.6,0.391,0.45,0.2,0.3,0.533,0.2,1.1,1.2,1.1,0.2,0.0,1.0,1.1,2.5,211.0,212.0,Phoenix Suns,"$2,814,000 "
421,422.0,Jarell Eddie,SF,24.0,WAS,26.0,0.0,5.7,0.8,2.5,0.308,0.6,1.8,0.319,0.2,0.7,0.278,0.423,0.3,0.3,1.0,0.1,0.8,0.9,0.2,0.2,0.0,0.0,0.2,2.4,376.0,377.0,Washington Wizards,"$561,716 "
422,423.0,Jeremy Evans,SF,28.0,DAL,30.0,2.0,8.4,0.9,1.6,0.542,0.1,0.5,0.25,0.7,1.1,0.688,0.583,0.5,0.7,0.714,0.4,1.4,1.8,0.1,0.2,0.3,0.2,0.6,2.4,328.0,329.0,Dallas Mavericks,"$1,100,602 "
423,424.0,Tyler Hansbrough,PF,30.0,CHO,44.0,0.0,7.8,0.7,1.6,0.451,0.0,0.1,0.667,0.7,1.5,0.441,0.465,0.9,1.5,0.585,0.9,1.1,2.0,0.2,0.3,0.2,0.3,1.3,2.4,351.0,352.0,Charlotte Hornets,"$947,276 "
424,425.0,Sergey Karasev,SF,22.0,BRK,40.0,5.0,10.0,0.8,1.9,0.405,0.3,0.9,0.297,0.5,0.9,0.514,0.48,0.7,0.7,0.929,0.2,1.3,1.5,0.9,0.2,0.1,0.6,0.7,2.4,275.0,276.0,Brooklyn Nets,"$1,599,840 "
425,426.0,K.J. McDaniels,SF,22.0,HOU,37.0,1.0,6.4,0.8,1.9,0.403,0.2,0.7,0.28,0.6,1.3,0.468,0.451,0.6,0.8,0.8,0.4,0.7,1.1,0.3,0.2,0.2,0.5,0.8,2.4,188.0,189.0,Houston Rockets,"$3,189,794 "
426,427.0,Steve Novak,PF,32.0,TOT,10.0,0.0,4.4,0.8,1.8,0.444,0.7,1.5,0.467,0.1,0.3,0.333,0.639,0.1,0.1,1.0,0.0,0.5,0.5,0.0,0.0,0.0,0.1,0.3,2.4,391.0,392.0,Oklahoma City Thunder,"$295,327 "
427,428.0,Lamar Patterson,SG,24.0,ATL,35.0,0.0,11.3,0.8,2.3,0.35,0.3,1.4,0.245,0.5,0.9,0.516,0.425,0.5,0.6,0.727,0.1,1.3,1.4,1.1,0.3,0.1,0.7,1.3,2.4,,,,
428,429.0,Greg Smith,PF,25.0,MIN,18.0,0.0,10.7,1.0,1.8,0.563,0.0,0.0,,1.0,1.8,0.563,0.563,0.4,0.9,0.412,0.7,1.7,2.3,0.3,0.2,0.1,0.4,1.6,2.4,,,,
429,430.0,Damjan Rudez,SF,29.0,MIN,33.0,0.0,8.4,0.8,1.9,0.403,0.5,1.5,0.34,0.2,0.4,0.667,0.54,0.2,0.2,1.0,0.2,0.5,0.6,0.3,0.1,0.0,0.4,1.0,2.3,318.0,319.0,Minnesota Timberwolves,"$1,149,500 "
430,431.0,Walter Tavares,C,23.0,ATL,11.0,0.0,6.6,1.0,1.7,0.579,0.0,0.0,,1.0,1.7,0.579,0.579,0.3,0.7,0.375,0.6,1.3,1.9,0.3,0.1,0.5,0.5,0.7,2.3,339.0,340.0,Atlanta Hawks,"$1,000,000 "
431,432.0,Lucas Nogueira,C,23.0,TOR,29.0,1.0,7.8,1.0,1.5,0.636,0.0,0.1,0.333,0.9,1.4,0.659,0.648,0.3,0.5,0.533,0.6,1.0,1.6,0.2,0.4,0.4,0.4,1.0,2.2,262.0,263.0,Toronto Raptors,"$1,842,000 "
432,433.0,DeJuan Blair,C,26.0,WAS,29.0,0.0,7.5,1.0,2.3,0.412,0.0,0.0,0.0,1.0,2.3,0.418,0.412,0.2,0.4,0.385,0.7,1.3,2.0,0.4,0.3,0.1,0.5,1.8,2.1,257.0,258.0,Washington Wizards,"$2,000,000 "
433,434.0,Nick Collison,PF,35.0,OKC,59.0,4.0,11.8,0.8,1.8,0.459,0.0,0.0,0.0,0.8,1.8,0.467,0.459,0.4,0.6,0.697,1.2,1.7,2.9,0.9,0.3,0.3,0.8,1.8,2.1,170.0,171.0,Oklahoma City Thunder,"$3,750,000 "
434,435.0,Chris Copeland,PF,31.0,MIL,24.0,1.0,6.5,0.7,2.1,0.333,0.4,1.5,0.278,0.3,0.6,0.467,0.431,0.3,0.3,0.857,0.0,0.4,0.4,0.5,0.1,0.0,0.3,0.7,2.1,317.0,318.0,Milwaukee Bucks,"$1,150,000 "
435,436.0,Devyn Marble,SG,23.0,ORL,28.0,0.0,8.9,0.8,2.5,0.296,0.3,1.1,0.25,0.5,1.4,0.333,0.352,0.4,0.9,0.417,0.2,1.1,1.4,0.4,0.5,0.0,0.3,0.9,2.1,,,,
436,437.0,Coty Clarke,SF,23.0,BOS,3.0,0.0,2.0,0.7,1.3,0.5,0.7,0.7,1.0,0.0,0.7,0.0,0.75,0.0,0.0,,0.0,0.3,0.3,0.0,0.0,0.0,0.3,0.0,2.0,,,,
437,438.0,Chuck Hayes,C,32.0,HOU,2.0,0.0,12.0,0.5,1.0,0.5,0.0,0.0,,0.5,1.0,0.5,0.5,1.0,1.0,1.0,0.0,4.0,4.0,1.0,0.0,0.0,1.5,3.0,2.0,,,,
438,439.0,Tibor Pleiss,C,26.0,UTA,12.0,0.0,6.8,0.9,2.1,0.44,0.0,0.2,0.0,0.9,1.9,0.478,0.44,0.2,0.2,1.0,0.5,0.8,1.3,0.2,0.1,0.2,0.7,1.6,2.0,200.0,201.0,Utah Jazz,"$2,900,000 "
439,440.0,Cameron Bairstow,C,25.0,CHI,18.0,2.0,5.7,0.7,2.2,0.325,0.1,0.3,0.2,0.7,1.9,0.343,0.338,0.4,0.4,0.875,0.2,1.3,1.6,0.3,0.1,0.2,0.2,1.1,1.9,,,,
440,441.0,Lou Amundson,PF,33.0,NYK,29.0,0.0,7.0,0.7,1.8,0.358,0.0,0.0,,0.7,1.8,0.358,0.358,0.5,0.9,0.519,0.8,0.9,1.7,0.4,0.2,0.2,0.5,1.5,1.8,274.0,275.0,New York Knicks,"$1,635,476 "
441,442.0,Jeff Ayres,C,28.0,LAC,17.0,0.0,6.3,0.7,1.4,0.522,0.0,0.1,0.0,0.7,1.3,0.545,0.522,0.4,0.4,1.0,0.2,1.1,1.3,0.3,0.0,0.2,0.4,1.1,1.8,409.0,410.0,LA Clippers,"$111,444 "
442,443.0,Cleanthony Early,SF,24.0,NYK,17.0,2.0,9.1,0.7,2.4,0.3,0.2,0.9,0.267,0.5,1.5,0.32,0.35,0.2,0.2,0.75,0.2,1.3,1.5,0.4,0.1,0.2,0.5,0.9,1.8,,,,
443,444.0,Jorge Gutierrez,PG,27.0,CHO,12.0,0.0,5.3,0.5,0.9,0.545,0.0,0.2,0.0,0.5,0.8,0.667,0.545,0.8,0.9,0.909,0.0,0.6,0.6,1.4,0.3,0.0,0.5,0.3,1.8,405.0,406.0,Charlotte Hornets,"$189,455 "
444,445.0,Damien Inglis,SF,20.0,MIL,20.0,1.0,7.8,0.7,1.9,0.351,0.2,0.7,0.231,0.5,1.2,0.417,0.392,0.4,0.4,0.875,0.1,1.5,1.6,0.5,0.3,0.2,0.6,0.6,1.8,359.0,360.0,Milwaukee Bucks,"$855,000 "
445,446.0,Kevon Looney,PF,19.0,GSW,5.0,0.0,4.2,0.8,1.4,0.571,0.2,0.4,0.5,0.6,1.0,0.6,0.643,0.0,0.0,,0.8,1.2,2.0,0.0,0.0,0.0,0.2,0.4,1.8,324.0,325.0,Golden State Warriors,"$1,131,960 "
446,447.0,Elijah Millsap,SG,28.0,UTA,20.0,0.0,8.7,0.6,2.0,0.282,0.1,0.6,0.083,0.5,1.4,0.37,0.295,0.7,0.9,0.722,0.3,1.5,1.8,1.0,0.4,0.2,0.5,1.7,1.8,364.0,365.0,Utah Jazz,"$845,059 "
447,448.0,Terry Rozier,PG,21.0,BOS,39.0,0.0,8.0,0.7,2.7,0.274,0.2,0.7,0.222,0.6,2.0,0.291,0.302,0.2,0.3,0.8,0.6,1.0,1.6,0.9,0.2,0.0,0.5,0.6,1.8,264.0,265.0,Boston Celtics,"$1,824,360 "
448,449.0,Udonis Haslem,PF,35.0,MIA,37.0,0.0,7.0,0.6,1.6,0.377,0.0,0.2,0.111,0.6,1.4,0.423,0.385,0.3,0.4,0.75,0.3,1.8,2.0,0.4,0.1,0.1,0.1,0.7,1.6,,,,
449,450.0,Nazr Mohammed,C,38.0,OKC,5.0,0.0,3.8,0.6,1.0,0.6,0.0,0.0,,0.6,1.0,0.6,0.6,0.4,0.4,1.0,0.2,0.6,0.8,0.0,0.0,0.0,0.6,0.8,1.6,399.0,400.0,Oklahoma City Thunder,"$222,888 "
450,451.0,Shayne Whittington,PF,24.0,IND,7.0,0.0,5.9,0.7,1.6,0.455,0.0,0.3,0.0,0.7,1.3,0.556,0.455,0.1,0.3,0.5,0.7,1.0,1.7,0.4,0.1,0.1,0.7,1.0,1.6,,,,
451,452.0,Elliot Williams,PG,26.0,MEM,5.0,0.0,9.0,0.4,2.0,0.2,0.2,0.8,0.25,0.2,1.2,0.167,0.25,0.6,0.8,0.75,0.2,0.6,0.8,0.8,0.0,0.0,0.2,0.4,1.6,417.0,418.0,Memphis Grizzlies,"$55,722 "
452,453.0,Anthony Bennett,PF,22.0,TOR,19.0,0.0,4.4,0.4,1.4,0.296,0.2,0.7,0.214,0.3,0.7,0.385,0.352,0.5,0.5,0.9,0.3,0.9,1.2,0.0,0.3,0.0,0.2,0.4,1.5,,,,
453,454.0,Jimmer Fredette,SG,26.0,TOT,6.0,0.0,3.0,0.3,0.8,0.4,0.2,0.3,0.5,0.2,0.5,0.333,0.5,0.7,0.8,0.8,0.0,0.0,0.0,0.2,0.2,0.0,0.3,0.3,1.5,358.0,359.0,New York Knicks,"$874,837 "
454,455.0,Russ Smith,PG,24.0,MEM,15.0,0.0,4.4,0.5,1.5,0.318,0.1,0.3,0.2,0.4,1.1,0.353,0.341,0.5,0.9,0.615,0.1,0.5,0.6,0.7,0.3,0.1,0.5,0.3,1.5,365.0,366.0,Memphis Grizzlies,"$845,059 "
455,456.0,Erick Green,PG,24.0,TOT,9.0,0.0,4.7,0.6,1.4,0.385,0.1,0.6,0.2,0.4,0.9,0.5,0.423,0.2,0.2,1.0,0.3,0.3,0.7,0.3,0.1,0.0,0.0,0.4,1.4,412.0,413.0,Utah Jazz,"$99,418 "
456,457.0,Cliff Alexander,PF,20.0,POR,8.0,0.0,4.5,0.6,1.3,0.5,0.0,0.0,,0.6,1.3,0.5,0.5,0.0,0.0,,0.3,0.5,0.8,0.0,0.1,0.3,0.1,0.1,1.3,,,,
457,458.0,Mitch McGary,PF,23.0,OKC,20.0,0.0,3.6,0.6,1.2,0.478,0.0,0.2,0.0,0.6,1.0,0.579,0.478,0.2,0.5,0.4,0.2,0.7,0.9,0.2,0.1,0.1,0.4,0.5,1.3,285.0,286.0,Oklahoma City Thunder,"$1,463,040 "
458,459.0,Jordan Mickey,PF,21.0,BOS,16.0,0.0,3.6,0.5,1.4,0.364,0.0,0.0,,0.5,1.4,0.364,0.364,0.3,0.6,0.5,0.4,0.4,0.8,0.1,0.0,0.7,0.1,0.3,1.3,312.0,313.0,Boston Celtics,"$1,170,960 "
459,460.0,Mike Miller,SF,35.0,DEN,47.0,2.0,7.9,0.5,1.3,0.355,0.4,1.1,0.365,0.1,0.2,0.3,0.508,0.0,0.0,,0.1,1.0,1.1,0.9,0.3,0.1,0.4,1.1,1.3,,,,
460,461.0,Keith Appling,PG,23.0,ORL,5.0,0.0,5.4,0.4,1.6,0.25,0.0,0.6,0.0,0.4,1.0,0.4,0.25,0.4,0.4,1.0,0.0,0.2,0.2,0.2,0.2,0.0,0.6,1.0,1.2,414.0,415.0,Orlando Magic,"$61,776 "
461,462.0,Luis Montero,SG,22.0,POR,12.0,0.0,3.5,0.4,1.6,0.263,0.1,0.8,0.111,0.3,0.8,0.4,0.289,0.3,0.3,0.75,0.0,0.3,0.3,0.1,0.0,0.0,0.3,0.1,1.2,377.0,378.0,Portland Trail Blazers,"$525,093 "
462,463.0,Pat Connaughton,SG,23.0,POR,34.0,0.0,4.2,0.4,1.4,0.265,0.1,0.6,0.238,0.2,0.8,0.286,0.316,0.1,0.1,1.0,0.3,0.6,0.9,0.3,0.1,0.0,0.3,0.2,1.1,374.0,375.0,Portland Trail Blazers,"$625,093 "
463,464.0,Bryce Cotton,PG,23.0,TOT,8.0,0.0,4.9,0.5,1.3,0.4,0.0,0.4,0.0,0.5,0.9,0.571,0.4,0.0,0.0,,0.0,0.0,0.0,0.4,0.4,0.0,0.6,0.3,1.0,371.0,372.0,Memphis Grizzlies,"$700,902 "
464,465.0,Eric Moreland,PF,24.0,SAC,8.0,0.0,6.0,0.4,0.8,0.5,0.0,0.0,,0.4,0.8,0.5,0.5,0.3,0.5,0.5,0.4,1.0,1.4,0.1,0.0,0.5,0.4,0.5,1.0,,,,
465,466.0,Jarnell Stokes,C,22.0,TOT,7.0,0.0,2.6,0.4,0.7,0.6,0.0,0.0,,0.4,0.7,0.6,0.6,0.1,0.3,0.5,0.1,0.4,0.6,0.1,0.1,0.0,0.0,0.1,1.0,,,,
466,467.0,James Young,SG,20.0,BOS,29.0,0.0,6.9,0.4,1.2,0.306,0.2,0.9,0.231,0.2,0.3,0.5,0.389,0.0,0.1,0.25,0.1,0.8,0.9,0.3,0.2,0.0,0.2,0.6,1.0,266.0,267.0,Boston Celtics,"$1,749,840 "
467,468.0,Joel Anthony,C,33.0,DET,19.0,0.0,5.1,0.3,0.5,0.6,0.0,0.0,,0.3,0.5,0.6,0.6,0.3,0.4,0.75,0.4,0.7,1.1,0.1,0.1,0.6,0.1,0.8,0.9,224.0,225.0,Detroit Pistons,"$2,500,000 "
468,469.0,Aaron Harrison,SG,21.0,CHO,21.0,0.0,4.4,0.2,0.9,0.263,0.1,0.5,0.3,0.1,0.4,0.222,0.342,0.2,0.6,0.417,0.2,0.5,0.7,0.1,0.3,0.0,0.2,0.5,0.9,382.0,383.0,Charlotte Hornets,"$525,093 "
469,470.0,Sasha Kaun,C,30.0,CLE,25.0,0.0,3.8,0.4,0.7,0.529,0.0,0.0,,0.4,0.7,0.529,0.529,0.2,0.4,0.455,0.5,0.6,1.0,0.1,0.2,0.2,0.3,0.4,0.9,300.0,301.0,Cleveland Cavaliers,"$1,276,000 "
470,471.0,Branden Dawson,PF,22.0,LAC,6.0,0.0,4.8,0.3,0.8,0.4,0.0,0.0,,0.3,0.8,0.4,0.4,0.2,0.2,1.0,0.3,0.3,0.7,0.0,0.0,0.2,0.0,0.3,0.8,,,,
471,472.0,Joe Harris,SG,24.0,CLE,5.0,0.0,3.0,0.2,0.8,0.25,0.2,0.8,0.25,0.0,0.0,,0.375,0.0,0.0,,0.0,0.6,0.6,0.4,0.0,0.0,0.2,0.2,0.6,,,,
472,473.0,Bruno Caboclo,SF,20.0,TOR,6.0,1.0,7.2,0.2,2.0,0.083,0.2,1.2,0.143,0.0,0.8,0.0,0.125,0.0,0.0,,0.2,0.2,0.3,0.2,0.3,0.2,0.7,0.3,0.5,279.0,280.0,Toronto Raptors,"$1,524,000 "
473,474.0,Sam Dekker,SF,21.0,HOU,3.0,0.0,2.0,0.0,0.0,,0.0,0.0,,0.0,0.0,,,0.0,0.0,,0.0,0.3,0.3,0.0,0.3,0.0,0.0,0.0,0.0,272.0,273.0,Houston Rockets,"$1,646,400 "
474,475.0,J.J. O'Brien,SF,23.0,UTA,2.0,0.0,3.0,0.0,0.5,0.0,0.0,0.0,,0.0,0.5,0.0,0.0,0.0,0.0,,0.0,0.5,0.5,0.0,0.5,0.0,0.0,0.5,0.0,,,,
475,476.0,Nate Robinson,PG,31.0,NOP,2.0,1.0,11.5,0.0,0.5,0.0,0.0,0.5,0.0,0.0,0.0,,0.0,0.0,0.0,,0.0,0.0,0.0,2.0,0.5,0.0,0.0,2.5,0.0,,,,
476,,Brendan Haywood,,,,,,,,,,,,,,,,,,,,,,,,,,,,,60.0,61.0,Portland Trail Blazers,"$10,522,500 "
477,,Wilson Chandler,,,,,,,,,,,,,,,,,,,,,,,,,,,,,61.0,62.0,Denver Nuggets,"$10,449,438 "
478,,Gerald Wallace,,,,,,,,,,,,,,,,,,,,,,,,,,,,,64.0,65.0,Philadelphia 76ers,"$10,105,855 "
479,,Louis Williams,,,,,,,,,,,,,,,,,,,,,,,,,,,,,96.0,97.0,Los Angeles Lakers,"$7,000,000 "
480,,Martell Webster,,,,,,,,,,,,,,,,,,,,,,,,,,,,,118.0,119.0,Washington Wizards,"$5,613,500 "
481,,Otto Porter Jr.,,,,,,,,,,,,,,,,,,,,,,,,,,,,,141.0,142.0,Washington Wizards,"$4,662,960 "
482,,Joel Embiid,,,,,,,,,,,,,,,,,,,,,,,,,,,,,143.0,144.0,Philadelphia 76ers,"$4,626,960 "
483,,Dante Exum,,,,,,,,,,,,,,,,,,,,,,,,,,,,,169.0,170.0,Utah Jazz,"$3,777,720 "
484,,Patty Mills,,,,,,,,,,,,,,,,,,,,,,,,,,,,,173.0,174.0,San Antonio Spurs,"$3,578,947 "
485,,Quincy Pondexter,,,,,,,,,,,,,,,,,,,,,,,,,,,,,182.0,183.0,New Orleans Pelicans,"$3,382,023 "
486,,Furkan Aldemir,,,,,,,,,,,,,,,,,,,,,,,,,,,,,209.0,210.0,Philadelphia 76ers,"$2,836,768 "
487,,Luke Ridnour,,,,,,,,,,,,,,,,,,,,,,,,,,,,,215.0,216.0,Toronto Raptors,"$2,750,000 "
488,,Frank Kaminsky III,,,,,,,,,,,,,,,,,,,,,,,,,,,,,219.0,220.0,Charlotte Hornets,"$2,612,520 "
489,,Danny Granger,,,,,,,,,,,,,,,,,,,,,,,,,,,,,241.0,242.0,Detroit Pistons,"$2,170,465 "
490,,TJ Warren,,,,,,,,,,,,,,,,,,,,,,,,,,,,,253.0,254.0,Phoenix Suns,"$2,041,080 "
491,,Perry Jones,,,,,,,,,,,,,,,,,,,,,,,,,,,,,254.0,255.0,Boston Celtics,"$2,038,206 "
492,,Kelly Oubre Jr.,,,,,,,,,,,,,,,,,,,,,,,,,,,,,261.0,262.0,Washington Wizards,"$1,920,240 "
493,,Zoran Dragic,,,,,,,,,,,,,,,,,,,,,,,,,,,,,270.0,271.0,Boston Celtics,"$1,706,225 "
494,,Tim Hardaway Jr.,,,,,,,,,,,,,,,,,,,,,,,,,,,,,296.0,297.0,Atlanta Hawks,"$1,304,520 "
495,,Cartier Martin,,,,,,,,,,,,,,,,,,,,,,,,,,,,,302.0,303.0,Detroit Pistons,"$1,270,964 "
496,,Reggie Williams,,,,,,,,,,,,,,,,,,,,,,,,,,,,,309.0,310.0,Oklahoma City Thunder,"$1,185,784 "
497,,Earl Clark,,,,,,,,,,,,,,,,,,,,,,,,,,,,,310.0,311.0,Brooklyn Nets,"$1,185,784 "
498,,CJ Wilcox,,,,,,,,,,,,,,,,,,,,,,,,,,,,,315.0,316.0,LA Clippers,"$1,159,680 "
499,,Glenn Robinson III,,,,,,,,,,,,,,,,,,,,,,,,,,,,,329.0,330.0,Indiana Pacers,"$1,100,000 "
500,,Joey Dorsey,,,,,,,,,,,,,,,,,,,,,,,,,,,,,333.0,334.0,Barcelona FC Barcelona,"$1,015,421 "
501,,Jerel McNeal,,,,,,,,,,,,,,,,,,,,,,,,,,,,,342.0,343.0,Phoenix Suns,"$981,348 "
502,,John Lucas III,,,,,,,,,,,,,,,,,,,,,,,,,,,,,349.0,350.0,Minnesota Timberwolves,"$947,276 "
503,,Damien Wilkins,,,,,,,,,,,,,,,,,,,,,,,,,,,,,350.0,351.0,Charlotte Hornets,"$947,276 "
504,,Grant Jerrett,,,,,,,,,,,,,,,,,,,,,,,,,,,,,353.0,354.0,Portland Trail Blazers,"$947,276 "
505,,Jason Richardson,,,,,,,,,,,,,,,,,,,,,,,,,,,,,356.0,357.0,Atlanta Hawks,"$947,276 "
506,,Terrico White,,,,,,,,,,,,,,,,,,,,,,,,,,,,,361.0,362.0,Phoenix Suns,"$845,059 "
507,,Jack Cooley,,,,,,,,,,,,,,,,,,,,,,,,,,,,,362.0,363.0,Cleveland Cavaliers,"$845,059 "
508,,Greg Whittington,,,,,,,,,,,,,,,,,,,,,,,,,,,,,378.0,379.0,Miami Heat,"$525,093 "
509,,Deonte Burton,,,,,,,,,,,,,,,,,,,,,,,,,,,,,380.0,381.0,Phoenix Suns,"$525,093 "
510,,Kyle Casey,,,,,,,,,,,,,,,,,,,,,,,,,,,,,381.0,382.0,Phoenix Suns,"$525,093 "
511,,Treveon Graham,,,,,,,,,,,,,,,,,,,,,,,,,,,,,384.0,385.0,Charlotte Hornets,"$525,093 "
512,,Jarrid Famous,,,,,,,,,,,,,,,,,,,,,,,,,,,,,385.0,386.0,Memphis Grizzlies,"$525,093 "
513,,Shannon Scott,,,,,,,,,,,,,,,,,,,,,,,,,,,,,386.0,387.0,Toronto Raptors,"$525,093 "
514,,Ronald Roberts Jr.,,,,,,,,,,,,,,,,,,,,,,,,,,,,,387.0,388.0,Toronto Raptors,"$525,093 "
515,,Terran Petteway,,,,,,,,,,,,,,,,,,,,,,,,,,,,,389.0,390.0,Atlanta Hawks,"$525,093 "
516,,JJ Hickson,,,,,,,,,,,,,,,,,,,,,,,,,,,,,393.0,394.0,Washington Wizards,"$273,038 "
