"gameId","year","week","homeId","homeTeam","homeAbbr","awayId","awayTeam","awayAbbr","driveIndex","playIndex","offenseId","offenseTeam","offenseAbbr","defenseId","defenseTeam","defenseAbbr","homeScore","awayScore","quarter","clock","type","down","distance","yardLine","yardsGained","endYardLine","description"
"242410259",2004,1,"259","Virginia Tech","VT","30","USC","USC","0","0","259","Virginia Tech","VT","30","USC","USC",0,0,1,"14:55","Pass Incompletion",1,10,28,0,28,"Bryan Randall (VT) pass incomplete to the right side."
"242410259",2004,1,"259","Virginia Tech","VT","30","USC","USC","0","1","259","Virginia Tech","VT","30","USC","USC",0,0,1,"14:51","Rush",2,10,28,16,44,"Bryan Randall (VT) rushed right side for 16 yards."
"242410259",2004,1,"259","Virginia Tech","VT","30","USC","USC","0","2","259","Virginia Tech","VT","30","USC","USC",0,0,1,"14:45","Pass Incompletion",1,10,44,0,44,"Bryan Randall (VT) pass incomplete to the right side."
"242410259",2004,1,"259","Virginia Tech","VT","30","USC","USC","0","3","259","Virginia Tech","VT","30","USC","USC",0,0,1,"14:39","Timeout",2,10,44,0,44,"Hokies timeout; 14:39 remaining 1st quarter"
"242410259",2004,1,"259","Virginia Tech","VT","30","USC","USC","0","4","259","Virginia Tech","VT","30","USC","USC",0,0,1,"14:39","Rush",2,10,44,0,44,"Cedric Humes (VT) rushed left side for no gain."
"242410259",2004,1,"259","Virginia Tech","VT","30","USC","USC","0","5","259","Virginia Tech","VT","30","USC","USC",0,0,1,"14:00","Penalty",3,10,44,-5,39,"5 yard penalty on Hokies."
"242410259",2004,1,"259","Virginia Tech","VT","30","USC","USC","0","6","259","Virginia Tech","VT","30","USC","USC",0,0,1,"13:39","Penalty",3,15,39,-5,34,"5 yard penalty on Hokies."
"242410259",2004,1,"259","Virginia Tech","VT","30","USC","USC","0","7","259","Virginia Tech","VT","30","USC","USC",0,0,1,"13:21","Rush",3,20,34,8,42,"Cedric Humes (VT) rushed up the middle for 8 yards."
"242410259",2004,1,"259","Virginia Tech","VT","30","USC","USC","0","8","259","Virginia Tech","VT","30","USC","USC",0,0,1,"12:44","Punt Return",4,12,42,15,79,"Punt by Vinnie Burns (VT) returned 15 yards by Reggie Bush (USC) to the Trojans 21."
"242410259",2004,1,"259","Virginia Tech","VT","30","USC","USC","1","0","30","USC","USC","259","Virginia Tech","VT",0,0,1,"12:31","Pass Incompletion",1,10,79,0,79,"Matt Leinart (USC) pass incomplete to the left side."
"242410259",2004,1,"259","Virginia Tech","VT","30","USC","USC","1","1","30","USC","USC","259","Virginia Tech","VT",0,0,1,"12:26","Rush",2,10,79,9,70,"LenDale White (USC) rushed right side for 9 yards."
"242410259",2004,1,"259","Virginia Tech","VT","30","USC","USC","1","2","30","USC","USC","259","Virginia Tech","VT",0,0,1,"11:41","Rush",3,1,70,23,47,"LenDale White (USC) rushed left side for 23 yards."
"242410259",2004,1,"259","Virginia Tech","VT","30","USC","USC","1","3","30","USC","USC","259","Virginia Tech","VT",0,0,1,"11:31","Rush",1,10,47,3,44,"Reggie Bush (USC) rushed right side for 3 yards."
"242410259",2004,1,"259","Virginia Tech","VT","30","USC","USC","1","4","30","USC","USC","259","Virginia Tech","VT",0,0,1,"11:25","Rush",2,7,44,12,32,"Reggie Bush (USC) rushed left side for 12 yards."
"242410259",2004,1,"259","Virginia Tech","VT","30","USC","USC","1","5","30","USC","USC","259","Virginia Tech","VT",0,0,1,"11:15","Pass Incompletion",1,10,32,0,32,"Matt Leinart (USC) pass incomplete across the middle."
"242410259",2004,1,"259","Virginia Tech","VT","30","USC","USC","1","6","30","USC","USC","259","Virginia Tech","VT",0,0,1,"11:10","Pass Incompletion",2,10,32,0,32,"Matt Leinart (USC) pass incomplete to the left side."
"242410259",2004,1,"259","Virginia Tech","VT","30","USC","USC","1","7","30","USC","USC","259","Virginia Tech","VT",0,0,1,"11:07","Penalty",3,10,32,-5,37,"5 yard penalty on Trojans."
"242410259",2004,1,"259","Virginia Tech","VT","30","USC","USC","1","8","30","USC","USC","259","Virginia Tech","VT",0,0,1,"11:07","Pass Incompletion",3,15,37,0,37,"Matt Leinart (USC) pass incomplete to the left side."
"242410259",2004,1,"259","Virginia Tech","VT","30","USC","USC","1","9","30","USC","USC","259","Virginia Tech","VT",0,0,1,"11:03","Penalty",4,15,37,-5,42,"5 yard penalty on Trojans."
"242410259",2004,1,"259","Virginia Tech","VT","30","USC","USC","1","10","30","USC","USC","259","Virginia Tech","VT",0,0,1,"11:03","Punt Return",4,20,42,0,20,"Punt by Tom Malone (USC) no return by Hokies."
"242410259",2004,1,"259","Virginia Tech","VT","30","USC","USC","2","0","259","Virginia Tech","VT","30","USC","USC",0,0,1,"10:55","Rush",1,10,20,5,25,"Bryan Randall (VT) rushed left side for 5 yards."
"242410259",2004,1,"259","Virginia Tech","VT","30","USC","USC","2","1","259","Virginia Tech","VT","30","USC","USC",0,0,1,"10:18","Pass Incompletion",2,5,25,0,25,"Bryan Randall (VT) pass incomplete to the right side."
"242410259",2004,1,"259","Virginia Tech","VT","30","USC","USC","2","2","259","Virginia Tech","VT","30","USC","USC",0,0,1,"10:13","Rush",3,5,25,23,48,"Bryan Randall (VT) rushed left side for 23 yards."
"242410259",2004,1,"259","Virginia Tech","VT","30","USC","USC","2","3","259","Virginia Tech","VT","30","USC","USC",0,0,1,"10:05","Rush",1,10,48,-1,47,"Justin Hamilton (VT) rushed right side for -1 yards."
"242410259",2004,1,"259","Virginia Tech","VT","30","USC","USC","2","4","259","Virginia Tech","VT","30","USC","USC",0,0,1,"9:23","Pass Completion",2,11,47,19,66,"Bryan Randall (VT) pass right side complete to Jeff King (VT) for 19 yards."
"242410259",2004,1,"259","Virginia Tech","VT","30","USC","USC","2","5","259","Virginia Tech","VT","30","USC","USC",0,0,1,"8:53","Pass Incompletion",1,10,66,0,66,"Bryan Randall (VT) pass incomplete across the middle."
"242410259",2004,1,"259","Virginia Tech","VT","30","USC","USC","2","6","259","Virginia Tech","VT","30","USC","USC",0,0,1,"8:47","Pass Interception",2,10,66,32,46,"Bryan Randall (VT) pass across the middle intercepted by Lofa Tatupu (USC). Returned for 32 yards."
"242410259",2004,1,"259","Virginia Tech","VT","30","USC","USC","3","0","30","USC","USC","259","Virginia Tech","VT",0,0,1,"8:34","Pass Completion",1,10,46,9,37,"Matt Leinart (USC) pass across the middle complete to Dwayne Jarrett (USC) for 9 yards."
"242410259",2004,1,"259","Virginia Tech","VT","30","USC","USC","3","1","30","USC","USC","259","Virginia Tech","VT",0,0,1,"7:53","Rush",2,1,37,2,35,"LenDale White (USC) rushed up the middle for 2 yards."
"242410259",2004,1,"259","Virginia Tech","VT","30","USC","USC","3","2","30","USC","USC","259","Virginia Tech","VT",0,0,1,"7:29","Pass Completion",1,10,35,-1,36,"Matt Leinart (USC) pass right side complete to Dwayne Jarrett (USC) for 1 yard."
"242410259",2004,1,"259","Virginia Tech","VT","30","USC","USC","3","3","30","USC","USC","259","Virginia Tech","VT",0,0,1,"6:50","Rush",2,11,36,1,35,"LenDale White (USC) rushed up the middle for 1 yard."
"242410259",2004,1,"259","Virginia Tech","VT","30","USC","USC","3","4","30","USC","USC","259","Virginia Tech","VT",0,6,1,"6:06","Pass Completion",3,10,35,35,0,"Matt Leinart (USC) pass across the middle complete to Reggie Bush (USC) for a 35 yard touchdown."
"242410259",2004,1,"259","Virginia Tech","VT","30","USC","USC","3","5","30","USC","USC","259","Virginia Tech","VT",0,7,1,"5:59","",0,0,0,0,0,"Extra point by Ryan Killeen (USC) is good."
"242410259",2004,1,"259","Virginia Tech","VT","30","USC","USC","4","0","30","USC","USC","259","Virginia Tech","VT",0,7,1,"5:59","Kickoff Return (Offense)",0,0,20,0,20,"Trojans kickoff, touchback by Hokies."
"242410259",2004,1,"259","Virginia Tech","VT","30","USC","USC","5","0","259","Virginia Tech","VT","30","USC","USC",0,7,1,"5:59","Rush",1,10,20,21,41,"Bryan Randall (VT) rushed left side for 21 yards."
"242410259",2004,1,"259","Virginia Tech","VT","30","USC","USC","5","1","259","Virginia Tech","VT","30","USC","USC",0,7,1,"5:27","Rush",1,10,41,2,43,"Bryan Randall (VT) rushed left side for 2 yards."
"242410259",2004,1,"259","Virginia Tech","VT","30","USC","USC","5","2","259","Virginia Tech","VT","30","USC","USC",0,7,1,"4:45","Pass Incompletion",2,8,43,0,43,"Bryan Randall (VT) pass incomplete to the left side."
"242410259",2004,1,"259","Virginia Tech","VT","30","USC","USC","5","3","259","Virginia Tech","VT","30","USC","USC",0,7,1,"4:40","Rush",3,8,43,20,63,"Bryan Randall (VT) rushed left side for 20 yards."
"242410259",2004,1,"259","Virginia Tech","VT","30","USC","USC","5","4","259","Virginia Tech","VT","30","USC","USC",0,7,1,"4:30","Rush",1,10,63,6,69,"Justin Hamilton (VT) rushed up the middle for 6 yards."
"242410259",2004,1,"259","Virginia Tech","VT","30","USC","USC","5","5","259","Virginia Tech","VT","30","USC","USC",0,7,1,"3:50","Penalty",2,4,69,-5,64,"5 yard penalty on Hokies."
"242410259",2004,1,"259","Virginia Tech","VT","30","USC","USC","5","6","259","Virginia Tech","VT","30","USC","USC",0,7,1,"3:25","Penalty",2,9,64,15,79,"15 yard penalty on Trojans."
"242410259",2004,1,"259","Virginia Tech","VT","30","USC","USC","5","7","259","Virginia Tech","VT","30","USC","USC",0,7,1,"3:20","Rush",1,10,79,2,81,"Justin Hamilton (VT) rushed right side for 2 yards."
"242410259",2004,1,"259","Virginia Tech","VT","30","USC","USC","5","8","259","Virginia Tech","VT","30","USC","USC",0,7,1,"2:40","Rush",2,8,81,1,82,"Cedric Humes (VT) rushed up the middle for 1 yard."
"242410259",2004,1,"259","Virginia Tech","VT","30","USC","USC","5","9","259","Virginia Tech","VT","30","USC","USC",0,7,1,"1:54","Pass Incompletion",3,7,82,0,82,"Bryan Randall (VT) pass incomplete to the right side."
"242410259",2004,1,"259","Virginia Tech","VT","30","USC","USC","5","10","259","Virginia Tech","VT","30","USC","USC",3,7,1,"1:47","",4,7,82,35,100,"35 yard field goal by Brandon Pace (VT) is good."
"242410259",2004,1,"259","Virginia Tech","VT","30","USC","USC","6","0","259","Virginia Tech","VT","30","USC","USC",3,7,1,"1:42","Kickoff Return (Offense)",1,0,98,16,82,"Kickoff returned by Reggie Bush (USC) for 16 yards."
"242410259",2004,1,"259","Virginia Tech","VT","30","USC","USC","7","0","30","USC","USC","259","Virginia Tech","VT",3,7,1,"1:35","Pass Incompletion",1,10,82,0,82,"Matt Leinart (USC) pass incomplete to the right side."
"242410259",2004,1,"259","Virginia Tech","VT","30","USC","USC","7","1","30","USC","USC","259","Virginia Tech","VT",3,7,1,"1:31","Pass Completion",2,10,82,7,75,"Matt Leinart (USC) pass across the middle complete to Chris McFoy (USC) for 7 yards."
"242410259",2004,1,"259","Virginia Tech","VT","30","USC","USC","7","2","30","USC","USC","259","Virginia Tech","VT",3,7,1,"0:51","Penalty",3,3,75,15,60,"15 yard penalty on Hokies."
"242410259",2004,1,"259","Virginia Tech","VT","30","USC","USC","7","3","30","USC","USC","259","Virginia Tech","VT",3,7,1,"0:28","Timeout",1,10,60,0,60,"Hokies timeout; 00:28 remaining 1st quarter"
"242410259",2004,1,"259","Virginia Tech","VT","30","USC","USC","7","4","30","USC","USC","259","Virginia Tech","VT",3,7,1,"0:28","Pass Incompletion",1,10,60,0,60,"Matt Leinart (USC) pass incomplete to the left side."
"242410259",2004,1,"259","Virginia Tech","VT","30","USC","USC","7","5","30","USC","USC","259","Virginia Tech","VT",3,7,1,"0:20","Rush",2,10,60,7,53,"Reggie Bush (USC) rushed left side for 7 yards."
"242410259",2004,1,"259","Virginia Tech","VT","30","USC","USC","7","6","30","USC","USC","259","Virginia Tech","VT",3,7,1,"0:00","End Period",3,3,53,0,53,"End of the 1st quarter."
"242410259",2004,1,"259","Virginia Tech","VT","30","USC","USC","7","7","30","USC","USC","259","Virginia Tech","VT",3,7,2,"15:00","",3,3,53,0,53,"Start of the 2nd quarter."
"242410259",2004,1,"259","Virginia Tech","VT","30","USC","USC","7","8","30","USC","USC","259","Virginia Tech","VT",3,7,2,"15:00","Pass Completion",3,3,53,7,46,"Matt Leinart (USC) pass across the middle complete to Alex Holmes (USC) for 7 yards."
"242410259",2004,1,"259","Virginia Tech","VT","30","USC","USC","7","9","30","USC","USC","259","Virginia Tech","VT",3,7,2,"15:00","Fumble Recovery (Own)",0,0,46,0,46,"Trojans fumble by Alex Holmes (USC), recovered by Alex Holmes (USC), advanced for no gain."
"242410259",2004,1,"259","Virginia Tech","VT","30","USC","USC","7","10","30","USC","USC","259","Virginia Tech","VT",3,7,2,"14:38","Rush",1,10,46,1,45,"LenDale White (USC) rushed up the middle for 1 yard."
"242410259",2004,1,"259","Virginia Tech","VT","30","USC","USC","7","11","30","USC","USC","259","Virginia Tech","VT",3,7,2,"13:59","Pass Completion",2,9,45,26,19,"Matt Leinart (USC) pass left side complete to David Kirtman (USC) for 26 yards."
"242410259",2004,1,"259","Virginia Tech","VT","30","USC","USC","7","12","30","USC","USC","259","Virginia Tech","VT",3,7,2,"13:38","Sack",1,10,19,-6,25,"Matt Leinart (USC) sacked for a loss of 6 yards."
"242410259",2004,1,"259","Virginia Tech","VT","30","USC","USC","7","13","30","USC","USC","259","Virginia Tech","VT",3,7,2,"12:55","Rush",2,16,25,2,23,"Reggie Bush (USC) rushed right side for 2 yards."
"242410259",2004,1,"259","Virginia Tech","VT","30","USC","USC","7","14","30","USC","USC","259","Virginia Tech","VT",3,7,2,"12:16","Pass Completion",3,14,23,6,17,"Matt Leinart (USC) pass across the middle complete to Reggie Bush (USC) for 6 yards."
"242410259",2004,1,"259","Virginia Tech","VT","30","USC","USC","7","15","30","USC","USC","259","Virginia Tech","VT",3,7,2,"11:37","",4,8,17,35,17,"35 yard field goal by Ryan Killeen (USC) is no good."
"242410259",2004,1,"259","Virginia Tech","VT","30","USC","USC","8","0","259","Virginia Tech","VT","30","USC","USC",3,7,2,"11:33","Rush",1,10,17,1,21,"Cedric Humes (VT) rushed right side for 1 yard."
"242410259",2004,1,"259","Virginia Tech","VT","30","USC","USC","8","1","259","Virginia Tech","VT","30","USC","USC",3,7,2,"10:50","Pass Completion",2,9,21,7,28,"Bryan Randall (VT) pass across the middle complete to Jeff King (VT) for 7 yards."
"242410259",2004,1,"259","Virginia Tech","VT","30","USC","USC","8","2","259","Virginia Tech","VT","30","USC","USC",3,7,2,"10:07","Pass Completion",3,2,28,9,37,"Bryan Randall (VT) pass left side complete to John Kinzer (VT) for 9 yards."
"242410259",2004,1,"259","Virginia Tech","VT","30","USC","USC","8","3","259","Virginia Tech","VT","30","USC","USC",3,7,2,"9:35","Timeout",1,10,37,0,37,"Hokies timeout; 09:35 remaining 2nd quarter"
"242410259",2004,1,"259","Virginia Tech","VT","30","USC","USC","8","4","259","Virginia Tech","VT","30","USC","USC",3,7,2,"9:35","Sack",1,10,37,-2,35,"Bryan Randall (VT) sacked for a loss of 2 yards."
"242410259",2004,1,"259","Virginia Tech","VT","30","USC","USC","8","5","259","Virginia Tech","VT","30","USC","USC",3,7,2,"8:52","Pass Completion",2,12,35,22,57,"Bryan Randall (VT) pass across the middle complete to Jeff King (VT) for 22 yards."
"242410259",2004,1,"259","Virginia Tech","VT","30","USC","USC","8","6","259","Virginia Tech","VT","30","USC","USC",3,7,2,"8:25","Rush",1,10,57,4,61,"Justin Hamilton (VT) rushed up the middle for 4 yards."
"242410259",2004,1,"259","Virginia Tech","VT","30","USC","USC","8","7","259","Virginia Tech","VT","30","USC","USC",3,7,2,"7:45","Pass Completion",2,6,61,16,77,"Bryan Randall (VT) pass right side complete to Richard Johnson (VT) for 16 yards."
"242410259",2004,1,"259","Virginia Tech","VT","30","USC","USC","8","8","259","Virginia Tech","VT","30","USC","USC",3,7,2,"7:34","Rush",1,10,77,10,87,"Bryan Randall (VT) rushed left side for 10 yards."
"242410259",2004,1,"259","Virginia Tech","VT","30","USC","USC","8","9","259","Virginia Tech","VT","30","USC","USC",3,7,2,"7:06","Rush",1,10,87,1,88,"Justin Hamilton (VT) rushed up the middle for 1 yard."
"242410259",2004,1,"259","Virginia Tech","VT","30","USC","USC","8","10","259","Virginia Tech","VT","30","USC","USC",9,7,2,"6:25","Pass Completion",2,9,88,12,100,"Bryan Randall (VT) pass right side complete to Josh Hyman (VT) for a 12 yard touchdown."
"242410259",2004,1,"259","Virginia Tech","VT","30","USC","USC","8","11","259","Virginia Tech","VT","30","USC","USC",10,7,2,"6:19","",0,0,0,0,0,"Extra point by Brandon Pace (VT) is good."
"242410259",2004,1,"259","Virginia Tech","VT","30","USC","USC","9","0","259","Virginia Tech","VT","30","USC","USC",10,7,2,"6:19","Kickoff Return (Offense)",0,0,100,15,85,"Kickoff returned by Reggie Bush (USC) for 15 yards."
"242410259",2004,1,"259","Virginia Tech","VT","30","USC","USC","10","0","30","USC","USC","259","Virginia Tech","VT",10,7,2,"6:12","Rush",1,10,85,5,80,"Reggie Bush (USC) rushed left side for 5 yards."
"242410259",2004,1,"259","Virginia Tech","VT","30","USC","USC","10","1","30","USC","USC","259","Virginia Tech","VT",10,7,2,"5:35","Rush",2,5,80,1,79,"Reggie Bush (USC) rushed right side for 1 yard."
"242410259",2004,1,"259","Virginia Tech","VT","30","USC","USC","10","2","30","USC","USC","259","Virginia Tech","VT",10,7,2,"4:50","Rush",3,4,79,7,72,"Matt Leinart (USC) rushed left side for 7 yards."
"242410259",2004,1,"259","Virginia Tech","VT","30","USC","USC","10","3","30","USC","USC","259","Virginia Tech","VT",10,7,2,"4:40","Pass Incompletion",1,10,72,0,72,"Matt Leinart (USC) pass incomplete to the left side."
"242410259",2004,1,"259","Virginia Tech","VT","30","USC","USC","10","4","30","USC","USC","259","Virginia Tech","VT",10,7,2,"4:35","Rush",2,10,72,9,63,"LenDale White (USC) rushed left side for 9 yards."
"242410259",2004,1,"259","Virginia Tech","VT","30","USC","USC","10","5","30","USC","USC","259","Virginia Tech","VT",10,7,2,"3:48","Rush",3,1,63,10,53,"LenDale White (USC) rushed left side for 10 yards."
"242410259",2004,1,"259","Virginia Tech","VT","30","USC","USC","10","6","30","USC","USC","259","Virginia Tech","VT",10,7,2,"3:25","Rush",1,10,53,11,42,"LenDale White (USC) rushed right side for 11 yards."
"242410259",2004,1,"259","Virginia Tech","VT","30","USC","USC","10","7","30","USC","USC","259","Virginia Tech","VT",10,7,2,"3:03","Rush",1,10,42,-3,45,"Reggie Bush (USC) rushed up the middle for -3 yards."
"242410259",2004,1,"259","Virginia Tech","VT","30","USC","USC","10","8","30","USC","USC","259","Virginia Tech","VT",10,7,2,"2:18","Timeout",2,13,45,0,45,"Trojans timeout; 02:18 remaining 2nd quarter"
"242410259",2004,1,"259","Virginia Tech","VT","30","USC","USC","10","9","30","USC","USC","259","Virginia Tech","VT",10,7,2,"2:18","Rush",2,13,45,-1,46,"Steve Smith (USC) rushed up the middle for -1 yards."
"242410259",2004,1,"259","Virginia Tech","VT","30","USC","USC","10","10","30","USC","USC","259","Virginia Tech","VT",10,7,2,"1:39","Pass Completion",3,14,46,12,34,"Matt Leinart (USC) pass left side complete to Steve Smith (USC) for 12 yards."
"242410259",2004,1,"259","Virginia Tech","VT","30","USC","USC","10","11","30","USC","USC","259","Virginia Tech","VT",10,7,2,"0:50","Timeout",4,2,34,0,34,"Trojans timeout; 00:50 remaining 2nd quarter"
"242410259",2004,1,"259","Virginia Tech","VT","30","USC","USC","10","12","30","USC","USC","259","Virginia Tech","VT",10,7,2,"0:50","Pass Incompletion",4,2,34,0,34,"Matt Leinart (USC) pass incomplete to the left side.; turnover on downs."
"242410259",2004,1,"259","Virginia Tech","VT","30","USC","USC","11","0","259","Virginia Tech","VT","30","USC","USC",10,7,2,"0:46","Rush",1,10,34,4,38,"Cedric Humes (VT) rushed up the middle for 4 yards."
"242410259",2004,1,"259","Virginia Tech","VT","30","USC","USC","11","1","259","Virginia Tech","VT","30","USC","USC",10,7,2,"0:03","Rush",2,6,38,1,39,"Cedric Humes (VT) rushed up the middle for 1 yard."
"242410259",2004,1,"259","Virginia Tech","VT","30","USC","USC","11","2","259","Virginia Tech","VT","30","USC","USC",10,7,2,"0:00","End Period",3,5,39,0,39,"End of the 2nd quarter."
"242410259",2004,1,"259","Virginia Tech","VT","30","USC","USC","12","0","30","USC","USC","259","Virginia Tech","VT",10,7,3,"15:00","Rush",1,10,80,1,79,"LenDale White (USC) rushed up the middle for 1 yard."
"242410259",2004,1,"259","Virginia Tech","VT","30","USC","USC","12","1","30","USC","USC","259","Virginia Tech","VT",10,7,3,"14:20","Sack",2,9,79,-6,85,"Matt Leinart (USC) sacked for a loss of 6 yards."
"242410259",2004,1,"259","Virginia Tech","VT","30","USC","USC","12","2","30","USC","USC","259","Virginia Tech","VT",10,7,3,"13:34","Pass Incompletion",3,15,85,0,85,"Matt Leinart (USC) pass incomplete to the right side."
"242410259",2004,1,"259","Virginia Tech","VT","30","USC","USC","12","3","30","USC","USC","259","Virginia Tech","VT",10,7,3,"13:26","Punt Return",4,15,85,0,43,"Punt by Tom Malone (USC) no return by Hokies."
"242410259",2004,1,"259","Virginia Tech","VT","30","USC","USC","13","0","259","Virginia Tech","VT","30","USC","USC",10,7,3,"13:16","Rush",1,10,43,4,47,"Cedric Humes (VT) rushed up the middle for 4 yards."
"242410259",2004,1,"259","Virginia Tech","VT","30","USC","USC","13","1","259","Virginia Tech","VT","30","USC","USC",10,7,3,"12:39","Rush",2,6,47,-2,45,"Bryan Randall (VT) rushed right side for -2 yards."
"242410259",2004,1,"259","Virginia Tech","VT","30","USC","USC","13","2","259","Virginia Tech","VT","30","USC","USC",10,7,3,"12:00","Pass Completion",3,8,45,3,48,"Bryan Randall (VT) pass left side complete to Cedric Humes (VT) for 3 yards."
"242410259",2004,1,"259","Virginia Tech","VT","30","USC","USC","13","3","259","Virginia Tech","VT","30","USC","USC",10,7,3,"11:34","Punt Return",4,5,48,9,73,"Punt by Vinnie Burns (VT) returned 9 yards by Reggie Bush (USC) to the Trojans 27."
"242410259",2004,1,"259","Virginia Tech","VT","30","USC","USC","14","0","30","USC","USC","259","Virginia Tech","VT",10,7,3,"11:22","Pass Completion",1,10,73,6,67,"Matt Leinart (USC) pass left side complete to David Kirtman (USC) for 6 yards."
"242410259",2004,1,"259","Virginia Tech","VT","30","USC","USC","14","1","30","USC","USC","259","Virginia Tech","VT",10,7,3,"10:48","Pass Completion",2,4,67,4,63,"Matt Leinart (USC) pass right side complete to Chris McFoy (USC) for 4 yards."
"242410259",2004,1,"259","Virginia Tech","VT","30","USC","USC","14","2","30","USC","USC","259","Virginia Tech","VT",10,7,3,"10:17","Rush",1,10,63,-2,65,"Reggie Bush (USC) rushed up the middle for -2 yards."
"242410259",2004,1,"259","Virginia Tech","VT","30","USC","USC","14","3","30","USC","USC","259","Virginia Tech","VT",10,7,3,"9:36","Rush",2,12,65,1,64,"LenDale White (USC) rushed up the middle for 1 yard."
"242410259",2004,1,"259","Virginia Tech","VT","30","USC","USC","14","4","30","USC","USC","259","Virginia Tech","VT",10,7,3,"8:53","Pass Completion",3,11,64,5,59,"Matt Leinart (USC) pass across the middle complete to Steve Smith (USC) for 5 yards."
"242410259",2004,1,"259","Virginia Tech","VT","30","USC","USC","14","5","30","USC","USC","259","Virginia Tech","VT",10,7,3,"8:02","Timeout",4,6,59,0,59,"Hokies timeout; 08:02 remaining 3rd quarter"
"242410259",2004,1,"259","Virginia Tech","VT","30","USC","USC","14","6","30","USC","USC","259","Virginia Tech","VT",10,7,3,"8:02","Punt Return",4,6,59,0,6,"Punt by Tom Malone (USC) no return by Hokies."
"242410259",2004,1,"259","Virginia Tech","VT","30","USC","USC","15","0","259","Virginia Tech","VT","30","USC","USC",10,7,3,"7:50","Rush",1,10,6,16,22,"Justin Hamilton (VT) rushed up the middle for 16 yards."
"242410259",2004,1,"259","Virginia Tech","VT","30","USC","USC","15","1","259","Virginia Tech","VT","30","USC","USC",10,7,3,"7:24","Pass Completion",1,10,22,22,44,"Bryan Randall (VT) pass right side complete to Jared Mazzetta (VT) for 22 yards."
"242410259",2004,1,"259","Virginia Tech","VT","30","USC","USC","15","2","259","Virginia Tech","VT","30","USC","USC",10,7,3,"6:54","Rush",1,10,44,8,52,"Justin Hamilton (VT) rushed up the middle for 8 yards."
"242410259",2004,1,"259","Virginia Tech","VT","30","USC","USC","15","3","259","Virginia Tech","VT","30","USC","USC",10,7,3,"6:09","Sack",2,2,52,-11,41,"Bryan Randall (VT) sacked for a loss of 11 yards."
"242410259",2004,1,"259","Virginia Tech","VT","30","USC","USC","15","4","259","Virginia Tech","VT","30","USC","USC",10,7,3,"5:27","Rush",3,13,41,15,56,"Bryan Randall (VT) rushed right side for 15 yards."
"242410259",2004,1,"259","Virginia Tech","VT","30","USC","USC","15","5","259","Virginia Tech","VT","30","USC","USC",10,7,3,"4:52","Penalty",1,10,56,-15,41,"15 yard penalty on Hokies."
"242410259",2004,1,"259","Virginia Tech","VT","30","USC","USC","15","6","259","Virginia Tech","VT","30","USC","USC",10,7,3,"4:20","Rush",1,25,41,0,41,"Bryan Randall (VT) rushed up the middle for no gain."
"242410259",2004,1,"259","Virginia Tech","VT","30","USC","USC","15","7","259","Virginia Tech","VT","30","USC","USC",10,7,3,"3:38","Sack",2,25,41,-5,36,"Bryan Randall (VT) sacked for a loss of 5 yards."
"242410259",2004,1,"259","Virginia Tech","VT","30","USC","USC","15","8","259","Virginia Tech","VT","30","USC","USC",10,7,3,"2:50","Pass Incompletion",3,30,36,0,36,"Bryan Randall (VT) pass incomplete to the right side."
"242410259",2004,1,"259","Virginia Tech","VT","30","USC","USC","15","9","259","Virginia Tech","VT","30","USC","USC",10,7,3,"2:43","Punt Return",4,30,36,29,66,"Punt by Vinnie Burns (VT) returned 29 yards by Reggie Bush (USC) to the Trojans 34."
"242410259",2004,1,"259","Virginia Tech","VT","30","USC","USC","16","0","30","USC","USC","259","Virginia Tech","VT",10,7,3,"2:27","Pass Completion",1,10,66,13,53,"Matt Leinart (USC) pass left side complete to Lee Webb (USC) for 13 yards."
"242410259",2004,1,"259","Virginia Tech","VT","30","USC","USC","16","1","30","USC","USC","259","Virginia Tech","VT",10,13,3,"2:03","Pass Completion",1,10,53,53,0,"Matt Leinart (USC) pass left side complete to Reggie Bush (USC) for a 53 yard touchdown."
"242410259",2004,1,"259","Virginia Tech","VT","30","USC","USC","16","2","30","USC","USC","259","Virginia Tech","VT",10,14,3,"1:55","",0,0,0,0,0,"Extra point by Ryan Killeen (USC) is good."
"242410259",2004,1,"259","Virginia Tech","VT","30","USC","USC","17","0","30","USC","USC","259","Virginia Tech","VT",10,14,3,"1:55","Kickoff Return (Offense)",0,0,20,0,20,"Trojans kickoff, touchback by Hokies."
"242410259",2004,1,"259","Virginia Tech","VT","30","USC","USC","18","0","259","Virginia Tech","VT","30","USC","USC",10,14,3,"1:55","Rush",1,10,20,2,22,"Bryan Randall (VT) rushed up the middle for 2 yards."
"242410259",2004,1,"259","Virginia Tech","VT","30","USC","USC","18","1","259","Virginia Tech","VT","30","USC","USC",10,14,3,"1:06","Penalty",2,8,22,-5,17,"5 yard penalty on Hokies."
"242410259",2004,1,"259","Virginia Tech","VT","30","USC","USC","18","2","259","Virginia Tech","VT","30","USC","USC",10,14,3,"0:43","Rush",2,13,17,5,22,"Cedric Humes (VT) rushed up the middle for 5 yards."
"242410259",2004,1,"259","Virginia Tech","VT","30","USC","USC","18","3","259","Virginia Tech","VT","30","USC","USC",10,14,3,"0:00","End Period",3,8,22,0,22,"End of the 3rd quarter."
"242410259",2004,1,"259","Virginia Tech","VT","30","USC","USC","18","4","259","Virginia Tech","VT","30","USC","USC",10,14,4,"15:00","",3,8,22,0,22,"Start of the 4th quarter."
"242410259",2004,1,"259","Virginia Tech","VT","30","USC","USC","18","5","259","Virginia Tech","VT","30","USC","USC",10,14,4,"15:00","Pass Completion",3,8,22,5,27,"Bryan Randall (VT) pass right side complete to Richard Johnson (VT) for 5 yards."
"242410259",2004,1,"259","Virginia Tech","VT","30","USC","USC","18","6","259","Virginia Tech","VT","30","USC","USC",10,14,4,"14:25","Punt Return",4,3,27,0,75,"Punt by Vinnie Burns (VT) no return by Trojans."
"242410259",2004,1,"259","Virginia Tech","VT","30","USC","USC","19","0","30","USC","USC","259","Virginia Tech","VT",10,14,4,"14:14","Pass Completion",1,10,75,4,71,"Matt Leinart (USC) pass left side complete to Alex Holmes (USC) for 4 yards."
"242410259",2004,1,"259","Virginia Tech","VT","30","USC","USC","19","1","30","USC","USC","259","Virginia Tech","VT",10,14,4,"13:35","Pass Completion",2,6,71,5,66,"Matt Leinart (USC) pass right side complete to Steve Smith (USC) for 5 yards."
"242410259",2004,1,"259","Virginia Tech","VT","30","USC","USC","19","2","30","USC","USC","259","Virginia Tech","VT",10,14,4,"13:03","Rush",3,1,66,0,66,"LenDale White (USC) rushed up the middle for no gain."
"242410259",2004,1,"259","Virginia Tech","VT","30","USC","USC","19","3","30","USC","USC","259","Virginia Tech","VT",10,14,4,"12:06","Punt Return",4,1,66,0,30,"Punt by Tom Malone (USC) no return by Hokies."
"242410259",2004,1,"259","Virginia Tech","VT","30","USC","USC","20","0","259","Virginia Tech","VT","30","USC","USC",10,14,4,"11:57","Rush",1,10,30,-3,27,"Justin Hamilton (VT) rushed left side for -3 yards."
"242410259",2004,1,"259","Virginia Tech","VT","30","USC","USC","20","1","259","Virginia Tech","VT","30","USC","USC",10,14,4,"11:17","Rush",2,13,27,-2,25,"Bryan Randall (VT) rushed right side for -2 yards."
"242410259",2004,1,"259","Virginia Tech","VT","30","USC","USC","20","2","259","Virginia Tech","VT","30","USC","USC",10,14,4,"10:35","Penalty",3,15,25,10,35,"10 yard penalty on Trojans."
"242410259",2004,1,"259","Virginia Tech","VT","30","USC","USC","20","3","259","Virginia Tech","VT","30","USC","USC",10,14,4,"10:29","Pass Completion",1,10,35,17,52,"Bryan Randall (VT) pass left side complete to Jeff King (VT) for 17 yards."
"242410259",2004,1,"259","Virginia Tech","VT","30","USC","USC","20","4","259","Virginia Tech","VT","30","USC","USC",10,14,4,"9:57","Pass Incompletion",1,10,52,0,52,"Bryan Randall (VT) pass incomplete to the right side."
"242410259",2004,1,"259","Virginia Tech","VT","30","USC","USC","20","5","259","Virginia Tech","VT","30","USC","USC",10,14,4,"9:49","Pass Completion",2,10,52,6,58,"Bryan Randall (VT) pass left side complete to Richard Johnson (VT) for 6 yards."
"242410259",2004,1,"259","Virginia Tech","VT","30","USC","USC","20","6","259","Virginia Tech","VT","30","USC","USC",10,14,4,"9:49","Penalty",0,0,58,15,73,"15 yard penalty on Trojans."
"242410259",2004,1,"259","Virginia Tech","VT","30","USC","USC","20","7","259","Virginia Tech","VT","30","USC","USC",10,14,4,"9:26","Sack",1,10,73,-1,72,"Bryan Randall (VT) sacked for a loss of 1 yards."
"242410259",2004,1,"259","Virginia Tech","VT","30","USC","USC","20","8","259","Virginia Tech","VT","30","USC","USC",10,14,4,"8:41","Pass Completion",2,11,72,3,75,"Bryan Randall (VT) pass right side complete to Justin Hamilton (VT) for 3 yards."
"242410259",2004,1,"259","Virginia Tech","VT","30","USC","USC","20","9","259","Virginia Tech","VT","30","USC","USC",10,14,4,"8:07","Pass Incompletion",3,8,75,0,75,"Bryan Randall (VT) pass incomplete to the right side."
"242410259",2004,1,"259","Virginia Tech","VT","30","USC","USC","20","10","259","Virginia Tech","VT","30","USC","USC",13,14,4,"8:00","",4,8,75,42,100,"42 yard field goal by Brandon Pace (VT) is good."
"242410259",2004,1,"259","Virginia Tech","VT","30","USC","USC","21","0","259","Virginia Tech","VT","30","USC","USC",13,14,4,"7:55","Kickoff Return (Offense)",1,0,100,14,86,"Kickoff returned by Reggie Bush (USC) for 14 yards."
"242410259",2004,1,"259","Virginia Tech","VT","30","USC","USC","22","0","30","USC","USC","259","Virginia Tech","VT",13,14,4,"7:47","Pass Completion",1,10,86,4,82,"Matt Leinart (USC) pass right side complete to Reggie Bush (USC) for 4 yards."
"242410259",2004,1,"259","Virginia Tech","VT","30","USC","USC","22","1","30","USC","USC","259","Virginia Tech","VT",13,14,4,"7:08","Rush",2,6,82,5,77,"LenDale White (USC) rushed up the middle for 5 yards."
"242410259",2004,1,"259","Virginia Tech","VT","30","USC","USC","22","2","30","USC","USC","259","Virginia Tech","VT",13,14,4,"6:26","Rush",3,1,77,2,75,"Matt Leinart (USC) rushed up the middle for 2 yards."
"242410259",2004,1,"259","Virginia Tech","VT","30","USC","USC","22","3","30","USC","USC","259","Virginia Tech","VT",13,14,4,"6:05","Pass Completion",1,10,75,46,29,"Matt Leinart (USC) pass across the middle complete to Steve Smith (USC) for 46 yards."
"242410259",2004,1,"259","Virginia Tech","VT","30","USC","USC","22","4","30","USC","USC","259","Virginia Tech","VT",13,20,4,"5:42","Pass Completion",1,10,29,29,0,"Matt Leinart (USC) pass right side complete to Reggie Bush (USC) for a 29 yard touchdown."
"242410259",2004,1,"259","Virginia Tech","VT","30","USC","USC","22","5","30","USC","USC","259","Virginia Tech","VT",13,21,4,"5:35","",0,0,0,0,0,"Extra point by Ryan Killeen (USC) is good."
"242410259",2004,1,"259","Virginia Tech","VT","30","USC","USC","23","0","30","USC","USC","259","Virginia Tech","VT",13,21,4,"5:35","Kickoff Return (Offense)",0,0,0,30,30,"Kickoff returned by Eddie Royal (VT) for 30 yards."
"242410259",2004,1,"259","Virginia Tech","VT","30","USC","USC","24","0","259","Virginia Tech","VT","30","USC","USC",13,21,4,"5:27","Rush",1,10,30,2,32,"Cedric Humes (VT) rushed up the middle for 2 yards."
"242410259",2004,1,"259","Virginia Tech","VT","30","USC","USC","24","1","259","Virginia Tech","VT","30","USC","USC",13,21,4,"4:46","Pass Incompletion",2,8,32,0,32,"Bryan Randall (VT) pass incomplete to the left side."
"242410259",2004,1,"259","Virginia Tech","VT","30","USC","USC","24","2","259","Virginia Tech","VT","30","USC","USC",13,21,4,"4:40","Pass Incompletion",3,8,32,0,32,"Bryan Randall (VT) pass incomplete across the middle."
"242410259",2004,1,"259","Virginia Tech","VT","30","USC","USC","24","3","259","Virginia Tech","VT","30","USC","USC",13,21,4,"4:35","Punt Return",4,8,32,8,61,"Punt by Vinnie Burns (VT) returned 8 yards by Reggie Bush (USC) to the Trojans 39."
"242410259",2004,1,"259","Virginia Tech","VT","30","USC","USC","25","0","30","USC","USC","259","Virginia Tech","VT",13,21,4,"4:25","Pass Completion",1,10,61,0,61,"Matt Leinart (USC) pass right side complete to David Kirtman (USC) for no gain."
"242410259",2004,1,"259","Virginia Tech","VT","30","USC","USC","25","1","30","USC","USC","259","Virginia Tech","VT",13,21,4,"3:43","Rush",2,10,61,4,57,"LenDale White (USC) rushed right side for 4 yards."
"242410259",2004,1,"259","Virginia Tech","VT","30","USC","USC","25","2","30","USC","USC","259","Virginia Tech","VT",13,21,4,"3:02","Pass Incompletion",3,6,57,0,57,"Matt Leinart (USC) pass incomplete across the middle."
"242410259",2004,1,"259","Virginia Tech","VT","30","USC","USC","25","3","30","USC","USC","259","Virginia Tech","VT",13,21,4,"2:58","Penalty",4,6,57,-5,62,"5 yard penalty on Trojans."
"242410259",2004,1,"259","Virginia Tech","VT","30","USC","USC","25","4","30","USC","USC","259","Virginia Tech","VT",13,21,4,"2:43","Penalty",4,11,62,-5,67,"5 yard penalty on Trojans."
"242410259",2004,1,"259","Virginia Tech","VT","30","USC","USC","25","5","30","USC","USC","259","Virginia Tech","VT",13,21,4,"2:32","Punt Return",4,16,67,10,36,"Punt by Tom Malone (USC) returned 10 yards by Richard Johnson (VT) to the Hokies 36."
"242410259",2004,1,"259","Virginia Tech","VT","30","USC","USC","26","0","259","Virginia Tech","VT","30","USC","USC",13,21,4,"2:21","Pass Incompletion",1,10,36,0,36,"Bryan Randall (VT) pass incomplete to the right side."
"242410259",2004,1,"259","Virginia Tech","VT","30","USC","USC","26","1","259","Virginia Tech","VT","30","USC","USC",13,21,4,"2:14","Pass Incompletion",2,10,36,0,36,"Bryan Randall (VT) pass incomplete to the left side."
"242410259",2004,1,"259","Virginia Tech","VT","30","USC","USC","26","2","259","Virginia Tech","VT","30","USC","USC",13,21,4,"2:09","Sack",3,10,36,-10,26,"Bryan Randall (VT) sacked for a loss of 10 yards."
"242410259",2004,1,"259","Virginia Tech","VT","30","USC","USC","26","3","259","Virginia Tech","VT","30","USC","USC",13,21,4,"2:09","Fumble Recovery (Opponent)",0,0,26,0,26,"Hokies fumble by Bryan Randall (VT), recovered by Ronald Nunn (USC), returned for no gain."
"242410259",2004,1,"259","Virginia Tech","VT","30","USC","USC","27","0","30","USC","USC","259","Virginia Tech","VT",13,21,4,"2:01","Rush",1,10,26,0,26,"LenDale White (USC) rushed up the middle for no gain."
"242410259",2004,1,"259","Virginia Tech","VT","30","USC","USC","27","1","30","USC","USC","259","Virginia Tech","VT",13,21,4,"1:55","Timeout",2,10,26,0,26,"Hokies timeout; 01:55 remaining 4th quarter"
"242410259",2004,1,"259","Virginia Tech","VT","30","USC","USC","27","2","30","USC","USC","259","Virginia Tech","VT",13,21,4,"1:55","Rush",2,10,26,0,26,"LenDale White (USC) rushed right side for no gain."
"242410259",2004,1,"259","Virginia Tech","VT","30","USC","USC","27","3","30","USC","USC","259","Virginia Tech","VT",13,21,4,"1:46","Timeout",3,10,26,0,26,"Hokies timeout; 01:46 remaining 4th quarter"
"242410259",2004,1,"259","Virginia Tech","VT","30","USC","USC","27","4","30","USC","USC","259","Virginia Tech","VT",13,21,4,"1:46","Rush",3,10,26,3,23,"Reggie Bush (USC) rushed right side for 3 yards."
"242410259",2004,1,"259","Virginia Tech","VT","30","USC","USC","27","5","30","USC","USC","259","Virginia Tech","VT",13,21,4,"0:59","Timeout",4,7,23,0,23,"Trojans timeout; 00:59 remaining 4th quarter"
"242410259",2004,1,"259","Virginia Tech","VT","30","USC","USC","27","6","30","USC","USC","259","Virginia Tech","VT",13,24,4,"0:59","",4,7,23,40,0,"40 yard field goal by Ryan Killeen (USC) is good."
"242410259",2004,1,"259","Virginia Tech","VT","30","USC","USC","28","0","30","USC","USC","259","Virginia Tech","VT",13,24,4,"0:54","Kickoff Return (Offense)",1,0,0,12,12,"Kickoff returned by Josh Hyman (VT) for 12 yards."
"242410259",2004,1,"259","Virginia Tech","VT","30","USC","USC","29","0","259","Virginia Tech","VT","30","USC","USC",13,24,4,"0:49","Pass Incompletion",1,10,12,0,12,"Bryan Randall (VT) pass incomplete across the middle."
"242410259",2004,1,"259","Virginia Tech","VT","30","USC","USC","29","1","259","Virginia Tech","VT","30","USC","USC",13,24,4,"0:46","Pass Completion",2,10,12,7,19,"Bryan Randall (VT) pass left side complete to David Clowney (VT) for 7 yards."
"242410259",2004,1,"259","Virginia Tech","VT","30","USC","USC","29","2","259","Virginia Tech","VT","30","USC","USC",13,24,4,"0:17","Pass Completion",3,3,19,5,24,"Bryan Randall (VT) pass across the middle complete to Cedric Humes (VT) for 5 yards."
"242410259",2004,1,"259","Virginia Tech","VT","30","USC","USC","29","3","259","Virginia Tech","VT","30","USC","USC",13,24,4,"0:00","End Period",1,10,24,0,24,"End of the 4th quarter."