"gameId","year","week","homeId","homeTeam","homeAbbr","awayId","awayTeam","awayAbbr","driveIndex","playIndex","offenseId","offenseTeam","offenseAbbr","defenseId","defenseTeam","defenseAbbr","homeScore","awayScore","quarter","clock","type","down","distance","yardLine","yardsGained","endYardLine","description"
"222920275",2002,9,"275","Wisconsin","WIS","194","Ohio State","OSU","0","1","275","Wisconsin","WIS","194","Ohio State","OSU",0,0,1,"15:00","Kickoff Return (Offense)",0,0,90,15,75,"Kickoff returned by Chris Gamble (OSU) for 15 yards."
"222920275",2002,9,"275","Wisconsin","WIS","194","Ohio State","OSU","1","0","194","Ohio State","OSU","275","Wisconsin","WIS",0,0,1,"14:51","Rush",1,10,75,25,50,"Maurice Clarett (OSU) rushed left side for 25 yards."
"222920275",2002,9,"275","Wisconsin","WIS","194","Ohio State","OSU","1","1","194","Ohio State","OSU","275","Wisconsin","WIS",0,0,1,"14:20","Rush",1,10,50,3,47,"Chris Gamble (OSU) rushed right side for 3 yards."
"222920275",2002,9,"275","Wisconsin","WIS","194","Ohio State","OSU","1","2","194","Ohio State","OSU","275","Wisconsin","WIS",0,6,1,"13:40","Pass Completion",2,7,47,47,0,"Craig Krenzel (OSU) pass left side complete to Michael Jenkins (OSU) for a 47 yard touchdown."
"222920275",2002,9,"275","Wisconsin","WIS","194","Ohio State","OSU","1","3","194","Ohio State","OSU","275","Wisconsin","WIS",0,7,1,"13:40","",0,0,0,0,0,"Extra point by Mike Nugent (OSU) is good."
"222920275",2002,9,"275","Wisconsin","WIS","194","Ohio State","OSU","2","0","194","Ohio State","OSU","275","Wisconsin","WIS",0,7,1,"13:30","Kickoff Return (Offense)",0,0,1,23,24,"Kickoff returned by Brandon Williams (WIS) for 23 yards."
"222920275",2002,9,"275","Wisconsin","WIS","194","Ohio State","OSU","3","0","275","Wisconsin","WIS","194","Ohio State","OSU",0,7,1,"13:19","Rush",1,10,24,3,27,"Anthony Davis (WIS) rushed up the middle for 3 yards."
"222920275",2002,9,"275","Wisconsin","WIS","194","Ohio State","OSU","3","1","275","Wisconsin","WIS","194","Ohio State","OSU",0,7,1,"12:20","Rush",2,7,27,4,31,"Anthony Davis (WIS) rushed up the middle for 4 yards."
"222920275",2002,9,"275","Wisconsin","WIS","194","Ohio State","OSU","3","2","275","Wisconsin","WIS","194","Ohio State","OSU",0,7,1,"12:20","Pass Completion",3,3,31,6,37,"Brooks Bollinger (WIS) pass left side complete to Brandon Williams (WIS) for 6 yards."
"222920275",2002,9,"275","Wisconsin","WIS","194","Ohio State","OSU","3","3","275","Wisconsin","WIS","194","Ohio State","OSU",0,7,1,"12:20","Penalty",1,10,37,15,52,"15 yard penalty on Buckeyes."
"222920275",2002,9,"275","Wisconsin","WIS","194","Ohio State","OSU","3","4","275","Wisconsin","WIS","194","Ohio State","OSU",0,7,1,"12:20","Rush",1,10,52,2,54,"Anthony Davis (WIS) rushed up the middle for 2 yards."
"222920275",2002,9,"275","Wisconsin","WIS","194","Ohio State","OSU","3","5","275","Wisconsin","WIS","194","Ohio State","OSU",0,7,1,"11:16","Pass Completion",2,8,54,2,56,"Owen Daniels (WIS) pass right side complete to Brooks Bollinger (WIS) for 2 yards."
"222920275",2002,9,"275","Wisconsin","WIS","194","Ohio State","OSU","3","6","275","Wisconsin","WIS","194","Ohio State","OSU",0,7,1,"11:16","Sack",3,6,56,-11,45,"Brooks Bollinger (WIS) sacked for a loss of 11 yards."
"222920275",2002,9,"275","Wisconsin","WIS","194","Ohio State","OSU","3","7","275","Wisconsin","WIS","194","Ohio State","OSU",0,7,1,"11:16","Punt Return",4,17,45,0,75,"Punt by R.J. Morse (WIS) no return by Buckeyes."
"222920275",2002,9,"275","Wisconsin","WIS","194","Ohio State","OSU","4","0","194","Ohio State","OSU","275","Wisconsin","WIS",0,7,1,"10:18","Rush",1,10,75,0,74,"Maurice Clarett (OSU) rushed up the middle for no gain."
"222920275",2002,9,"275","Wisconsin","WIS","194","Ohio State","OSU","4","1","194","Ohio State","OSU","275","Wisconsin","WIS",0,7,1,"10:18","Rush",2,10,74,6,68,"Craig Krenzel (OSU) rushed left side for 6 yards."
"222920275",2002,9,"275","Wisconsin","WIS","194","Ohio State","OSU","4","2","194","Ohio State","OSU","275","Wisconsin","WIS",0,7,1,"8:50","Pass Completion",3,4,68,5,63,"Craig Krenzel (OSU) pass across the middle complete to Ben Hartsock (OSU) for 5 yards."
"222920275",2002,9,"275","Wisconsin","WIS","194","Ohio State","OSU","4","3","194","Ohio State","OSU","275","Wisconsin","WIS",0,7,1,"8:50","Penalty",1,10,63,-9,72,"9 yard penalty on Buckeyes."
"222920275",2002,9,"275","Wisconsin","WIS","194","Ohio State","OSU","4","4","194","Ohio State","OSU","275","Wisconsin","WIS",0,7,1,"8:50","Pass Incompletion",1,19,72,0,71,"Craig Krenzel (OSU) pass incomplete to the left side."
"222920275",2002,9,"275","Wisconsin","WIS","194","Ohio State","OSU","4","5","194","Ohio State","OSU","275","Wisconsin","WIS",0,7,1,"8:09","Penalty",2,19,71,-5,76,"5 yard penalty on Buckeyes."
"222920275",2002,9,"275","Wisconsin","WIS","194","Ohio State","OSU","4","6","194","Ohio State","OSU","275","Wisconsin","WIS",0,7,1,"8:04","Rush",2,24,76,7,69,"Maurice Clarett (OSU) rushed right side for 7 yards."
"222920275",2002,9,"275","Wisconsin","WIS","194","Ohio State","OSU","4","7","194","Ohio State","OSU","275","Wisconsin","WIS",0,7,1,"7:30","Rush",3,17,69,7,62,"Maurice Clarett (OSU) rushed right side for 7 yards."
"222920275",2002,9,"275","Wisconsin","WIS","194","Ohio State","OSU","4","8","194","Ohio State","OSU","275","Wisconsin","WIS",0,7,1,"6:50","Punt Return",4,10,62,18,34,"Punt by Andy Groom (OSU) returned 18 yards by Jim Leonhard (WIS) to the Badgers 34."
"222920275",2002,9,"275","Wisconsin","WIS","194","Ohio State","OSU","5","0","275","Wisconsin","WIS","194","Ohio State","OSU",0,7,1,"6:40","Rush",1,10,34,20,54,"Anthony Davis (WIS) rushed right side for 20 yards."
"222920275",2002,9,"275","Wisconsin","WIS","194","Ohio State","OSU","5","1","275","Wisconsin","WIS","194","Ohio State","OSU",0,7,1,"6:40","Pass Completion",1,10,54,5,59,"Brooks Bollinger (WIS) pass right side complete to Matt Bernstein (WIS) for 5 yards."
"222920275",2002,9,"275","Wisconsin","WIS","194","Ohio State","OSU","5","2","275","Wisconsin","WIS","194","Ohio State","OSU",6,7,1,"5:50","Rush",2,5,59,41,100,"Anthony Davis (WIS) rushed right side for a 41 yard touchdown."
"222920275",2002,9,"275","Wisconsin","WIS","194","Ohio State","OSU","5","3","275","Wisconsin","WIS","194","Ohio State","OSU",7,7,1,"5:50","",0,0,0,0,0,"Extra point by Mike Allen (WIS) is good."
"222920275",2002,9,"275","Wisconsin","WIS","194","Ohio State","OSU","6","0","275","Wisconsin","WIS","194","Ohio State","OSU",7,7,1,"5:49","Kickoff Return (Offense)",0,0,80,0,80,"Badgers kickoff, touchback by Buckeyes."
"222920275",2002,9,"275","Wisconsin","WIS","194","Ohio State","OSU","7","0","194","Ohio State","OSU","275","Wisconsin","WIS",7,7,1,"5:45","Pass Incompletion",1,10,80,0,80,"Craig Krenzel (OSU) pass incomplete to the right side."
"222920275",2002,9,"275","Wisconsin","WIS","194","Ohio State","OSU","7","1","194","Ohio State","OSU","275","Wisconsin","WIS",7,7,1,"5:38","Pass Completion",2,10,80,48,32,"Craig Krenzel (OSU) pass left side complete to Chris Gamble (OSU) for 48 yards."
"222920275",2002,9,"275","Wisconsin","WIS","194","Ohio State","OSU","7","2","194","Ohio State","OSU","275","Wisconsin","WIS",7,7,1,"5:15","Penalty",1,10,32,5,27,"5 yard penalty on Badgers."
"222920275",2002,9,"275","Wisconsin","WIS","194","Ohio State","OSU","7","3","194","Ohio State","OSU","275","Wisconsin","WIS",7,7,1,"5:15","Rush",1,5,27,3,24,"Maurice Clarett (OSU) rushed left side for 3 yards."
"222920275",2002,9,"275","Wisconsin","WIS","194","Ohio State","OSU","7","4","194","Ohio State","OSU","275","Wisconsin","WIS",7,7,1,"4:20","Pass Completion",2,2,24,10,14,"Craig Krenzel (OSU) pass right side complete to Chris Gamble (OSU) for 10 yards."
"222920275",2002,9,"275","Wisconsin","WIS","194","Ohio State","OSU","7","5","194","Ohio State","OSU","275","Wisconsin","WIS",7,7,1,"4:20","Rush",1,10,14,6,8,"Maurice Clarett (OSU) rushed right side for 6 yards."
"222920275",2002,9,"275","Wisconsin","WIS","194","Ohio State","OSU","7","6","194","Ohio State","OSU","275","Wisconsin","WIS",7,7,1,"3:30","Rush",2,4,8,-2,10,"Maurice Clarett (OSU) rushed right side for -2 yards."
"222920275",2002,9,"275","Wisconsin","WIS","194","Ohio State","OSU","7","7","194","Ohio State","OSU","275","Wisconsin","WIS",7,7,1,"2:50","Pass Incompletion",3,6,10,0,10,"Craig Krenzel (OSU) pass incomplete to the right side."
"222920275",2002,9,"275","Wisconsin","WIS","194","Ohio State","OSU","7","8","194","Ohio State","OSU","275","Wisconsin","WIS",7,10,1,"2:50","",4,6,10,27,0,"27 yard field goal by Mike Nugent (OSU) is good."
"222920275",2002,9,"275","Wisconsin","WIS","194","Ohio State","OSU","8","0","194","Ohio State","OSU","275","Wisconsin","WIS",7,10,1,"2:48","Kickoff Return (Offense)",1,0,6,19,25,"Kickoff returned by Brandon Williams (WIS) for 19 yards."
"222920275",2002,9,"275","Wisconsin","WIS","194","Ohio State","OSU","9","0","275","Wisconsin","WIS","194","Ohio State","OSU",7,10,1,"2:37","Rush",1,10,25,6,31,"Anthony Davis (WIS) rushed up the middle for 6 yards."
"222920275",2002,9,"275","Wisconsin","WIS","194","Ohio State","OSU","9","1","275","Wisconsin","WIS","194","Ohio State","OSU",7,10,1,"1:50","Fumble Recovery (Opponent)",2,4,31,0,32,"Badgers fumble by Brooks Bollinger (WIS), recovered by Mike Doss (OSU), returned for no gain."
"222920275",2002,9,"275","Wisconsin","WIS","194","Ohio State","OSU","10","0","194","Ohio State","OSU","275","Wisconsin","WIS",7,10,1,"1:50","Pass Completion",1,10,32,0,32,"Craig Krenzel (OSU) pass right side complete to Michael Jenkins (OSU) for no gain."
"222920275",2002,9,"275","Wisconsin","WIS","194","Ohio State","OSU","10","1","194","Ohio State","OSU","275","Wisconsin","WIS",7,10,1,"1:20","Rush",2,10,32,10,22,"Maurice Clarett (OSU) rushed up the middle for 10 yards."
"222920275",2002,9,"275","Wisconsin","WIS","194","Ohio State","OSU","10","2","194","Ohio State","OSU","275","Wisconsin","WIS",7,10,1,"0:50","Rush",1,10,22,4,18,"Maurice Clarett (OSU) rushed right side for 4 yards."
"222920275",2002,9,"275","Wisconsin","WIS","194","Ohio State","OSU","10","3","194","Ohio State","OSU","275","Wisconsin","WIS",7,10,1,"0:20","Rush",2,6,18,5,13,"Maurice Clarett (OSU) rushed up the middle for 5 yards."
"222920275",2002,9,"275","Wisconsin","WIS","194","Ohio State","OSU","10","4","194","Ohio State","OSU","275","Wisconsin","WIS",7,10,1,"0:00","End Period",3,1,13,0,13,"End of the 1st quarter."
"222920275",2002,9,"275","Wisconsin","WIS","194","Ohio State","OSU","10","5","194","Ohio State","OSU","275","Wisconsin","WIS",7,10,2,"15:00","",3,1,13,0,13,"Start of the 2nd quarter."
"222920275",2002,9,"275","Wisconsin","WIS","194","Ohio State","OSU","10","6","194","Ohio State","OSU","275","Wisconsin","WIS",7,10,2,"15:00","Penalty",3,1,13,-5,18,"5 yard penalty on Buckeyes."
"222920275",2002,9,"275","Wisconsin","WIS","194","Ohio State","OSU","10","7","194","Ohio State","OSU","275","Wisconsin","WIS",7,10,2,"15:00","Pass Completion",3,6,18,12,7,"Craig Krenzel (OSU) pass right side complete to Brandon Schnittker (OSU) for 12 yards."
"222920275",2002,9,"275","Wisconsin","WIS","194","Ohio State","OSU","10","8","194","Ohio State","OSU","275","Wisconsin","WIS",7,10,2,"14:20","Rush",1,7,7,0,7,"Maurice Clarett (OSU) rushed right side for no gain."
"222920275",2002,9,"275","Wisconsin","WIS","194","Ohio State","OSU","10","9","194","Ohio State","OSU","275","Wisconsin","WIS",7,10,2,"14:10","Sack",2,7,7,-1,8,"Craig Krenzel (OSU) sacked for a loss of 1 yards."
"222920275",2002,9,"275","Wisconsin","WIS","194","Ohio State","OSU","10","10","194","Ohio State","OSU","275","Wisconsin","WIS",7,10,2,"14:10","Pass Incompletion",3,8,8,0,8,"Craig Krenzel (OSU) pass incomplete to the left side."
"222920275",2002,9,"275","Wisconsin","WIS","194","Ohio State","OSU","10","11","194","Ohio State","OSU","275","Wisconsin","WIS",7,13,2,"14:10","",4,8,8,25,0,"25 yard field goal by Mike Nugent (OSU) is good."
"222920275",2002,9,"275","Wisconsin","WIS","194","Ohio State","OSU","11","0","194","Ohio State","OSU","275","Wisconsin","WIS",7,13,2,"13:14","Kickoff Return (Offense)",1,0,20,0,20,"Buckeyes kickoff, touchback by Badgers."
"222920275",2002,9,"275","Wisconsin","WIS","194","Ohio State","OSU","12","0","275","Wisconsin","WIS","194","Ohio State","OSU",7,13,2,"13:10","Rush",1,10,20,9,29,"Dwayne Smith (WIS) rushed up the middle for 9 yards."
"222920275",2002,9,"275","Wisconsin","WIS","194","Ohio State","OSU","12","1","275","Wisconsin","WIS","194","Ohio State","OSU",7,13,2,"12:30","Rush",2,1,29,5,34,"Matt Bernstein (WIS) rushed up the middle for 5 yards."
"222920275",2002,9,"275","Wisconsin","WIS","194","Ohio State","OSU","12","2","275","Wisconsin","WIS","194","Ohio State","OSU",7,13,2,"12:30","Sack",1,10,34,-5,29,"Brooks Bollinger (WIS) sacked for a loss of 5 yards."
"222920275",2002,9,"275","Wisconsin","WIS","194","Ohio State","OSU","12","3","275","Wisconsin","WIS","194","Ohio State","OSU",7,13,2,"12:30","Fumble Recovery (Own)",2,15,29,0,31,"Badgers fumble by Brooks Bollinger (WIS), recovered by Dwayne Smith (WIS), advanced for no gain."
"222920275",2002,9,"275","Wisconsin","WIS","194","Ohio State","OSU","12","4","275","Wisconsin","WIS","194","Ohio State","OSU",7,13,2,"12:30","Rush",2,13,31,15,46,"Dwayne Smith (WIS) rushed up the middle for 15 yards."
"222920275",2002,9,"275","Wisconsin","WIS","194","Ohio State","OSU","12","5","275","Wisconsin","WIS","194","Ohio State","OSU",7,13,2,"12:30","Rush",1,10,46,2,48,"Anthony Davis (WIS) rushed right side for 2 yards."
"222920275",2002,9,"275","Wisconsin","WIS","194","Ohio State","OSU","12","6","275","Wisconsin","WIS","194","Ohio State","OSU",7,13,2,"12:30","Pass Completion",2,8,48,10,58,"Brooks Bollinger (WIS) pass left side complete to Brandon Williams (WIS) for 10 yards."
"222920275",2002,9,"275","Wisconsin","WIS","194","Ohio State","OSU","12","7","275","Wisconsin","WIS","194","Ohio State","OSU",7,13,2,"12:30","Rush",1,10,58,3,61,"Anthony Davis (WIS) rushed up the middle for 3 yards."
"222920275",2002,9,"275","Wisconsin","WIS","194","Ohio State","OSU","12","8","275","Wisconsin","WIS","194","Ohio State","OSU",7,13,2,"12:30","Rush",2,7,61,11,72,"Brooks Bollinger (WIS) rushed up the middle for 11 yards."
"222920275",2002,9,"275","Wisconsin","WIS","194","Ohio State","OSU","12","9","275","Wisconsin","WIS","194","Ohio State","OSU",7,13,2,"12:30","Rush",1,10,72,0,72,"Anthony Davis (WIS) rushed up the middle for no gain."
"222920275",2002,9,"275","Wisconsin","WIS","194","Ohio State","OSU","12","10","275","Wisconsin","WIS","194","Ohio State","OSU",7,13,2,"12:30","Sack",2,10,72,-3,69,"Brooks Bollinger (WIS) sacked for a loss of 3 yards."
"222920275",2002,9,"275","Wisconsin","WIS","194","Ohio State","OSU","12","11","275","Wisconsin","WIS","194","Ohio State","OSU",7,13,2,"12:30","Sack",3,13,69,-4,65,"Brooks Bollinger (WIS) sacked for a loss of 4 yards."
"222920275",2002,9,"275","Wisconsin","WIS","194","Ohio State","OSU","12","12","275","Wisconsin","WIS","194","Ohio State","OSU",7,13,2,"8:00","Punt Return",4,17,65,0,99,"Punt by R.J. Morse (WIS) no return by Buckeyes."
"222920275",2002,9,"275","Wisconsin","WIS","194","Ohio State","OSU","13","0","194","Ohio State","OSU","275","Wisconsin","WIS",7,13,2,"7:00","Rush",1,10,99,2,97,"Craig Krenzel (OSU) rushed up the middle for 2 yards."
"222920275",2002,9,"275","Wisconsin","WIS","194","Ohio State","OSU","13","1","194","Ohio State","OSU","275","Wisconsin","WIS",7,13,2,"7:00","Pass Completion",2,8,97,14,83,"Craig Krenzel (OSU) pass left side complete to Michael Jenkins (OSU) for 14 yards."
"222920275",2002,9,"275","Wisconsin","WIS","194","Ohio State","OSU","13","2","194","Ohio State","OSU","275","Wisconsin","WIS",7,13,2,"6:00","Rush",1,10,83,3,80,"Lydell Ross (OSU) rushed left side for 3 yards."
"222920275",2002,9,"275","Wisconsin","WIS","194","Ohio State","OSU","13","3","194","Ohio State","OSU","275","Wisconsin","WIS",7,13,2,"6:00","Sack",2,7,80,-7,87,"Craig Krenzel (OSU) sacked for a loss of 7 yards."
"222920275",2002,9,"275","Wisconsin","WIS","194","Ohio State","OSU","13","4","194","Ohio State","OSU","275","Wisconsin","WIS",7,13,2,"4:50","Rush",3,14,87,13,74,"Lydell Ross (OSU) rushed left side for 13 yards."
"222920275",2002,9,"275","Wisconsin","WIS","194","Ohio State","OSU","13","5","194","Ohio State","OSU","275","Wisconsin","WIS",7,13,2,"4:50","Punt Return",4,1,74,0,21,"Punt by Andy Groom (OSU) no return by Badgers."
"222920275",2002,9,"275","Wisconsin","WIS","194","Ohio State","OSU","14","0","275","Wisconsin","WIS","194","Ohio State","OSU",7,13,2,"4:10","Rush",1,10,21,13,34,"Anthony Davis (WIS) rushed left side for 13 yards."
"222920275",2002,9,"275","Wisconsin","WIS","194","Ohio State","OSU","14","1","275","Wisconsin","WIS","194","Ohio State","OSU",7,13,2,"4:00","Rush",1,10,34,11,45,"Anthony Davis (WIS) rushed left side for 11 yards."
"222920275",2002,9,"275","Wisconsin","WIS","194","Ohio State","OSU","14","2","275","Wisconsin","WIS","194","Ohio State","OSU",7,13,2,"3:30","Rush",1,10,45,2,47,"Anthony Davis (WIS) rushed up the middle for 2 yards."
"222920275",2002,9,"275","Wisconsin","WIS","194","Ohio State","OSU","14","3","275","Wisconsin","WIS","194","Ohio State","OSU",7,13,2,"2:50","Rush",2,8,47,10,57,"Jim Sorgi (WIS) rushed left side for 10 yards."
"222920275",2002,9,"275","Wisconsin","WIS","194","Ohio State","OSU","14","4","275","Wisconsin","WIS","194","Ohio State","OSU",7,13,2,"2:48","Pass Incompletion",1,10,57,0,57,"Jim Sorgi (WIS) pass incomplete across the middle."
"222920275",2002,9,"275","Wisconsin","WIS","194","Ohio State","OSU","14","5","275","Wisconsin","WIS","194","Ohio State","OSU",7,13,2,"2:42","Rush",2,10,57,1,58,"Dwayne Smith (WIS) rushed up the middle for 1 yard."
"222920275",2002,9,"275","Wisconsin","WIS","194","Ohio State","OSU","14","6","275","Wisconsin","WIS","194","Ohio State","OSU",13,13,2,"2:00","Pass Completion",3,9,58,42,100,"Jim Sorgi (WIS) pass across the middle complete to Jonathan Orr (WIS) for a 42 yard touchdown."
"222920275",2002,9,"275","Wisconsin","WIS","194","Ohio State","OSU","14","7","275","Wisconsin","WIS","194","Ohio State","OSU",14,13,2,"2:00","",0,0,0,0,0,"Extra point by Mike Allen (WIS) is good."
"222920275",2002,9,"275","Wisconsin","WIS","194","Ohio State","OSU","15","0","275","Wisconsin","WIS","194","Ohio State","OSU",14,13,2,"1:55","Kickoff Return (Offense)",0,0,83,11,72,"Kickoff returned by Chris Gamble (OSU) for 11 yards."
"222920275",2002,9,"275","Wisconsin","WIS","194","Ohio State","OSU","16","0","194","Ohio State","OSU","275","Wisconsin","WIS",14,13,2,"1:48","Sack",1,10,72,-4,76,"Craig Krenzel (OSU) sacked for a loss of 4 yards."
"222920275",2002,9,"275","Wisconsin","WIS","194","Ohio State","OSU","16","1","194","Ohio State","OSU","275","Wisconsin","WIS",14,13,2,"1:48","Pass Completion",2,14,76,7,69,"Craig Krenzel (OSU) pass left side complete to Chris Gamble (OSU) for 7 yards."
"222920275",2002,9,"275","Wisconsin","WIS","194","Ohio State","OSU","16","2","194","Ohio State","OSU","275","Wisconsin","WIS",14,13,2,"1:48","Pass Incompletion",3,7,69,0,69,"Craig Krenzel (OSU) pass incomplete across the middle."
"222920275",2002,9,"275","Wisconsin","WIS","194","Ohio State","OSU","16","3","194","Ohio State","OSU","275","Wisconsin","WIS",14,13,2,"1:48","Punt Return",4,7,69,5,30,"Punt by Andy Groom (OSU) returned 5 yards by Jim Leonhard (WIS) to the Badgers 30."
"222920275",2002,9,"275","Wisconsin","WIS","194","Ohio State","OSU","17","0","275","Wisconsin","WIS","194","Ohio State","OSU",14,13,2,"1:48","Rush",1,10,30,1,31,"Anthony Davis (WIS) rushed up the middle for 1 yard."
"222920275",2002,9,"275","Wisconsin","WIS","194","Ohio State","OSU","17","1","275","Wisconsin","WIS","194","Ohio State","OSU",14,13,2,"0:00","End Period",2,9,31,0,31,"End of the 2nd quarter."
"222920275",2002,9,"275","Wisconsin","WIS","194","Ohio State","OSU","18","1","194","Ohio State","OSU","275","Wisconsin","WIS",14,13,3,"15:00","Kickoff Return (Offense)",0,0,35,0,35,"Buckeyes kickoff, no return by Badgers."
"222920275",2002,9,"275","Wisconsin","WIS","194","Ohio State","OSU","19","0","275","Wisconsin","WIS","194","Ohio State","OSU",14,13,3,"14:55","Rush",1,10,35,13,48,"Anthony Davis (WIS) rushed right side for 13 yards."
"222920275",2002,9,"275","Wisconsin","WIS","194","Ohio State","OSU","19","1","275","Wisconsin","WIS","194","Ohio State","OSU",14,13,3,"14:49","Rush",1,10,48,2,50,"Anthony Davis (WIS) rushed right side for 2 yards."
"222920275",2002,9,"275","Wisconsin","WIS","194","Ohio State","OSU","19","2","275","Wisconsin","WIS","194","Ohio State","OSU",14,13,3,"13:50","Pass Incompletion",2,8,50,0,50,"Jim Sorgi (WIS) pass incomplete to the right side."
"222920275",2002,9,"275","Wisconsin","WIS","194","Ohio State","OSU","19","3","275","Wisconsin","WIS","194","Ohio State","OSU",14,13,3,"13:43","Sack",3,8,50,-9,41,"Jim Sorgi (WIS) sacked for a loss of 9 yards."
"222920275",2002,9,"275","Wisconsin","WIS","194","Ohio State","OSU","19","4","275","Wisconsin","WIS","194","Ohio State","OSU",14,13,3,"13:43","Punt Return",4,17,41,0,75,"Punt by R.J. Morse (WIS) returned by Chris Gamble (OSU) to the Buckeyes 25 for no gain."
"222920275",2002,9,"275","Wisconsin","WIS","194","Ohio State","OSU","20","0","194","Ohio State","OSU","275","Wisconsin","WIS",14,13,3,"13:14","Rush",1,10,75,3,72,"Maurice Clarett (OSU) rushed up the middle for 3 yards."
"222920275",2002,9,"275","Wisconsin","WIS","194","Ohio State","OSU","20","1","194","Ohio State","OSU","275","Wisconsin","WIS",14,13,3,"12:30","Pass Completion",2,7,72,4,68,"Craig Krenzel (OSU) pass across the middle complete to Ben Hartsock (OSU) for 4 yards."
"222920275",2002,9,"275","Wisconsin","WIS","194","Ohio State","OSU","20","2","194","Ohio State","OSU","275","Wisconsin","WIS",14,13,3,"11:50","Rush",3,3,68,9,59,"Craig Krenzel (OSU) rushed right side for 9 yards."
"222920275",2002,9,"275","Wisconsin","WIS","194","Ohio State","OSU","20","3","194","Ohio State","OSU","275","Wisconsin","WIS",14,13,3,"11:00","Rush",1,10,59,1,58,"Maurice Clarett (OSU) rushed right side for 1 yard."
"222920275",2002,9,"275","Wisconsin","WIS","194","Ohio State","OSU","20","4","194","Ohio State","OSU","275","Wisconsin","WIS",14,13,3,"10:30","Pass Completion",2,9,58,8,50,"Craig Krenzel (OSU) pass left side complete to Michael Jenkins (OSU) for 8 yards."
"222920275",2002,9,"275","Wisconsin","WIS","194","Ohio State","OSU","20","5","194","Ohio State","OSU","275","Wisconsin","WIS",14,13,3,"9:50","Rush",3,1,50,0,50,"Maurice Clarett (OSU) rushed up the middle for no gain."
"222920275",2002,9,"275","Wisconsin","WIS","194","Ohio State","OSU","20","6","194","Ohio State","OSU","275","Wisconsin","WIS",14,13,3,"9:50","Punt Return",4,1,50,0,20,"Punt by Andy Groom (OSU) no return by Badgers."
"222920275",2002,9,"275","Wisconsin","WIS","194","Ohio State","OSU","21","0","275","Wisconsin","WIS","194","Ohio State","OSU",14,13,3,"9:40","Rush",1,10,20,3,23,"Anthony Davis (WIS) rushed up the middle for 3 yards."
"222920275",2002,9,"275","Wisconsin","WIS","194","Ohio State","OSU","21","1","275","Wisconsin","WIS","194","Ohio State","OSU",14,13,3,"8:40","Penalty",2,7,23,-10,13,"10 yard penalty on Badgers."
"222920275",2002,9,"275","Wisconsin","WIS","194","Ohio State","OSU","21","2","275","Wisconsin","WIS","194","Ohio State","OSU",14,13,3,"8:36","Pass Completion",2,17,13,14,27,"Jim Sorgi (WIS) pass right side complete to Jonathan Orr (WIS) for 14 yards."
"222920275",2002,9,"275","Wisconsin","WIS","194","Ohio State","OSU","21","3","275","Wisconsin","WIS","194","Ohio State","OSU",14,13,3,"8:36","Pass Completion",3,3,27,5,32,"Jim Sorgi (WIS) pass right side complete to Darrin Charles (WIS) for 5 yards."
"222920275",2002,9,"275","Wisconsin","WIS","194","Ohio State","OSU","21","4","275","Wisconsin","WIS","194","Ohio State","OSU",14,13,3,"7:40","Rush",1,10,32,15,47,"Dwayne Smith (WIS) rushed left side for 15 yards."
"222920275",2002,9,"275","Wisconsin","WIS","194","Ohio State","OSU","21","5","275","Wisconsin","WIS","194","Ohio State","OSU",14,13,3,"7:35","Timeout",1,10,47,0,47,"Television timeout; 07:35 remaining 3rd quarter"
"222920275",2002,9,"275","Wisconsin","WIS","194","Ohio State","OSU","21","6","275","Wisconsin","WIS","194","Ohio State","OSU",14,13,3,"7:35","Rush",1,10,47,7,54,"Jim Sorgi (WIS) rushed left side for 7 yards."
"222920275",2002,9,"275","Wisconsin","WIS","194","Ohio State","OSU","21","7","275","Wisconsin","WIS","194","Ohio State","OSU",14,13,3,"7:00","Rush",2,3,54,1,55,"Dwayne Smith (WIS) rushed left side for 1 yard."
"222920275",2002,9,"275","Wisconsin","WIS","194","Ohio State","OSU","21","8","275","Wisconsin","WIS","194","Ohio State","OSU",14,13,3,"6:30","Rush",3,2,55,-2,53,"Dwayne Smith (WIS) rushed up the middle for -2 yards."
"222920275",2002,9,"275","Wisconsin","WIS","194","Ohio State","OSU","21","9","275","Wisconsin","WIS","194","Ohio State","OSU",14,13,3,"6:30","Rush",4,4,53,-1,47,"R.J. Morse (WIS) rushed up the middle for -1 yards; turnover on downs."
"222920275",2002,9,"275","Wisconsin","WIS","194","Ohio State","OSU","22","0","194","Ohio State","OSU","275","Wisconsin","WIS",14,13,3,"6:06","Rush",1,10,47,5,37,"Maurice Clarett (OSU) rushed up the middle for 5 yards."
"222920275",2002,9,"275","Wisconsin","WIS","194","Ohio State","OSU","22","1","194","Ohio State","OSU","275","Wisconsin","WIS",14,13,3,"4:50","Rush",2,5,37,1,36,"Maurice Clarett (OSU) rushed up the middle for 1 yard."
"222920275",2002,9,"275","Wisconsin","WIS","194","Ohio State","OSU","22","2","194","Ohio State","OSU","275","Wisconsin","WIS",14,13,3,"4:50","Pass Incompletion",3,4,36,0,36,"Craig Krenzel (OSU) pass incomplete to the left side."
"222920275",2002,9,"275","Wisconsin","WIS","194","Ohio State","OSU","22","3","194","Ohio State","OSU","275","Wisconsin","WIS",14,13,3,"4:35","Punt Return",4,4,36,0,1,"Punt by Andy Groom (OSU) no return by Badgers."
"222920275",2002,9,"275","Wisconsin","WIS","194","Ohio State","OSU","23","0","275","Wisconsin","WIS","194","Ohio State","OSU",14,13,3,"4:22","Penalty",1,10,1,0,1,"0 yard penalty on Badgers."
"222920275",2002,9,"275","Wisconsin","WIS","194","Ohio State","OSU","23","1","275","Wisconsin","WIS","194","Ohio State","OSU",14,13,3,"4:22","Pass Completion",1,10,1,9,10,"Jim Sorgi (WIS) pass left side complete to Jonathan Orr (WIS) for 9 yards."
"222920275",2002,9,"275","Wisconsin","WIS","194","Ohio State","OSU","23","2","275","Wisconsin","WIS","194","Ohio State","OSU",14,13,3,"3:40","Rush",2,1,10,3,13,"Matt Bernstein (WIS) rushed up the middle for 3 yards."
"222920275",2002,9,"275","Wisconsin","WIS","194","Ohio State","OSU","23","3","275","Wisconsin","WIS","194","Ohio State","OSU",14,13,3,"3:40","Rush",1,10,13,1,14,"Anthony Davis (WIS) rushed up the middle for 1 yard."
"222920275",2002,9,"275","Wisconsin","WIS","194","Ohio State","OSU","23","4","275","Wisconsin","WIS","194","Ohio State","OSU",14,13,3,"3:20","Rush",2,9,14,11,25,"Anthony Davis (WIS) rushed up the middle for 11 yards."
"222920275",2002,9,"275","Wisconsin","WIS","194","Ohio State","OSU","23","5","275","Wisconsin","WIS","194","Ohio State","OSU",14,13,3,"2:50","Rush",1,10,25,0,25,"Anthony Davis (WIS) rushed right side for no gain."
"222920275",2002,9,"275","Wisconsin","WIS","194","Ohio State","OSU","23","6","275","Wisconsin","WIS","194","Ohio State","OSU",14,13,3,"2:00","Rush",2,10,25,4,29,"Anthony Davis (WIS) rushed up the middle for 4 yards."
"222920275",2002,9,"275","Wisconsin","WIS","194","Ohio State","OSU","23","7","275","Wisconsin","WIS","194","Ohio State","OSU",14,13,3,"1:30","Pass Completion",3,6,29,15,44,"Jim Sorgi (WIS) pass left side complete to Darrin Charles (WIS) for 15 yards."
"222920275",2002,9,"275","Wisconsin","WIS","194","Ohio State","OSU","23","8","275","Wisconsin","WIS","194","Ohio State","OSU",14,13,3,"0:50","Rush",1,10,44,3,47,"Anthony Davis (WIS) rushed up the middle for 3 yards."
"222920275",2002,9,"275","Wisconsin","WIS","194","Ohio State","OSU","23","9","275","Wisconsin","WIS","194","Ohio State","OSU",14,13,3,"0:50","Rush",2,7,47,0,47,"Anthony Davis (WIS) rushed up the middle for no gain."
"222920275",2002,9,"275","Wisconsin","WIS","194","Ohio State","OSU","23","10","275","Wisconsin","WIS","194","Ohio State","OSU",14,13,3,"0:00","End Period",3,7,47,0,47,"End of the 3rd quarter."
"222920275",2002,9,"275","Wisconsin","WIS","194","Ohio State","OSU","23","11","275","Wisconsin","WIS","194","Ohio State","OSU",14,13,4,"15:00","",3,7,47,0,47,"Start of the 4th quarter."
"222920275",2002,9,"275","Wisconsin","WIS","194","Ohio State","OSU","23","12","275","Wisconsin","WIS","194","Ohio State","OSU",14,13,4,"15:00","Pass Incompletion",3,7,47,0,47,"Jim Sorgi (WIS) pass incomplete to the left side."
"222920275",2002,9,"275","Wisconsin","WIS","194","Ohio State","OSU","23","13","275","Wisconsin","WIS","194","Ohio State","OSU",14,13,4,"14:54","Punt Return",4,7,47,0,88,"Punt by R.J. Morse (WIS) no return by Buckeyes."
"222920275",2002,9,"275","Wisconsin","WIS","194","Ohio State","OSU","24","0","194","Ohio State","OSU","275","Wisconsin","WIS",14,13,4,"14:45","Rush",1,10,88,3,85,"Maurice Clarett (OSU) rushed up the middle for 3 yards."
"222920275",2002,9,"275","Wisconsin","WIS","194","Ohio State","OSU","24","1","194","Ohio State","OSU","275","Wisconsin","WIS",14,13,4,"14:00","Rush",2,7,85,1,84,"Craig Krenzel (OSU) rushed right side for 1 yard."
"222920275",2002,9,"275","Wisconsin","WIS","194","Ohio State","OSU","24","2","194","Ohio State","OSU","275","Wisconsin","WIS",14,13,4,"13:10","Pass Completion",3,6,84,45,39,"Craig Krenzel (OSU) pass across the middle complete to Michael Jenkins (OSU) for 45 yards."
"222920275",2002,9,"275","Wisconsin","WIS","194","Ohio State","OSU","24","3","194","Ohio State","OSU","275","Wisconsin","WIS",14,13,4,"13:10","Rush",1,10,39,5,34,"Maurice Clarett (OSU) rushed up the middle for 5 yards."
"222920275",2002,9,"275","Wisconsin","WIS","194","Ohio State","OSU","24","4","194","Ohio State","OSU","275","Wisconsin","WIS",14,13,4,"11:50","Rush",2,5,34,3,31,"Maurice Clarett (OSU) rushed up the middle for 3 yards."
"222920275",2002,9,"275","Wisconsin","WIS","194","Ohio State","OSU","24","5","194","Ohio State","OSU","275","Wisconsin","WIS",14,13,4,"11:20","Rush",3,2,31,16,15,"Craig Krenzel (OSU) rushed right side for 16 yards."
"222920275",2002,9,"275","Wisconsin","WIS","194","Ohio State","OSU","24","6","194","Ohio State","OSU","275","Wisconsin","WIS",14,13,4,"11:12","Rush",1,10,15,6,9,"Maurice Clarett (OSU) rushed up the middle for 6 yards."
"222920275",2002,9,"275","Wisconsin","WIS","194","Ohio State","OSU","24","7","194","Ohio State","OSU","275","Wisconsin","WIS",14,13,4,"10:30","Rush",2,4,9,6,3,"Maurice Clarett (OSU) rushed up the middle for 6 yards."
"222920275",2002,9,"275","Wisconsin","WIS","194","Ohio State","OSU","24","8","194","Ohio State","OSU","275","Wisconsin","WIS",14,19,4,"10:00","Pass Completion",1,3,3,3,0,"Craig Krenzel (OSU) pass right side complete to Ben Hartsock (OSU) for a 3 yard touchdown."
"222920275",2002,9,"275","Wisconsin","WIS","194","Ohio State","OSU","24","9","194","Ohio State","OSU","275","Wisconsin","WIS",14,19,4,"9:59","Timeout",1,0,0,0,0,"Television timeout; 09:59 remaining 4th quarter"
"222920275",2002,9,"275","Wisconsin","WIS","194","Ohio State","OSU","24","10","194","Ohio State","OSU","275","Wisconsin","WIS",14,19,4,"9:59","Two Point Pass",1,0,0,0,3,"2 point pass from Craig Krenzel (OSU) to Ryan Hamby (OSU) is no good."
"222920275",2002,9,"275","Wisconsin","WIS","194","Ohio State","OSU","25","0","194","Ohio State","OSU","275","Wisconsin","WIS",14,19,4,"9:59","Kickoff Return (Offense)",1,3,-2,22,20,"Kickoff returned by Brandon Williams (WIS) for 22 yards."
"222920275",2002,9,"275","Wisconsin","WIS","194","Ohio State","OSU","26","0","275","Wisconsin","WIS","194","Ohio State","OSU",14,19,4,"9:49","Rush",1,10,20,1,21,"Dwayne Smith (WIS) rushed left side for 1 yard."
"222920275",2002,9,"275","Wisconsin","WIS","194","Ohio State","OSU","26","1","275","Wisconsin","WIS","194","Ohio State","OSU",14,19,4,"9:00","Pass Completion",2,9,21,9,30,"Jim Sorgi (WIS) pass left side complete to Darrin Charles (WIS) for 9 yards."
"222920275",2002,9,"275","Wisconsin","WIS","194","Ohio State","OSU","26","2","275","Wisconsin","WIS","194","Ohio State","OSU",14,19,4,"9:00","Rush",1,10,30,0,30,"Anthony Davis (WIS) rushed left side for no gain."
"222920275",2002,9,"275","Wisconsin","WIS","194","Ohio State","OSU","26","3","275","Wisconsin","WIS","194","Ohio State","OSU",14,19,4,"8:20","Pass Incompletion",2,10,30,0,30,"Jim Sorgi (WIS) pass incomplete to the right side."
"222920275",2002,9,"275","Wisconsin","WIS","194","Ohio State","OSU","26","4","275","Wisconsin","WIS","194","Ohio State","OSU",14,19,4,"8:20","Pass Completion",3,10,30,42,72,"Jim Sorgi (WIS) pass across the middle complete to Jonathan Orr (WIS) for 42 yards."
"222920275",2002,9,"275","Wisconsin","WIS","194","Ohio State","OSU","26","5","275","Wisconsin","WIS","194","Ohio State","OSU",14,19,4,"8:13","Rush",1,10,72,-1,71,"Anthony Davis (WIS) rushed right side for -1 yards."
"222920275",2002,9,"275","Wisconsin","WIS","194","Ohio State","OSU","26","6","275","Wisconsin","WIS","194","Ohio State","OSU",14,19,4,"7:20","Pass Incompletion",2,11,71,0,71,"Jim Sorgi (WIS) pass incomplete across the middle."
"222920275",2002,9,"275","Wisconsin","WIS","194","Ohio State","OSU","26","7","275","Wisconsin","WIS","194","Ohio State","OSU",14,19,4,"7:16","Timeout",3,11,71,0,71,"Television timeout; 07:16 remaining 4th quarter"
"222920275",2002,9,"275","Wisconsin","WIS","194","Ohio State","OSU","26","8","275","Wisconsin","WIS","194","Ohio State","OSU",14,19,4,"7:16","Pass Interception",3,11,71,0,80,"Jim Sorgi (WIS) pass left side intercepted by Chris Gamble (OSU). Returned for no gain."
"222920275",2002,9,"275","Wisconsin","WIS","194","Ohio State","OSU","27","0","194","Ohio State","OSU","275","Wisconsin","WIS",14,19,4,"7:09","Rush",1,10,80,5,75,"Maurice Clarett (OSU) rushed up the middle for 5 yards."
"222920275",2002,9,"275","Wisconsin","WIS","194","Ohio State","OSU","27","1","194","Ohio State","OSU","275","Wisconsin","WIS",14,19,4,"6:30","Rush",2,5,75,1,74,"Maurice Clarett (OSU) rushed up the middle for 1 yard."
"222920275",2002,9,"275","Wisconsin","WIS","194","Ohio State","OSU","27","2","194","Ohio State","OSU","275","Wisconsin","WIS",14,19,4,"5:40","Pass Incompletion",3,4,74,0,74,"Craig Krenzel (OSU) pass incomplete to the right side."
"222920275",2002,9,"275","Wisconsin","WIS","194","Ohio State","OSU","27","3","194","Ohio State","OSU","275","Wisconsin","WIS",14,19,4,"5:33","Punt Return",4,4,74,0,20,"Punt by Andy Groom (OSU) no return by Badgers."
"222920275",2002,9,"275","Wisconsin","WIS","194","Ohio State","OSU","28","0","275","Wisconsin","WIS","194","Ohio State","OSU",14,19,4,"5:31","Rush",1,10,20,1,21,"Anthony Davis (WIS) rushed left side for 1 yard."
"222920275",2002,9,"275","Wisconsin","WIS","194","Ohio State","OSU","28","1","275","Wisconsin","WIS","194","Ohio State","OSU",14,19,4,"4:50","Pass Incompletion",2,9,21,0,21,"Jim Sorgi (WIS) pass incomplete to the left side."
"222920275",2002,9,"275","Wisconsin","WIS","194","Ohio State","OSU","28","2","275","Wisconsin","WIS","194","Ohio State","OSU",14,19,4,"4:49","Pass Incompletion",3,9,21,0,21,"Jim Sorgi (WIS) pass incomplete to the right side."
"222920275",2002,9,"275","Wisconsin","WIS","194","Ohio State","OSU","28","3","275","Wisconsin","WIS","194","Ohio State","OSU",14,19,4,"4:42","Punt Return",4,9,21,0,62,"Punt by R.J. Morse (WIS) no return by Buckeyes."
"222920275",2002,9,"275","Wisconsin","WIS","194","Ohio State","OSU","29","0","194","Ohio State","OSU","275","Wisconsin","WIS",14,19,4,"4:29","Rush",1,10,62,9,53,"Maurice Clarett (OSU) rushed up the middle for 9 yards."
"222920275",2002,9,"275","Wisconsin","WIS","194","Ohio State","OSU","29","1","194","Ohio State","OSU","275","Wisconsin","WIS",14,19,4,"3:40","Rush",2,1,53,4,49,"Maurice Clarett (OSU) rushed left side for 4 yards."
"222920275",2002,9,"275","Wisconsin","WIS","194","Ohio State","OSU","29","2","194","Ohio State","OSU","275","Wisconsin","WIS",14,19,4,"3:00","Rush",1,10,49,3,46,"Maurice Clarett (OSU) rushed left side for 3 yards."
"222920275",2002,9,"275","Wisconsin","WIS","194","Ohio State","OSU","29","3","194","Ohio State","OSU","275","Wisconsin","WIS",14,19,4,"2:20","Rush",2,7,46,6,40,"Maurice Clarett (OSU) rushed right side for 6 yards."
"222920275",2002,9,"275","Wisconsin","WIS","194","Ohio State","OSU","29","4","194","Ohio State","OSU","275","Wisconsin","WIS",14,19,4,"2:00","Rush",3,1,40,2,38,"Craig Krenzel (OSU) rushed up the middle for 2 yards."
"222920275",2002,9,"275","Wisconsin","WIS","194","Ohio State","OSU","29","5","194","Ohio State","OSU","275","Wisconsin","WIS",14,19,4,"1:40","Rush",1,10,38,4,34,"Maurice Clarett (OSU) rushed up the middle for 4 yards."
"222920275",2002,9,"275","Wisconsin","WIS","194","Ohio State","OSU","29","6","194","Ohio State","OSU","275","Wisconsin","WIS",14,19,4,"1:00","Rush",2,6,34,2,32,"Maurice Clarett (OSU) rushed up the middle for 2 yards."
"222920275",2002,9,"275","Wisconsin","WIS","194","Ohio State","OSU","29","7","194","Ohio State","OSU","275","Wisconsin","WIS",14,19,4,"0:46","Timeout",3,4,32,0,32,"Television timeout; 00:46 remaining 4th quarter"
"222920275",2002,9,"275","Wisconsin","WIS","194","Ohio State","OSU","29","8","194","Ohio State","OSU","275","Wisconsin","WIS",14,19,4,"0:46","Rush",3,4,32,2,30,"Lydell Ross (OSU) rushed up the middle for 2 yards."
"222920275",2002,9,"275","Wisconsin","WIS","194","Ohio State","OSU","29","9","194","Ohio State","OSU","275","Wisconsin","WIS",14,19,4,"0:05","Penalty",4,2,30,-6,36,"6 yard penalty on Buckeyes."
"222920275",2002,9,"275","Wisconsin","WIS","194","Ohio State","OSU","29","10","194","Ohio State","OSU","275","Wisconsin","WIS",14,19,4,"0:04","Timeout",4,8,36,0,36,"Television timeout; 00:04 remaining 4th quarter"
"222920275",2002,9,"275","Wisconsin","WIS","194","Ohio State","OSU","29","11","194","Ohio State","OSU","275","Wisconsin","WIS",14,19,4,"0:04","Rush",4,8,36,1,36,"Craig Krenzel (OSU) rushed left side for 1 yard; turnover on downs."
"222920275",2002,9,"275","Wisconsin","WIS","194","Ohio State","OSU","29","12","275","Wisconsin","WIS","194","Ohio State","OSU",14,19,4,"0:00","End Period",1,10,36,0,36,"End of the 4th quarter."