"gameId","year","week","homeId","homeTeam","homeAbbr","awayId","awayTeam","awayAbbr","driveIndex","playIndex","offenseId","offenseTeam","offenseAbbr","defenseId","defenseTeam","defenseAbbr","homeScore","awayScore","quarter","clock","type","down","distance","yardLine","yardsGained","endYardLine","description"
"222710213",2002,6,"213","Penn State","PSU","2294","Iowa","IOWA","0","1","213","Penn State","PSU","2294","Iowa","IOWA",0,0,1,"15:00","Kickoff Return (Offense)",0,0,80,0,80,"Nittany Lions kickoff, touchback by Hawkeyes."
"222710213",2002,6,"213","Penn State","PSU","2294","Iowa","IOWA","1","0","2294","Iowa","IOWA","213","Penn State","PSU",0,0,1,"14:51","Rush",1,10,80,3,77,"Fred Russell (IOWA) rushed left side for 3 yards."
"222710213",2002,6,"213","Penn State","PSU","2294","Iowa","IOWA","1","1","2294","Iowa","IOWA","213","Penn State","PSU",0,0,1,"14:22","Rush",2,7,77,-2,79,"Fred Russell (IOWA) rushed left side for -2 yards."
"222710213",2002,6,"213","Penn State","PSU","2294","Iowa","IOWA","1","2","2294","Iowa","IOWA","213","Penn State","PSU",0,0,1,"13:50","Penalty",3,9,79,-5,84,"5 yard penalty on Hawkeyes."
"222710213",2002,6,"213","Penn State","PSU","2294","Iowa","IOWA","1","3","2294","Iowa","IOWA","213","Penn State","PSU",0,0,1,"13:32","Rush",3,14,84,17,67,"Brad Banks (IOWA) rushed up the middle for 17 yards."
"222710213",2002,6,"213","Penn State","PSU","2294","Iowa","IOWA","1","4","2294","Iowa","IOWA","213","Penn State","PSU",0,0,1,"13:22","Rush",1,10,67,3,64,"Fred Russell (IOWA) rushed right side for 3 yards."
"222710213",2002,6,"213","Penn State","PSU","2294","Iowa","IOWA","1","5","2294","Iowa","IOWA","213","Penn State","PSU",0,0,1,"12:42","Rush",2,7,64,4,60,"Fred Russell (IOWA) rushed up the middle for 4 yards."
"222710213",2002,6,"213","Penn State","PSU","2294","Iowa","IOWA","1","6","2294","Iowa","IOWA","213","Penn State","PSU",0,0,1,"12:00","Pass Completion",3,3,60,18,42,"Brad Banks (IOWA) pass across the middle complete to Dallas Clark (IOWA) for 18 yards."
"222710213",2002,6,"213","Penn State","PSU","2294","Iowa","IOWA","1","7","2294","Iowa","IOWA","213","Penn State","PSU",0,0,1,"11:45","Pass Incompletion",1,10,42,0,42,"Brad Banks (IOWA) pass incomplete to the right side."
"222710213",2002,6,"213","Penn State","PSU","2294","Iowa","IOWA","1","8","2294","Iowa","IOWA","213","Penn State","PSU",0,0,1,"11:15","Rush",2,10,42,7,34,"Fred Russell (IOWA) rushed right side for 7 yards."
"222710213",2002,6,"213","Penn State","PSU","2294","Iowa","IOWA","1","9","2294","Iowa","IOWA","213","Penn State","PSU",0,0,1,"10:48","Pass Completion",3,3,34,31,3,"Brad Banks (IOWA) pass left side complete to Maurice Brown (IOWA) for 31 yards."
"222710213",2002,6,"213","Penn State","PSU","2294","Iowa","IOWA","1","10","2294","Iowa","IOWA","213","Penn State","PSU",0,0,1,"10:36","Rush",1,3,3,-1,4,"Fred Russell (IOWA) rushed left side for -1 yards."
"222710213",2002,6,"213","Penn State","PSU","2294","Iowa","IOWA","1","11","2294","Iowa","IOWA","213","Penn State","PSU",0,6,1,"9:53","Pass Completion",2,4,4,4,0,"Brad Banks (IOWA) pass right side complete to C.J. Jones (IOWA) for a 4 yard touchdown."
"222710213",2002,6,"213","Penn State","PSU","2294","Iowa","IOWA","1","12","2294","Iowa","IOWA","213","Penn State","PSU",0,7,1,"9:53","",0,0,0,0,0,"Extra point by Nate Kaeding (IOWA) is good."
"222710213",2002,6,"213","Penn State","PSU","2294","Iowa","IOWA","2","0","2294","Iowa","IOWA","213","Penn State","PSU",0,7,1,"9:34","Kickoff Return (Offense)",0,0,-2,20,18,"Kickoff returned by Larry Johnson (PSU) for 20 yards."
"222710213",2002,6,"213","Penn State","PSU","2294","Iowa","IOWA","3","0","213","Penn State","PSU","2294","Iowa","IOWA",0,7,1,"9:23","Rush",1,10,18,-5,13,"Zack Mills (PSU) rushed up the middle for -5 yards."
"222710213",2002,6,"213","Penn State","PSU","2294","Iowa","IOWA","3","1","213","Penn State","PSU","2294","Iowa","IOWA",0,7,1,"9:23","Rush",2,15,13,4,17,"Larry Johnson (PSU) rushed right side for 4 yards."
"222710213",2002,6,"213","Penn State","PSU","2294","Iowa","IOWA","3","2","213","Penn State","PSU","2294","Iowa","IOWA",0,7,1,"8:11","Pass Completion",3,11,17,20,37,"Zack Mills (PSU) pass left side complete to Tony Johnson (PSU) for 20 yards."
"222710213",2002,6,"213","Penn State","PSU","2294","Iowa","IOWA","3","3","213","Penn State","PSU","2294","Iowa","IOWA",0,7,1,"8:00","Penalty",1,10,37,10,47,"10 yard penalty on Hawkeyes."
"222710213",2002,6,"213","Penn State","PSU","2294","Iowa","IOWA","3","4","213","Penn State","PSU","2294","Iowa","IOWA",0,7,1,"7:40","Pass Incompletion",1,10,47,0,46,"Zack Mills (PSU) pass incomplete across the middle."
"222710213",2002,6,"213","Penn State","PSU","2294","Iowa","IOWA","3","5","213","Penn State","PSU","2294","Iowa","IOWA",0,7,1,"7:30","Pass Incompletion",2,10,46,0,46,"Zack Mills (PSU) pass incomplete to the right side."
"222710213",2002,6,"213","Penn State","PSU","2294","Iowa","IOWA","3","6","213","Penn State","PSU","2294","Iowa","IOWA",0,7,1,"7:28","Pass Incompletion",3,10,46,0,46,"Zack Mills (PSU) pass incomplete to the left side."
"222710213",2002,6,"213","Penn State","PSU","2294","Iowa","IOWA","3","7","213","Penn State","PSU","2294","Iowa","IOWA",0,7,1,"7:23","Punt Return",4,10,46,0,80,"Punt by David Royer (PSU) no return by Hawkeyes."
"222710213",2002,6,"213","Penn State","PSU","2294","Iowa","IOWA","4","0","2294","Iowa","IOWA","213","Penn State","PSU",0,7,1,"7:15","Pass Completion",1,10,80,6,74,"Brad Banks (IOWA) pass right side complete to C.J. Jones (IOWA) for 6 yards."
"222710213",2002,6,"213","Penn State","PSU","2294","Iowa","IOWA","4","1","2294","Iowa","IOWA","213","Penn State","PSU",0,7,1,"7:10","Rush",2,4,74,21,53,"Fred Russell (IOWA) rushed left side for 21 yards."
"222710213",2002,6,"213","Penn State","PSU","2294","Iowa","IOWA","4","2","2294","Iowa","IOWA","213","Penn State","PSU",0,7,1,"7:03","Penalty",1,10,53,15,38,"15 yard penalty on Nittany Lions."
"222710213",2002,6,"213","Penn State","PSU","2294","Iowa","IOWA","4","3","2294","Iowa","IOWA","213","Penn State","PSU",0,7,1,"7:03","Rush",1,10,38,2,36,"Fred Russell (IOWA) rushed left side for 2 yards."
"222710213",2002,6,"213","Penn State","PSU","2294","Iowa","IOWA","4","4","2294","Iowa","IOWA","213","Penn State","PSU",0,7,1,"6:22","Rush",2,8,36,0,36,"Fred Russell (IOWA) rushed up the middle for no gain."
"222710213",2002,6,"213","Penn State","PSU","2294","Iowa","IOWA","4","5","2294","Iowa","IOWA","213","Penn State","PSU",0,7,1,"6:00","Pass Completion",3,8,36,6,30,"Brad Banks (IOWA) pass across the middle complete to C.J. Jones (IOWA) for 6 yards."
"222710213",2002,6,"213","Penn State","PSU","2294","Iowa","IOWA","4","6","2294","Iowa","IOWA","213","Penn State","PSU",0,10,1,"5:24","",4,2,30,47,0,"47 yard field goal by Nate Kaeding (IOWA) is good."
"222710213",2002,6,"213","Penn State","PSU","2294","Iowa","IOWA","5","0","2294","Iowa","IOWA","213","Penn State","PSU",0,10,1,"4:51","Kickoff Return (Offense)",1,0,20,0,20,"Hawkeyes kickoff, touchback by Nittany Lions."
"222710213",2002,6,"213","Penn State","PSU","2294","Iowa","IOWA","6","0","213","Penn State","PSU","2294","Iowa","IOWA",0,10,1,"4:47","Pass Completion",1,10,20,-1,19,"Zack Mills (PSU) pass across the middle complete to Larry Johnson (PSU) for 1 yard."
"222710213",2002,6,"213","Penn State","PSU","2294","Iowa","IOWA","6","1","213","Penn State","PSU","2294","Iowa","IOWA",0,10,1,"4:47","Fumble Recovery (Opponent)",2,11,19,0,17,"Nittany Lions fumble by Larry Johnson (PSU), recovered by Colin Cole (IOWA), returned for no gain."
"222710213",2002,6,"213","Penn State","PSU","2294","Iowa","IOWA","7","0","2294","Iowa","IOWA","213","Penn State","PSU",0,10,1,"4:40","Rush",1,10,17,-2,20,"Brad Banks (IOWA) rushed left side for -2 yards."
"222710213",2002,6,"213","Penn State","PSU","2294","Iowa","IOWA","7","1","2294","Iowa","IOWA","213","Penn State","PSU",0,16,1,"4:40","Rush",2,12,20,20,0,"Fred Russell (IOWA) rushed right side for a 20 yard touchdown."
"222710213",2002,6,"213","Penn State","PSU","2294","Iowa","IOWA","7","2","2294","Iowa","IOWA","213","Penn State","PSU",0,17,1,"4:40","",0,0,0,0,0,"Extra point by Nate Kaeding (IOWA) is good."
"222710213",2002,6,"213","Penn State","PSU","2294","Iowa","IOWA","8","0","2294","Iowa","IOWA","213","Penn State","PSU",0,17,1,"3:48","Kickoff Return (Offense)",0,0,-4,17,13,"Kickoff returned by Larry Johnson (PSU) for 17 yards."
"222710213",2002,6,"213","Penn State","PSU","2294","Iowa","IOWA","9","0","213","Penn State","PSU","2294","Iowa","IOWA",0,17,1,"3:33","Rush",1,10,13,3,18,"Larry Johnson (PSU) rushed right side for 3 yards."
"222710213",2002,6,"213","Penn State","PSU","2294","Iowa","IOWA","9","1","213","Penn State","PSU","2294","Iowa","IOWA",0,17,1,"3:14","Rush",2,7,18,1,19,"Michael Robinson (PSU) rushed up the middle for 1 yard."
"222710213",2002,6,"213","Penn State","PSU","2294","Iowa","IOWA","9","2","213","Penn State","PSU","2294","Iowa","IOWA",0,17,1,"2:20","Pass Incompletion",3,6,19,0,19,"Zack Mills (PSU) pass incomplete to the left side."
"222710213",2002,6,"213","Penn State","PSU","2294","Iowa","IOWA","9","3","213","Penn State","PSU","2294","Iowa","IOWA",0,17,1,"2:11","Punt Return",4,6,19,0,65,"Punt by David Royer (PSU) no return by Hawkeyes."
"222710213",2002,6,"213","Penn State","PSU","2294","Iowa","IOWA","10","0","2294","Iowa","IOWA","213","Penn State","PSU",0,17,1,"1:52","Rush",1,10,65,1,64,"Brad Banks (IOWA) rushed left side for 1 yard."
"222710213",2002,6,"213","Penn State","PSU","2294","Iowa","IOWA","10","1","2294","Iowa","IOWA","213","Penn State","PSU",0,17,1,"1:33","Rush",2,9,64,-5,69,"Fred Russell (IOWA) rushed up the middle for -5 yards."
"222710213",2002,6,"213","Penn State","PSU","2294","Iowa","IOWA","10","2","2294","Iowa","IOWA","213","Penn State","PSU",0,17,1,"0:22","Timeout",3,14,69,0,69,"Television timeout; 00:22 remaining 1st quarter"
"222710213",2002,6,"213","Penn State","PSU","2294","Iowa","IOWA","10","3","2294","Iowa","IOWA","213","Penn State","PSU",0,17,1,"0:22","Rush",3,14,69,4,65,"Fred Russell (IOWA) rushed left side for 4 yards."
"222710213",2002,6,"213","Penn State","PSU","2294","Iowa","IOWA","10","4","2294","Iowa","IOWA","213","Penn State","PSU",0,17,1,"0:00","End Period",4,10,65,0,65,"End of the 1st quarter."
"222710213",2002,6,"213","Penn State","PSU","2294","Iowa","IOWA","10","5","2294","Iowa","IOWA","213","Penn State","PSU",0,17,2,"15:00","",4,10,65,0,65,"Start of the 2nd quarter."
"222710213",2002,6,"213","Penn State","PSU","2294","Iowa","IOWA","10","6","2294","Iowa","IOWA","213","Penn State","PSU",0,17,2,"15:00","Punt Return",4,10,65,12,34,"Punt by David Bradley (IOWA) returned 12 yards by Larry Johnson (PSU) to the Nittany Lions 34."
"222710213",2002,6,"213","Penn State","PSU","2294","Iowa","IOWA","11","0","213","Penn State","PSU","2294","Iowa","IOWA",0,17,2,"14:50","Rush",1,10,34,10,45,"Larry Johnson (PSU) rushed left side for 10 yards."
"222710213",2002,6,"213","Penn State","PSU","2294","Iowa","IOWA","11","1","213","Penn State","PSU","2294","Iowa","IOWA",0,17,2,"14:36","Pass Completion",1,10,45,10,56,"Zack Mills (PSU) pass right side complete to Bryant Johnson (PSU) for 10 yards."
"222710213",2002,6,"213","Penn State","PSU","2294","Iowa","IOWA","11","2","213","Penn State","PSU","2294","Iowa","IOWA",0,17,2,"14:25","Pass Incompletion",1,10,56,0,56,"Zack Mills (PSU) pass incomplete across the middle."
"222710213",2002,6,"213","Penn State","PSU","2294","Iowa","IOWA","11","3","213","Penn State","PSU","2294","Iowa","IOWA",0,17,2,"14:17","Rush",2,10,56,2,58,"Larry Johnson (PSU) rushed right side for 2 yards."
"222710213",2002,6,"213","Penn State","PSU","2294","Iowa","IOWA","11","4","213","Penn State","PSU","2294","Iowa","IOWA",0,17,2,"13:54","Pass Incompletion",3,8,58,0,58,"Zack Mills (PSU) pass incomplete to the left side."
"222710213",2002,6,"213","Penn State","PSU","2294","Iowa","IOWA","11","5","213","Penn State","PSU","2294","Iowa","IOWA",0,17,2,"13:23","Punt Return",4,8,58,0,90,"Punt by David Royer (PSU) no return by Hawkeyes."
"222710213",2002,6,"213","Penn State","PSU","2294","Iowa","IOWA","12","0","2294","Iowa","IOWA","213","Penn State","PSU",0,17,2,"13:23","Rush",1,10,90,5,85,"Fred Russell (IOWA) rushed left side for 5 yards."
"222710213",2002,6,"213","Penn State","PSU","2294","Iowa","IOWA","12","1","2294","Iowa","IOWA","213","Penn State","PSU",0,17,2,"13:23","Rush",2,5,85,15,70,"Fred Russell (IOWA) rushed up the middle for 15 yards."
"222710213",2002,6,"213","Penn State","PSU","2294","Iowa","IOWA","12","2","2294","Iowa","IOWA","213","Penn State","PSU",0,17,2,"12:43","Pass Completion",1,10,70,-1,75,"Brad Banks (IOWA) pass across the middle complete to Tony Jackson (IOWA) for 1 yard."
"222710213",2002,6,"213","Penn State","PSU","2294","Iowa","IOWA","12","3","2294","Iowa","IOWA","213","Penn State","PSU",0,17,2,"12:43","Rush",2,11,75,4,66,"Brad Banks (IOWA) rushed up the middle for 4 yards."
"222710213",2002,6,"213","Penn State","PSU","2294","Iowa","IOWA","12","4","2294","Iowa","IOWA","213","Penn State","PSU",0,17,2,"11:08","Pass Incompletion",3,7,66,0,66,"Brad Banks (IOWA) pass incomplete to the right side."
"222710213",2002,6,"213","Penn State","PSU","2294","Iowa","IOWA","12","5","2294","Iowa","IOWA","213","Penn State","PSU",0,17,2,"10:56","Punt Return",4,7,66,4,17,"Punt by David Bradley (IOWA) returned 4 yards by Bryant Johnson (PSU) to the Nittany Lions 17."
"222710213",2002,6,"213","Penn State","PSU","2294","Iowa","IOWA","13","0","213","Penn State","PSU","2294","Iowa","IOWA",0,17,2,"10:46","Rush",1,10,17,-1,16,"Larry Johnson (PSU) rushed left side for -1 yards."
"222710213",2002,6,"213","Penn State","PSU","2294","Iowa","IOWA","13","1","213","Penn State","PSU","2294","Iowa","IOWA",0,17,2,"10:40","Rush",2,11,16,12,28,"Larry Johnson (PSU) rushed right side for 12 yards."
"222710213",2002,6,"213","Penn State","PSU","2294","Iowa","IOWA","13","2","213","Penn State","PSU","2294","Iowa","IOWA",0,17,2,"10:40","Penalty",1,10,28,5,33,"5 yard penalty on Hawkeyes."
"222710213",2002,6,"213","Penn State","PSU","2294","Iowa","IOWA","13","3","213","Penn State","PSU","2294","Iowa","IOWA",0,17,2,"10:20","Rush",1,5,33,1,34,"Michael Robinson (PSU) rushed left side for 1 yard."
"222710213",2002,6,"213","Penn State","PSU","2294","Iowa","IOWA","13","4","213","Penn State","PSU","2294","Iowa","IOWA",0,17,2,"9:50","Pass Incompletion",2,4,34,0,34,"Zack Mills (PSU) pass incomplete to the right side."
"222710213",2002,6,"213","Penn State","PSU","2294","Iowa","IOWA","13","5","213","Penn State","PSU","2294","Iowa","IOWA",0,17,2,"9:31","Pass Completion",3,4,34,13,47,"Zack Mills (PSU) pass left side complete to Bryant Johnson (PSU) for 13 yards."
"222710213",2002,6,"213","Penn State","PSU","2294","Iowa","IOWA","13","6","213","Penn State","PSU","2294","Iowa","IOWA",0,17,2,"9:00","Rush",1,10,47,-8,39,"Michael Robinson (PSU) rushed up the middle for -8 yards."
"222710213",2002,6,"213","Penn State","PSU","2294","Iowa","IOWA","13","7","213","Penn State","PSU","2294","Iowa","IOWA",0,17,2,"8:18","Pass Interception",2,18,39,6,53,"Zack Mills (PSU) pass across the middle intercepted by Derek Pagel (IOWA). Returned for 6 yards."
"222710213",2002,6,"213","Penn State","PSU","2294","Iowa","IOWA","14","0","2294","Iowa","IOWA","213","Penn State","PSU",0,17,2,"8:08","Pass Completion",1,10,53,30,23,"Brad Banks (IOWA) pass across the middle complete to Dallas Clark (IOWA) for 30 yards."
"222710213",2002,6,"213","Penn State","PSU","2294","Iowa","IOWA","14","1","2294","Iowa","IOWA","213","Penn State","PSU",0,17,2,"7:37","Penalty",1,10,23,-10,33,"10 yard penalty on Hawkeyes."
"222710213",2002,6,"213","Penn State","PSU","2294","Iowa","IOWA","14","2","2294","Iowa","IOWA","213","Penn State","PSU",0,17,2,"7:37","Rush",1,20,33,3,27,"Jermelle Lewis (IOWA) rushed right side for 3 yards."
"222710213",2002,6,"213","Penn State","PSU","2294","Iowa","IOWA","14","3","2294","Iowa","IOWA","213","Penn State","PSU",0,17,2,"7:11","Pass Completion",2,17,27,6,22,"Brad Banks (IOWA) pass across the middle complete to Ed Hinkel (IOWA) for 6 yards."
"222710213",2002,6,"213","Penn State","PSU","2294","Iowa","IOWA","14","4","2294","Iowa","IOWA","213","Penn State","PSU",0,23,2,"6:19","Pass Completion",3,9,22,22,0,"Brad Banks (IOWA) pass right side complete to Ed Hinkel (IOWA) for a 22 yard touchdown."
"222710213",2002,6,"213","Penn State","PSU","2294","Iowa","IOWA","14","5","2294","Iowa","IOWA","213","Penn State","PSU",0,23,2,"6:19","",0,0,0,0,0,"Extra point by Nate Kaeding (IOWA) is no good."
"222710213",2002,6,"213","Penn State","PSU","2294","Iowa","IOWA","15","0","2294","Iowa","IOWA","213","Penn State","PSU",0,23,2,"6:04","Kickoff Return (Offense)",0,0,-2,14,12,"Kickoff returned by Larry Johnson (PSU) for 14 yards."
"222710213",2002,6,"213","Penn State","PSU","2294","Iowa","IOWA","16","0","213","Penn State","PSU","2294","Iowa","IOWA",0,23,2,"5:56","Rush",1,10,12,1,14,"Larry Johnson (PSU) rushed left side for 1 yard."
"222710213",2002,6,"213","Penn State","PSU","2294","Iowa","IOWA","16","1","213","Penn State","PSU","2294","Iowa","IOWA",0,23,2,"5:20","Penalty",2,9,14,-7,7,"7 yard penalty on Nittany Lions."
"222710213",2002,6,"213","Penn State","PSU","2294","Iowa","IOWA","16","2","213","Penn State","PSU","2294","Iowa","IOWA",0,23,2,"5:20","Rush",2,16,7,4,11,"Larry Johnson (PSU) rushed left side for 4 yards."
"222710213",2002,6,"213","Penn State","PSU","2294","Iowa","IOWA","16","3","213","Penn State","PSU","2294","Iowa","IOWA",0,23,2,"4:11","Penalty",3,12,11,15,26,"15 yard penalty on Hawkeyes."
"222710213",2002,6,"213","Penn State","PSU","2294","Iowa","IOWA","16","4","213","Penn State","PSU","2294","Iowa","IOWA",0,23,2,"3:58","Penalty",1,10,26,15,41,"15 yard penalty on Hawkeyes."
"222710213",2002,6,"213","Penn State","PSU","2294","Iowa","IOWA","16","5","213","Penn State","PSU","2294","Iowa","IOWA",0,23,2,"3:51","Pass Completion",1,10,41,10,51,"Zack Mills (PSU) pass right side complete to Tony Johnson (PSU) for 10 yards."
"222710213",2002,6,"213","Penn State","PSU","2294","Iowa","IOWA","16","6","213","Penn State","PSU","2294","Iowa","IOWA",0,23,2,"3:24","Rush",1,10,51,5,55,"Larry Johnson (PSU) rushed right side for 5 yards."
"222710213",2002,6,"213","Penn State","PSU","2294","Iowa","IOWA","16","7","213","Penn State","PSU","2294","Iowa","IOWA",0,23,2,"3:11","Rush",2,5,55,5,60,"Larry Johnson (PSU) rushed left side for 5 yards."
"222710213",2002,6,"213","Penn State","PSU","2294","Iowa","IOWA","16","8","213","Penn State","PSU","2294","Iowa","IOWA",0,23,2,"2:20","Rush",1,10,60,4,64,"Larry Johnson (PSU) rushed up the middle for 4 yards."
"222710213",2002,6,"213","Penn State","PSU","2294","Iowa","IOWA","16","9","213","Penn State","PSU","2294","Iowa","IOWA",0,23,2,"2:00","Pass Completion",2,6,64,8,72,"Zack Mills (PSU) pass left side complete to Casey Williams (PSU) for 8 yards."
"222710213",2002,6,"213","Penn State","PSU","2294","Iowa","IOWA","16","10","213","Penn State","PSU","2294","Iowa","IOWA",0,23,2,"1:32","Timeout",1,10,72,0,72,"Television timeout; 01:32 remaining 2nd quarter"
"222710213",2002,6,"213","Penn State","PSU","2294","Iowa","IOWA","16","11","213","Penn State","PSU","2294","Iowa","IOWA",6,23,2,"1:32","Pass Completion",1,10,72,28,100,"Zack Mills (PSU) pass right side complete to Bryant Johnson (PSU) for a 28 yard touchdown."
"222710213",2002,6,"213","Penn State","PSU","2294","Iowa","IOWA","16","12","213","Penn State","PSU","2294","Iowa","IOWA",7,23,2,"1:32","",0,0,0,0,0,"Extra point by Robbie Gould (PSU) is good."
"222710213",2002,6,"213","Penn State","PSU","2294","Iowa","IOWA","17","0","213","Penn State","PSU","2294","Iowa","IOWA",7,23,2,"1:25","Kickoff Return (Offense)",0,0,80,0,80,"Nittany Lions kickoff, touchback by Hawkeyes."
"222710213",2002,6,"213","Penn State","PSU","2294","Iowa","IOWA","18","0","2294","Iowa","IOWA","213","Penn State","PSU",7,23,2,"1:25","Rush",1,10,80,-1,81,"Fred Russell (IOWA) rushed left side for -1 yards."
"222710213",2002,6,"213","Penn State","PSU","2294","Iowa","IOWA","18","1","2294","Iowa","IOWA","213","Penn State","PSU",7,23,2,"0:55","Rush",2,11,81,2,79,"Fred Russell (IOWA) rushed right side for 2 yards."
"222710213",2002,6,"213","Penn State","PSU","2294","Iowa","IOWA","18","2","2294","Iowa","IOWA","213","Penn State","PSU",7,23,2,"0:37","Timeout",3,9,79,0,79,"Television timeout; 00:37 remaining 2nd quarter"
"222710213",2002,6,"213","Penn State","PSU","2294","Iowa","IOWA","18","3","2294","Iowa","IOWA","213","Penn State","PSU",7,23,2,"0:37","Rush",3,9,79,16,63,"Fred Russell (IOWA) rushed up the middle for 16 yards."
"222710213",2002,6,"213","Penn State","PSU","2294","Iowa","IOWA","18","4","2294","Iowa","IOWA","213","Penn State","PSU",7,23,2,"0:37","Pass Completion",1,10,63,27,36,"Brad Banks (IOWA) pass across the middle complete to Dallas Clark (IOWA) for 27 yards."
"222710213",2002,6,"213","Penn State","PSU","2294","Iowa","IOWA","18","5","2294","Iowa","IOWA","213","Penn State","PSU",7,23,2,"0:04","Timeout",1,10,36,0,36,"Television timeout; 00:04 remaining 2nd quarter"
"222710213",2002,6,"213","Penn State","PSU","2294","Iowa","IOWA","18","6","2294","Iowa","IOWA","213","Penn State","PSU",7,26,2,"0:04","",1,10,36,55,0,"55 yard field goal by Nate Kaeding (IOWA) is good."
"222710213",2002,6,"213","Penn State","PSU","2294","Iowa","IOWA","18","7","2294","Iowa","IOWA","213","Penn State","PSU",7,26,2,"0:00","End Period",1,0,0,0,0,"End of the 2nd quarter."
"222710213",2002,6,"213","Penn State","PSU","2294","Iowa","IOWA","19","1","2294","Iowa","IOWA","213","Penn State","PSU",7,26,3,"15:00","Kickoff Return (Offense)",0,0,0,14,14,"Kickoff returned by Larry Johnson (PSU) for 14 yards."
"222710213",2002,6,"213","Penn State","PSU","2294","Iowa","IOWA","20","0","213","Penn State","PSU","2294","Iowa","IOWA",7,26,3,"14:51","Rush",1,10,14,5,19,"Larry Johnson (PSU) rushed left side for 5 yards."
"222710213",2002,6,"213","Penn State","PSU","2294","Iowa","IOWA","20","1","213","Penn State","PSU","2294","Iowa","IOWA",7,26,3,"14:18","Rush",2,5,19,2,21,"Larry Johnson (PSU) rushed left side for 2 yards."
"222710213",2002,6,"213","Penn State","PSU","2294","Iowa","IOWA","20","2","213","Penn State","PSU","2294","Iowa","IOWA",7,26,3,"13:50","Pass Incompletion",3,3,21,0,21,"Zack Mills (PSU) pass incomplete across the middle."
"222710213",2002,6,"213","Penn State","PSU","2294","Iowa","IOWA","20","3","213","Penn State","PSU","2294","Iowa","IOWA",7,26,3,"13:25","Punt Return",4,3,21,0,64,"Punt by David Royer (PSU) no return by Hawkeyes."
"222710213",2002,6,"213","Penn State","PSU","2294","Iowa","IOWA","21","0","2294","Iowa","IOWA","213","Penn State","PSU",7,26,3,"13:14","Pass Interception",1,10,64,0,31,"Brad Banks (IOWA) pass across the middle intercepted by Shawn Mayer (PSU). Returned for no gain."
"222710213",2002,6,"213","Penn State","PSU","2294","Iowa","IOWA","22","0","213","Penn State","PSU","2294","Iowa","IOWA",7,26,3,"13:14","Rush",1,10,31,1,32,"Zack Mills (PSU) rushed up the middle for 1 yard."
"222710213",2002,6,"213","Penn State","PSU","2294","Iowa","IOWA","22","1","213","Penn State","PSU","2294","Iowa","IOWA",7,26,3,"12:37","Pass Incompletion",2,9,32,0,32,"Zack Mills (PSU) pass incomplete to the right side."
"222710213",2002,6,"213","Penn State","PSU","2294","Iowa","IOWA","22","2","213","Penn State","PSU","2294","Iowa","IOWA",7,26,3,"12:20","Pass Completion",3,9,32,36,68,"Zack Mills (PSU) pass left side complete to Tony Johnson (PSU) for 36 yards."
"222710213",2002,6,"213","Penn State","PSU","2294","Iowa","IOWA","22","3","213","Penn State","PSU","2294","Iowa","IOWA",7,26,3,"12:07","Pass Completion",1,10,68,29,97,"Zack Mills (PSU) pass left side complete to Bryant Johnson (PSU) for 29 yards."
"222710213",2002,6,"213","Penn State","PSU","2294","Iowa","IOWA","22","4","213","Penn State","PSU","2294","Iowa","IOWA",7,26,3,"11:51","Rush",1,3,97,0,97,"Larry Johnson (PSU) rushed left side for no gain."
"222710213",2002,6,"213","Penn State","PSU","2294","Iowa","IOWA","22","5","213","Penn State","PSU","2294","Iowa","IOWA",7,26,3,"11:33","Rush",2,3,97,2,99,"Zack Mills (PSU) rushed up the middle for 2 yards."
"222710213",2002,6,"213","Penn State","PSU","2294","Iowa","IOWA","22","6","213","Penn State","PSU","2294","Iowa","IOWA",13,26,3,"11:00","Rush",3,1,99,1,100,"Larry Johnson (PSU) rushed up the middle for a 1 yard touchdown."
"222710213",2002,6,"213","Penn State","PSU","2294","Iowa","IOWA","23","0","213","Penn State","PSU","2294","Iowa","IOWA",13,26,3,"10:32","Kickoff Return (Offense)",1,0,80,0,80,"Nittany Lions kickoff, touchback by Hawkeyes."
"222710213",2002,6,"213","Penn State","PSU","2294","Iowa","IOWA","24","0","2294","Iowa","IOWA","213","Penn State","PSU",13,26,3,"10:32","Rush",1,10,80,3,77,"Fred Russell (IOWA) rushed left side for 3 yards."
"222710213",2002,6,"213","Penn State","PSU","2294","Iowa","IOWA","24","1","2294","Iowa","IOWA","213","Penn State","PSU",13,26,3,"10:32","Pass Completion",2,7,77,4,73,"Brad Banks (IOWA) pass right side complete to Maurice Brown (IOWA) for 4 yards."
"222710213",2002,6,"213","Penn State","PSU","2294","Iowa","IOWA","24","2","2294","Iowa","IOWA","213","Penn State","PSU",13,26,3,"10:32","Pass Completion",3,3,73,13,60,"Brad Banks (IOWA) pass across the middle complete to Dallas Clark (IOWA) for 13 yards."
"222710213",2002,6,"213","Penn State","PSU","2294","Iowa","IOWA","24","3","2294","Iowa","IOWA","213","Penn State","PSU",13,26,3,"10:32","Rush",1,10,60,-1,61,"Brad Banks (IOWA) rushed left side for -1 yards."
"222710213",2002,6,"213","Penn State","PSU","2294","Iowa","IOWA","24","4","2294","Iowa","IOWA","213","Penn State","PSU",13,26,3,"8:30","Rush",2,11,61,7,54,"Edgar Cervantes (IOWA) rushed up the middle for 7 yards."
"222710213",2002,6,"213","Penn State","PSU","2294","Iowa","IOWA","24","5","2294","Iowa","IOWA","213","Penn State","PSU",13,32,3,"7:27","Pass Completion",3,4,54,54,0,"Brad Banks (IOWA) pass right side complete to Maurice Brown (IOWA) for a 54 yard touchdown."
"222710213",2002,6,"213","Penn State","PSU","2294","Iowa","IOWA","24","6","2294","Iowa","IOWA","213","Penn State","PSU",13,33,3,"7:27","",0,0,0,0,0,"Extra point by Nate Kaeding (IOWA) is good."
"222710213",2002,6,"213","Penn State","PSU","2294","Iowa","IOWA","25","0","2294","Iowa","IOWA","213","Penn State","PSU",13,33,3,"7:03","Kickoff Return (Offense)",0,0,6,12,18,"Kickoff returned by Larry Johnson (PSU) for 12 yards."
"222710213",2002,6,"213","Penn State","PSU","2294","Iowa","IOWA","26","0","213","Penn State","PSU","2294","Iowa","IOWA",13,33,3,"6:55","Pass Completion",1,10,18,29,47,"Zack Mills (PSU) pass across the middle complete to Bryant Johnson (PSU) for 29 yards."
"222710213",2002,6,"213","Penn State","PSU","2294","Iowa","IOWA","26","1","213","Penn State","PSU","2294","Iowa","IOWA",13,33,3,"6:55","Rush",1,10,47,6,53,"Larry Johnson (PSU) rushed left side for 6 yards."
"222710213",2002,6,"213","Penn State","PSU","2294","Iowa","IOWA","26","2","213","Penn State","PSU","2294","Iowa","IOWA",13,33,3,"5:50","Pass Completion",2,4,53,14,67,"Zack Mills (PSU) pass right side complete to Bryant Johnson (PSU) for 14 yards."
"222710213",2002,6,"213","Penn State","PSU","2294","Iowa","IOWA","26","3","213","Penn State","PSU","2294","Iowa","IOWA",13,33,3,"5:25","Penalty",1,10,67,-5,62,"5 yard penalty on Nittany Lions."
"222710213",2002,6,"213","Penn State","PSU","2294","Iowa","IOWA","26","4","213","Penn State","PSU","2294","Iowa","IOWA",13,33,3,"5:25","Pass Incompletion",1,15,62,0,62,"Zack Mills (PSU) pass incomplete to the left side."
"222710213",2002,6,"213","Penn State","PSU","2294","Iowa","IOWA","26","5","213","Penn State","PSU","2294","Iowa","IOWA",13,33,3,"5:25","Pass Incompletion",2,15,62,0,62,"Zack Mills (PSU) pass incomplete to the right side."
"222710213",2002,6,"213","Penn State","PSU","2294","Iowa","IOWA","26","6","213","Penn State","PSU","2294","Iowa","IOWA",13,33,3,"4:48","Pass Incompletion",3,15,62,0,62,"Zack Mills (PSU) pass incomplete across the middle."
"222710213",2002,6,"213","Penn State","PSU","2294","Iowa","IOWA","26","7","213","Penn State","PSU","2294","Iowa","IOWA",13,33,3,"4:39","Punt Return",4,15,62,0,98,"Punt by David Royer (PSU) no return by Hawkeyes."
"222710213",2002,6,"213","Penn State","PSU","2294","Iowa","IOWA","27","0","2294","Iowa","IOWA","213","Penn State","PSU",13,33,3,"4:34","Rush",1,10,98,1,97,"Fred Russell (IOWA) rushed left side for 1 yard."
"222710213",2002,6,"213","Penn State","PSU","2294","Iowa","IOWA","27","1","2294","Iowa","IOWA","213","Penn State","PSU",13,33,3,"4:00","Rush",2,9,97,7,90,"Fred Russell (IOWA) rushed right side for 7 yards."
"222710213",2002,6,"213","Penn State","PSU","2294","Iowa","IOWA","27","2","2294","Iowa","IOWA","213","Penn State","PSU",13,33,3,"4:00","Pass Completion",3,2,90,9,81,"Brad Banks (IOWA) pass left side complete to C.J. Jones (IOWA) for 9 yards."
"222710213",2002,6,"213","Penn State","PSU","2294","Iowa","IOWA","27","3","2294","Iowa","IOWA","213","Penn State","PSU",13,33,3,"4:00","Rush",1,10,81,2,81,"Fred Russell (IOWA) rushed left side for 2 yards."
"222710213",2002,6,"213","Penn State","PSU","2294","Iowa","IOWA","27","4","2294","Iowa","IOWA","213","Penn State","PSU",13,33,3,"4:00","Rush",1,10,81,6,75,"Fred Russell (IOWA) rushed up the middle for 6 yards."
"222710213",2002,6,"213","Penn State","PSU","2294","Iowa","IOWA","27","5","2294","Iowa","IOWA","213","Penn State","PSU",13,33,3,"2:33","Rush",2,4,75,6,69,"Fred Russell (IOWA) rushed left side for 6 yards."
"222710213",2002,6,"213","Penn State","PSU","2294","Iowa","IOWA","27","6","2294","Iowa","IOWA","213","Penn State","PSU",13,33,3,"2:17","Pass Incompletion",1,10,69,0,69,"Brad Banks (IOWA) pass incomplete to the right side."
"222710213",2002,6,"213","Penn State","PSU","2294","Iowa","IOWA","27","7","2294","Iowa","IOWA","213","Penn State","PSU",13,33,3,"2:17","Rush",2,10,69,2,67,"Fred Russell (IOWA) rushed up the middle for 2 yards."
"222710213",2002,6,"213","Penn State","PSU","2294","Iowa","IOWA","27","8","2294","Iowa","IOWA","213","Penn State","PSU",13,33,3,"1:32","Rush",3,8,67,-1,77,"Brad Banks (IOWA) rushed right side for -1 yards."
"222710213",2002,6,"213","Penn State","PSU","2294","Iowa","IOWA","27","9","2294","Iowa","IOWA","213","Penn State","PSU",13,33,3,"1:32","Penalty",3,18,77,5,72,"5 yard penalty on Nittany Lions."
"222710213",2002,6,"213","Penn State","PSU","2294","Iowa","IOWA","27","10","2294","Iowa","IOWA","213","Penn State","PSU",13,33,3,"1:32","Pass Incompletion",3,13,72,0,62,"Brad Banks (IOWA) pass incomplete to the right side."
"222710213",2002,6,"213","Penn State","PSU","2294","Iowa","IOWA","27","11","2294","Iowa","IOWA","213","Penn State","PSU",13,33,3,"0:44","Punt Return",4,4,62,9,23,"Punt by David Bradley (IOWA) returned 9 yards by Bryant Johnson (PSU) to the Nittany Lions 23."
"222710213",2002,6,"213","Penn State","PSU","2294","Iowa","IOWA","28","0","213","Penn State","PSU","2294","Iowa","IOWA",13,33,3,"0:44","Rush",1,10,23,5,28,"Michael Robinson (PSU) rushed up the middle for 5 yards."
"222710213",2002,6,"213","Penn State","PSU","2294","Iowa","IOWA","28","1","213","Penn State","PSU","2294","Iowa","IOWA",13,33,3,"0:00","End Period",2,5,28,0,28,"End of the 3rd quarter."
"222710213",2002,6,"213","Penn State","PSU","2294","Iowa","IOWA","28","2","213","Penn State","PSU","2294","Iowa","IOWA",13,33,4,"15:00","",2,5,28,0,28,"Start of the 4th quarter."
"222710213",2002,6,"213","Penn State","PSU","2294","Iowa","IOWA","28","3","213","Penn State","PSU","2294","Iowa","IOWA",13,33,4,"15:00","Pass Incompletion",2,5,28,0,28,"Zack Mills (PSU) pass incomplete across the middle."
"222710213",2002,6,"213","Penn State","PSU","2294","Iowa","IOWA","28","4","213","Penn State","PSU","2294","Iowa","IOWA",13,33,4,"14:50","Pass Incompletion",3,5,28,0,28,"Zack Mills (PSU) pass incomplete to the left side."
"222710213",2002,6,"213","Penn State","PSU","2294","Iowa","IOWA","28","5","213","Penn State","PSU","2294","Iowa","IOWA",13,33,4,"14:50","Punt Return",4,5,28,56,12,"Punt by David Royer (PSU) returned 56 yards by Ed Hinkel (IOWA) to the Nittany Lions 12."
"222710213",2002,6,"213","Penn State","PSU","2294","Iowa","IOWA","29","0","2294","Iowa","IOWA","213","Penn State","PSU",13,33,4,"14:50","Rush",1,10,12,4,8,"Fred Russell (IOWA) rushed left side for 4 yards."
"222710213",2002,6,"213","Penn State","PSU","2294","Iowa","IOWA","29","1","2294","Iowa","IOWA","213","Penn State","PSU",13,33,4,"14:22","Pass Interception",2,6,8,0,20,"Brad Banks (IOWA) pass across the middle intercepted by Bryan Scott (PSU). Returned for no gain."
"222710213",2002,6,"213","Penn State","PSU","2294","Iowa","IOWA","30","0","213","Penn State","PSU","2294","Iowa","IOWA",13,33,4,"13:44","Rush",1,10,20,-8,12,"Zack Mills (PSU) rushed up the middle for -8 yards."
"222710213",2002,6,"213","Penn State","PSU","2294","Iowa","IOWA","30","1","213","Penn State","PSU","2294","Iowa","IOWA",13,33,4,"13:44","Pass Interception",2,18,12,32,1,"Zack Mills (PSU) pass right side intercepted by Jovon Johnson (IOWA). Returned for 32 yards."
"222710213",2002,6,"213","Penn State","PSU","2294","Iowa","IOWA","31","0","2294","Iowa","IOWA","213","Penn State","PSU",13,33,4,"12:45","Rush",1,10,1,0,1,"Fred Russell (IOWA) rushed up the middle for no gain."
"222710213",2002,6,"213","Penn State","PSU","2294","Iowa","IOWA","31","1","2294","Iowa","IOWA","213","Penn State","PSU",13,33,4,"12:45","Fumble Recovery (Opponent)",2,1,1,0,1,"Hawkeyes fumble by Fred Russell (IOWA), recovered by Jimmy Kennedy (PSU), returned for no gain."
"222710213",2002,6,"213","Penn State","PSU","2294","Iowa","IOWA","32","0","213","Penn State","PSU","2294","Iowa","IOWA",13,33,4,"12:45","Rush",1,1,1,4,5,"Larry Johnson (PSU) rushed right side for 4 yards."
"222710213",2002,6,"213","Penn State","PSU","2294","Iowa","IOWA","32","1","213","Penn State","PSU","2294","Iowa","IOWA",13,33,4,"12:11","Pass Incompletion",1,10,5,0,5,"Zack Mills (PSU) pass incomplete to the right side."
"222710213",2002,6,"213","Penn State","PSU","2294","Iowa","IOWA","32","2","213","Penn State","PSU","2294","Iowa","IOWA",13,33,4,"11:52","Pass Incompletion",3,6,5,0,5,"Zack Mills (PSU) pass incomplete to the right side."
"222710213",2002,6,"213","Penn State","PSU","2294","Iowa","IOWA","32","3","213","Penn State","PSU","2294","Iowa","IOWA",13,33,4,"11:48","Punt Return",4,6,5,0,53,"Punt by David Royer (PSU) no return by Hawkeyes."
"222710213",2002,6,"213","Penn State","PSU","2294","Iowa","IOWA","33","0","2294","Iowa","IOWA","213","Penn State","PSU",13,33,4,"11:40","Rush",1,10,53,10,43,"Jermelle Lewis (IOWA) rushed left side for 10 yards."
"222710213",2002,6,"213","Penn State","PSU","2294","Iowa","IOWA","33","1","2294","Iowa","IOWA","213","Penn State","PSU",13,33,4,"11:20","Rush",1,10,43,6,37,"Jermelle Lewis (IOWA) rushed left side for 6 yards."
"222710213",2002,6,"213","Penn State","PSU","2294","Iowa","IOWA","33","2","2294","Iowa","IOWA","213","Penn State","PSU",13,33,4,"11:00","Rush",1,10,37,1,36,"Jermelle Lewis (IOWA) rushed left side for 1 yard."
"222710213",2002,6,"213","Penn State","PSU","2294","Iowa","IOWA","33","3","2294","Iowa","IOWA","213","Penn State","PSU",13,33,4,"10:40","Pass Incompletion",2,9,36,0,36,"Brad Banks (IOWA) pass incomplete to the right side."
"222710213",2002,6,"213","Penn State","PSU","2294","Iowa","IOWA","33","4","2294","Iowa","IOWA","213","Penn State","PSU",13,33,4,"10:03","Pass Completion",3,9,36,3,33,"Brad Banks (IOWA) pass across the middle complete to C.J. Jones (IOWA) for 3 yards."
"222710213",2002,6,"213","Penn State","PSU","2294","Iowa","IOWA","33","5","2294","Iowa","IOWA","213","Penn State","PSU",13,33,4,"9:22","Penalty",4,6,33,-7,40,"7 yard penalty on Hawkeyes."
"222710213",2002,6,"213","Penn State","PSU","2294","Iowa","IOWA","33","6","2294","Iowa","IOWA","213","Penn State","PSU",13,33,4,"9:06","Punt Return",4,11,40,0,8,"Punt by David Bradley (IOWA) no return by Nittany Lions."
"222710213",2002,6,"213","Penn State","PSU","2294","Iowa","IOWA","34","0","213","Penn State","PSU","2294","Iowa","IOWA",13,33,4,"8:58","Pass Completion",1,10,8,25,33,"Zack Mills (PSU) pass left side complete to Larry Johnson (PSU) for 25 yards."
"222710213",2002,6,"213","Penn State","PSU","2294","Iowa","IOWA","34","1","213","Penn State","PSU","2294","Iowa","IOWA",13,33,4,"8:58","Rush",1,10,33,3,36,"Larry Johnson (PSU) rushed up the middle for 3 yards."
"222710213",2002,6,"213","Penn State","PSU","2294","Iowa","IOWA","34","2","213","Penn State","PSU","2294","Iowa","IOWA",13,33,4,"8:30","Pass Completion",2,7,36,12,48,"Zack Mills (PSU) pass across the middle complete to Casey Williams (PSU) for 12 yards."
"222710213",2002,6,"213","Penn State","PSU","2294","Iowa","IOWA","34","3","213","Penn State","PSU","2294","Iowa","IOWA",13,33,4,"8:30","Pass Completion",1,10,48,1,49,"Zack Mills (PSU) pass across the middle complete to Sean McHugh (PSU) for 1 yard."
"222710213",2002,6,"213","Penn State","PSU","2294","Iowa","IOWA","34","4","213","Penn State","PSU","2294","Iowa","IOWA",13,33,4,"7:35","Penalty",2,9,49,15,64,"15 yard penalty on Hawkeyes."
"222710213",2002,6,"213","Penn State","PSU","2294","Iowa","IOWA","34","5","213","Penn State","PSU","2294","Iowa","IOWA",19,33,4,"7:35","Pass Completion",1,10,64,36,100,"Zack Mills (PSU) pass left side complete to Larry Johnson (PSU) for a 36 yard touchdown."
"222710213",2002,6,"213","Penn State","PSU","2294","Iowa","IOWA","34","6","213","Penn State","PSU","2294","Iowa","IOWA",20,33,4,"7:35","",0,0,0,0,0,"Extra point by Robbie Gould (PSU) is good."
"222710213",2002,6,"213","Penn State","PSU","2294","Iowa","IOWA","35","0","213","Penn State","PSU","2294","Iowa","IOWA",20,33,4,"7:13","Kickoff Return (Offense)",0,0,80,0,80,"Nittany Lions kickoff, touchback by Hawkeyes."
"222710213",2002,6,"213","Penn State","PSU","2294","Iowa","IOWA","36","0","2294","Iowa","IOWA","213","Penn State","PSU",20,33,4,"7:09","Rush",1,10,80,5,75,"Fred Russell (IOWA) rushed left side for 5 yards."
"222710213",2002,6,"213","Penn State","PSU","2294","Iowa","IOWA","36","1","2294","Iowa","IOWA","213","Penn State","PSU",20,33,4,"6:47","Rush",2,5,75,8,67,"Fred Russell (IOWA) rushed right side for 8 yards."
"222710213",2002,6,"213","Penn State","PSU","2294","Iowa","IOWA","36","2","2294","Iowa","IOWA","213","Penn State","PSU",20,33,4,"6:25","Rush",1,10,67,1,66,"Fred Russell (IOWA) rushed left side for 1 yard."
"222710213",2002,6,"213","Penn State","PSU","2294","Iowa","IOWA","36","3","2294","Iowa","IOWA","213","Penn State","PSU",20,33,4,"6:00","Rush",2,9,66,3,68,"Fred Russell (IOWA) rushed up the middle for 3 yards."
"222710213",2002,6,"213","Penn State","PSU","2294","Iowa","IOWA","36","4","2294","Iowa","IOWA","213","Penn State","PSU",20,33,4,"4:50","Rush",3,11,68,0,68,"Brad Banks (IOWA) rushed left side for no gain."
"222710213",2002,6,"213","Penn State","PSU","2294","Iowa","IOWA","36","5","2294","Iowa","IOWA","213","Penn State","PSU",20,33,4,"4:24","Punt Return",4,11,68,0,56,"Punt by David Bradley (IOWA) no return by Nittany Lions."
"222710213",2002,6,"213","Penn State","PSU","2294","Iowa","IOWA","37","0","213","Penn State","PSU","2294","Iowa","IOWA",26,33,4,"4:10","Pass Completion",1,10,56,44,100,"Zack Mills (PSU) pass across the middle complete to Tony Johnson (PSU) for a 44 yard touchdown."
"222710213",2002,6,"213","Penn State","PSU","2294","Iowa","IOWA","37","1","213","Penn State","PSU","2294","Iowa","IOWA",28,33,4,"4:10","Two Point Rush",1,0,100,0,100,"2 point rush right side by Chris Ganter (PSU) is good."
"222710213",2002,6,"213","Penn State","PSU","2294","Iowa","IOWA","38","0","213","Penn State","PSU","2294","Iowa","IOWA",28,33,4,"3:51","Kickoff Return (Offense)",1,0,80,0,80,"Nittany Lions kickoff, touchback by Hawkeyes."
"222710213",2002,6,"213","Penn State","PSU","2294","Iowa","IOWA","39","0","2294","Iowa","IOWA","213","Penn State","PSU",28,33,4,"3:43","Rush",1,10,80,1,79,"Fred Russell (IOWA) rushed left side for 1 yard."
"222710213",2002,6,"213","Penn State","PSU","2294","Iowa","IOWA","39","1","2294","Iowa","IOWA","213","Penn State","PSU",28,33,4,"3:30","Timeout",2,9,79,0,79,"Television timeout; 03:30 remaining 4th quarter"
"222710213",2002,6,"213","Penn State","PSU","2294","Iowa","IOWA","39","2","2294","Iowa","IOWA","213","Penn State","PSU",28,33,4,"3:30","Rush",2,9,79,4,75,"Fred Russell (IOWA) rushed right side for 4 yards."
"222710213",2002,6,"213","Penn State","PSU","2294","Iowa","IOWA","39","3","2294","Iowa","IOWA","213","Penn State","PSU",28,33,4,"3:25","Timeout",3,5,75,0,75,"Television timeout; 03:25 remaining 4th quarter"
"222710213",2002,6,"213","Penn State","PSU","2294","Iowa","IOWA","39","4","2294","Iowa","IOWA","213","Penn State","PSU",28,33,4,"3:25","Rush",3,5,75,8,67,"Brad Banks (IOWA) rushed left side for 8 yards."
"222710213",2002,6,"213","Penn State","PSU","2294","Iowa","IOWA","39","5","2294","Iowa","IOWA","213","Penn State","PSU",28,33,4,"3:07","Rush",1,10,67,0,67,"Fred Russell (IOWA) rushed right side for no gain."
"222710213",2002,6,"213","Penn State","PSU","2294","Iowa","IOWA","39","6","2294","Iowa","IOWA","213","Penn State","PSU",28,33,4,"2:45","Timeout",2,10,67,0,67,"Television timeout; 02:45 remaining 4th quarter"
"222710213",2002,6,"213","Penn State","PSU","2294","Iowa","IOWA","39","7","2294","Iowa","IOWA","213","Penn State","PSU",28,33,4,"2:45","Rush",2,10,67,2,65,"Fred Russell (IOWA) rushed left side for 2 yards."
"222710213",2002,6,"213","Penn State","PSU","2294","Iowa","IOWA","39","8","2294","Iowa","IOWA","213","Penn State","PSU",28,33,4,"2:34","Pass Incompletion",3,8,65,0,65,"Brad Banks (IOWA) pass incomplete to the right side."
"222710213",2002,6,"213","Penn State","PSU","2294","Iowa","IOWA","39","9","2294","Iowa","IOWA","213","Penn State","PSU",28,33,4,"2:32","Punt Return",4,8,65,6,36,"Punt by David Bradley (IOWA) returned 6 yards by Bryant Johnson (PSU) to the Nittany Lions 36."
"222710213",2002,6,"213","Penn State","PSU","2294","Iowa","IOWA","40","0","213","Penn State","PSU","2294","Iowa","IOWA",28,33,4,"2:23","Pass Completion",1,10,36,18,54,"Zack Mills (PSU) pass across the middle complete to Larry Johnson (PSU) for 18 yards."
"222710213",2002,6,"213","Penn State","PSU","2294","Iowa","IOWA","40","1","213","Penn State","PSU","2294","Iowa","IOWA",28,33,4,"2:15","Pass Completion",1,10,54,23,77,"Zack Mills (PSU) pass across the middle complete to Casey Williams (PSU) for 23 yards."
"222710213",2002,6,"213","Penn State","PSU","2294","Iowa","IOWA","40","2","213","Penn State","PSU","2294","Iowa","IOWA",28,33,4,"2:03","Pass Incompletion",1,10,77,0,77,"Zack Mills (PSU) pass incomplete to the right side."
"222710213",2002,6,"213","Penn State","PSU","2294","Iowa","IOWA","40","3","213","Penn State","PSU","2294","Iowa","IOWA",28,33,4,"1:53","Pass Completion",2,10,77,15,92,"Zack Mills (PSU) pass right side complete to Bryant Johnson (PSU) for 15 yards."
"222710213",2002,6,"213","Penn State","PSU","2294","Iowa","IOWA","40","4","213","Penn State","PSU","2294","Iowa","IOWA",34,33,4,"1:29","Pass Completion",1,8,92,8,100,"Zack Mills (PSU) pass right side complete to Bryant Johnson (PSU) for a 8 yard touchdown."
"222710213",2002,6,"213","Penn State","PSU","2294","Iowa","IOWA","40","5","213","Penn State","PSU","2294","Iowa","IOWA",35,33,4,"1:29","",0,0,0,0,0,"Extra point by Robbie Gould (PSU) is good."
"222710213",2002,6,"213","Penn State","PSU","2294","Iowa","IOWA","41","0","213","Penn State","PSU","2294","Iowa","IOWA",35,33,4,"1:20","Kickoff Return (Offense)",0,0,80,0,80,"Nittany Lions kickoff, touchback by Hawkeyes."
"222710213",2002,6,"213","Penn State","PSU","2294","Iowa","IOWA","42","0","2294","Iowa","IOWA","213","Penn State","PSU",35,33,4,"1:20","Pass Incompletion",1,10,80,0,80,"Brad Banks (IOWA) pass incomplete across the middle."
"222710213",2002,6,"213","Penn State","PSU","2294","Iowa","IOWA","42","1","2294","Iowa","IOWA","213","Penn State","PSU",35,33,4,"1:15","Rush",2,10,80,13,67,"Brad Banks (IOWA) rushed left side for 13 yards."
"222710213",2002,6,"213","Penn State","PSU","2294","Iowa","IOWA","42","2","2294","Iowa","IOWA","213","Penn State","PSU",35,33,4,"1:08","Pass Incompletion",1,10,67,0,67,"Brad Banks (IOWA) pass incomplete to the right side."
"222710213",2002,6,"213","Penn State","PSU","2294","Iowa","IOWA","42","3","2294","Iowa","IOWA","213","Penn State","PSU",35,33,4,"1:04","Pass Incompletion",2,10,67,0,67,"Brad Banks (IOWA) pass incomplete to the right side."
"222710213",2002,6,"213","Penn State","PSU","2294","Iowa","IOWA","42","4","2294","Iowa","IOWA","213","Penn State","PSU",35,33,4,"0:58","Rush",3,10,67,1,66,"Edgar Cervantes (IOWA) rushed up the middle for 1 yard."
"222710213",2002,6,"213","Penn State","PSU","2294","Iowa","IOWA","42","5","2294","Iowa","IOWA","213","Penn State","PSU",35,33,4,"0:13","Timeout",4,9,66,0,66,"Television timeout; 00:13 remaining 4th quarter"
"222710213",2002,6,"213","Penn State","PSU","2294","Iowa","IOWA","42","6","2294","Iowa","IOWA","213","Penn State","PSU",35,33,4,"0:13","Punt Return",4,9,66,0,11,"Punt by David Bradley (IOWA) no return by Nittany Lions."
"222710213",2002,6,"213","Penn State","PSU","2294","Iowa","IOWA","43","0","213","Penn State","PSU","2294","Iowa","IOWA",35,33,4,"0:13","Rush",1,10,11,0,11,"Zack Mills (PSU) rushed left side for no gain."
"222710213",2002,6,"213","Penn State","PSU","2294","Iowa","IOWA","43","1","213","Penn State","PSU","2294","Iowa","IOWA",35,33,4,"0:00","End Period",2,10,11,0,11,"End of the 4th quarter."
"222710213",2002,6,"213","Penn State","PSU","2294","Iowa","IOWA","44","2","2294","Iowa","IOWA","213","Penn State","PSU",35,33,5,"0:00","Pass Completion",1,15,30,11,19,"Brad Banks (IOWA) pass left side complete to Maurice Brown (IOWA) for 11 yards."
"222710213",2002,6,"213","Penn State","PSU","2294","Iowa","IOWA","44","3","2294","Iowa","IOWA","213","Penn State","PSU",35,33,5,"0:00","Pass Completion",2,4,19,11,8,"Brad Banks (IOWA) pass right side complete to Maurice Brown (IOWA) for 11 yards."
"222710213",2002,6,"213","Penn State","PSU","2294","Iowa","IOWA","44","4","2294","Iowa","IOWA","213","Penn State","PSU",35,33,5,"0:00","Rush",1,8,8,2,6,"Fred Russell (IOWA) rushed left side for 2 yards."
"222710213",2002,6,"213","Penn State","PSU","2294","Iowa","IOWA","44","5","2294","Iowa","IOWA","213","Penn State","PSU",35,33,5,"0:00","Pass Incompletion",2,6,6,0,6,"Brad Banks (IOWA) pass incomplete to the right side."
"222710213",2002,6,"213","Penn State","PSU","2294","Iowa","IOWA","44","6","2294","Iowa","IOWA","213","Penn State","PSU",35,39,5,"0:00","Pass Completion",3,6,6,6,0,"Brad Banks (IOWA) pass across the middle complete to C.J. Jones (IOWA) for a 6 yard touchdown."
"222710213",2002,6,"213","Penn State","PSU","2294","Iowa","IOWA","44","7","2294","Iowa","IOWA","213","Penn State","PSU",35,40,5,"0:00","",0,0,0,0,0,"Extra point by Nate Kaeding (IOWA) is good."
"222710213",2002,6,"213","Penn State","PSU","2294","Iowa","IOWA","45","0","213","Penn State","PSU","2294","Iowa","IOWA",35,40,5,"0:00","Pass Completion",0,0,75,14,89,"Zack Mills (PSU) pass right side complete to Larry Johnson (PSU) for 14 yards."
"222710213",2002,6,"213","Penn State","PSU","2294","Iowa","IOWA","45","1","213","Penn State","PSU","2294","Iowa","IOWA",35,40,5,"0:00","Pass Completion",1,10,89,2,91,"Zack Mills (PSU) pass right side complete to Larry Johnson (PSU) for 2 yards."
"222710213",2002,6,"213","Penn State","PSU","2294","Iowa","IOWA","45","2","213","Penn State","PSU","2294","Iowa","IOWA",35,40,5,"0:00","Pass Incompletion",2,8,91,0,91,"Zack Mills (PSU) pass incomplete to the left side."
"222710213",2002,6,"213","Penn State","PSU","2294","Iowa","IOWA","45","3","213","Penn State","PSU","2294","Iowa","IOWA",35,40,5,"0:00","Pass Completion",3,8,91,3,94,"Zack Mills (PSU) pass left side complete to Casey Williams (PSU) for 3 yards."
"222710213",2002,6,"213","Penn State","PSU","2294","Iowa","IOWA","45","4","213","Penn State","PSU","2294","Iowa","IOWA",35,40,5,"0:00","Pass Incompletion",4,5,94,0,6,"Zack Mills (PSU) pass incomplete across the middle.; turnover on downs."
"222710213",2002,6,"213","Penn State","PSU","2294","Iowa","IOWA","45","5","2294","Iowa","IOWA","213","Penn State","PSU",35,40,5,"0:00","End Period",4,5,6,0,6,"End of Overtime"