"gameId","year","week","homeId","homeTeam","homeAbbr","awayId","awayTeam","awayAbbr","driveIndex","playIndex","offenseId","offenseTeam","offenseAbbr","defenseId","defenseTeam","defenseAbbr","homeScore","awayScore","quarter","clock","type","down","distance","yardLine","yardsGained","endYardLine","description"
"222500150",2002,3,"150","Duke","DUKE","97","Louisville","LOU","0","1","97","Louisville","LOU","150","Duke","DUKE",0,0,1,"15:00","Kickoff Return (Offense)",0,0,6,15,21,"Kickoff returned by Andy Roland (DUKE) for 15 yards."
"222500150",2002,3,"150","Duke","DUKE","97","Louisville","LOU","1","0","150","Duke","DUKE","97","Louisville","LOU",0,0,1,"14:45","Rush",1,10,21,1,32,"Chris Douglas (DUKE) rushed up the middle for 1 yard."
"222500150",2002,3,"150","Duke","DUKE","97","Louisville","LOU","1","1","150","Duke","DUKE","97","Louisville","LOU",0,0,1,"14:25","Rush",2,9,32,4,36,"Chris Douglas (DUKE) rushed right side for 4 yards."
"222500150",2002,3,"150","Duke","DUKE","97","Louisville","LOU","1","2","150","Duke","DUKE","97","Louisville","LOU",0,0,1,"14:00","Sack",3,5,36,-9,27,"Adam Smith (DUKE) sacked for a loss of 9 yards."
"222500150",2002,3,"150","Duke","DUKE","97","Louisville","LOU","1","3","150","Duke","DUKE","97","Louisville","LOU",0,0,1,"13:30","Punt Return",4,14,27,10,56,"Punt by Orrin Thompson (DUKE) returned 10 yards by Damien Dorsey (UL) to the Cardinals 44."
"222500150",2002,3,"150","Duke","DUKE","97","Louisville","LOU","2","0","97","Louisville","LOU","150","Duke","DUKE",0,0,1,"13:15","Rush",1,10,56,-1,57,"Lionel Gates (UL) rushed up the middle for -1 yards."
"222500150",2002,3,"150","Duke","DUKE","97","Louisville","LOU","2","1","97","Louisville","LOU","150","Duke","DUKE",0,0,1,"12:45","Pass Completion",2,11,57,24,33,"Dave Ragone (UL) pass right side complete to Joshua Tinch (UL) for 24 yards."
"222500150",2002,3,"150","Duke","DUKE","97","Louisville","LOU","2","2","97","Louisville","LOU","150","Duke","DUKE",0,0,1,"12:25","Pass Incompletion",1,10,33,0,33,"Dave Ragone (UL) pass incomplete to the left side."
"222500150",2002,3,"150","Duke","DUKE","97","Louisville","LOU","2","3","97","Louisville","LOU","150","Duke","DUKE",0,0,1,"12:00","Rush",2,10,33,-1,34,"Lionel Gates (UL) rushed up the middle for -1 yards."
"222500150",2002,3,"150","Duke","DUKE","97","Louisville","LOU","2","4","97","Louisville","LOU","150","Duke","DUKE",0,0,1,"11:30","Pass Completion",3,11,34,6,28,"Dave Ragone (UL) pass right side complete to Joshua Tinch (UL) for 6 yards."
"222500150",2002,3,"150","Duke","DUKE","97","Louisville","LOU","2","5","97","Louisville","LOU","150","Duke","DUKE",0,0,1,"11:11","Penalty",4,5,28,-5,33,"5 yard penalty on Cardinals."
"222500150",2002,3,"150","Duke","DUKE","97","Louisville","LOU","2","6","97","Louisville","LOU","150","Duke","DUKE",0,0,1,"11:00","Punt Return",4,10,33,0,2,"Punt by Wade Tydlacka (UL) no return by Blue Devils."
"222500150",2002,3,"150","Duke","DUKE","97","Louisville","LOU","3","0","150","Duke","DUKE","97","Louisville","LOU",0,0,1,"10:40","Rush",1,10,2,1,4,"Alex Wade (DUKE) rushed up the middle for 1 yard."
"222500150",2002,3,"150","Duke","DUKE","97","Louisville","LOU","3","1","150","Duke","DUKE","97","Louisville","LOU",0,0,1,"10:00","Rush",2,9,4,1,5,"Chris Douglas (DUKE) rushed up the middle for 1 yard."
"222500150",2002,3,"150","Duke","DUKE","97","Louisville","LOU","3","2","150","Duke","DUKE","97","Louisville","LOU",0,0,1,"9:30","Sack",3,8,5,-5,0,"Adam Smith (DUKE) sacked for a loss of 5 yards."
"222500150",2002,3,"150","Duke","DUKE","97","Louisville","LOU","3","3","150","Duke","DUKE","97","Louisville","LOU",0,2,1,"9:30","Safety",4,13,0,0,0,"Cardinals safety."
"222500150",2002,3,"150","Duke","DUKE","97","Louisville","LOU","4","0","150","Duke","DUKE","97","Louisville","LOU",0,2,1,"9:15","Kickoff Return (Offense)",1,0,76,33,43,"Kickoff returned by Broderick Clark (UL) for 33 yards."
"222500150",2002,3,"150","Duke","DUKE","97","Louisville","LOU","5","0","97","Louisville","LOU","150","Duke","DUKE",0,2,1,"9:00","Rush",1,10,43,4,39,"Lionel Gates (UL) rushed right side for 4 yards."
"222500150",2002,3,"150","Duke","DUKE","97","Louisville","LOU","5","1","97","Louisville","LOU","150","Duke","DUKE",0,2,1,"8:30","Rush",2,6,39,4,39,"Lionel Gates (UL) rushed right side for 4 yards."
"222500150",2002,3,"150","Duke","DUKE","97","Louisville","LOU","5","2","97","Louisville","LOU","150","Duke","DUKE",0,2,1,"8:00","Pass Completion",3,2,39,5,34,"Dave Ragone (UL) pass right side complete to Dontay Spillman (UL) for 5 yards."
"222500150",2002,3,"150","Duke","DUKE","97","Louisville","LOU","5","3","97","Louisville","LOU","150","Duke","DUKE",0,2,1,"7:30","Pass Completion",1,10,34,4,30,"Dave Ragone (UL) pass right side complete to Dontay Spillman (UL) for 4 yards."
"222500150",2002,3,"150","Duke","DUKE","97","Louisville","LOU","5","4","97","Louisville","LOU","150","Duke","DUKE",0,2,1,"7:11","Rush",2,6,30,6,24,"Lionel Gates (UL) rushed right side for 6 yards."
"222500150",2002,3,"150","Duke","DUKE","97","Louisville","LOU","5","5","97","Louisville","LOU","150","Duke","DUKE",0,2,1,"7:00","Penalty",1,10,24,-15,39,"15 yard penalty on Cardinals."
"222500150",2002,3,"150","Duke","DUKE","97","Louisville","LOU","5","6","97","Louisville","LOU","150","Duke","DUKE",0,2,1,"6:30","Pass Completion",1,25,39,18,21,"Dave Ragone (UL) pass right side complete to Joshua Tinch (UL) for 18 yards."
"222500150",2002,3,"150","Duke","DUKE","97","Louisville","LOU","5","7","97","Louisville","LOU","150","Duke","DUKE",0,2,1,"6:00","Pass Completion",2,7,21,13,8,"Dave Ragone (UL) pass left side complete to Ronnie Ghent (UL) for 13 yards."
"222500150",2002,3,"150","Duke","DUKE","97","Louisville","LOU","5","8","97","Louisville","LOU","150","Duke","DUKE",0,2,1,"5:55","Pass Completion",1,8,8,2,6,"Dave Ragone (UL) pass right side complete to Ronnie Ghent (UL) for 2 yards."
"222500150",2002,3,"150","Duke","DUKE","97","Louisville","LOU","5","9","97","Louisville","LOU","150","Duke","DUKE",0,2,1,"5:30","Rush",2,6,6,2,4,"Lionel Gates (UL) rushed up the middle for 2 yards."
"222500150",2002,3,"150","Duke","DUKE","97","Louisville","LOU","5","10","97","Louisville","LOU","150","Duke","DUKE",0,2,1,"5:00","Pass Incompletion",3,4,4,0,4,"Dave Ragone (UL) pass incomplete to the left side."
"222500150",2002,3,"150","Duke","DUKE","97","Louisville","LOU","5","11","97","Louisville","LOU","150","Duke","DUKE",0,8,1,"4:45","Pass Completion",4,4,4,4,0,"Dave Ragone (UL) pass across the middle complete to Ronnie Ghent (UL) for a 4 yard touchdown."
"222500150",2002,3,"150","Duke","DUKE","97","Louisville","LOU","5","12","97","Louisville","LOU","150","Duke","DUKE",0,9,1,"4:45","",0,0,0,0,0,"Extra point by Nathan Smith (UL) is good."
"222500150",2002,3,"150","Duke","DUKE","97","Louisville","LOU","6","0","97","Louisville","LOU","150","Duke","DUKE",0,9,1,"4:33","Kickoff Return (Offense)",0,0,7,17,24,"Kickoff returned by Senterrio Landrum (DUKE) for 17 yards."
"222500150",2002,3,"150","Duke","DUKE","97","Louisville","LOU","7","0","150","Duke","DUKE","97","Louisville","LOU",0,9,1,"4:22","Pass Incompletion",1,10,24,0,24,"Chris Dapolito (DUKE) pass incomplete to the right side."
"222500150",2002,3,"150","Duke","DUKE","97","Louisville","LOU","7","1","150","Duke","DUKE","97","Louisville","LOU",0,9,1,"4:00","Rush",2,10,24,-2,22,"Chris Dapolito (DUKE) rushed right side for -2 yards."
"222500150",2002,3,"150","Duke","DUKE","97","Louisville","LOU","7","2","150","Duke","DUKE","97","Louisville","LOU",0,9,1,"3:30","Pass Incompletion",3,12,22,0,22,"Chris Dapolito (DUKE) pass incomplete across the middle."
"222500150",2002,3,"150","Duke","DUKE","97","Louisville","LOU","7","3","150","Duke","DUKE","97","Louisville","LOU",0,9,1,"3:18","Punt Return",4,12,22,4,55,"Punt by Orrin Thompson (DUKE) returned 4 yards by Anthony Floyd (UL) to the Cardinals 45."
"222500150",2002,3,"150","Duke","DUKE","97","Louisville","LOU","8","0","97","Louisville","LOU","150","Duke","DUKE",0,9,1,"3:18","Penalty",1,10,55,-13,68,"13 yard penalty on Cardinals."
"222500150",2002,3,"150","Duke","DUKE","97","Louisville","LOU","8","1","97","Louisville","LOU","150","Duke","DUKE",0,9,1,"3:18","Rush",1,10,68,8,60,"T.J. Patterson (UL) rushed up the middle for 8 yards."
"222500150",2002,3,"150","Duke","DUKE","97","Louisville","LOU","8","2","97","Louisville","LOU","150","Duke","DUKE",0,9,1,"3:00","Rush",2,2,60,0,60,"T.J. Patterson (UL) rushed up the middle for no gain."
"222500150",2002,3,"150","Duke","DUKE","97","Louisville","LOU","8","3","97","Louisville","LOU","150","Duke","DUKE",0,9,1,"2:30","Rush",3,2,60,1,59,"T.J. Patterson (UL) rushed up the middle for 1 yard."
"222500150",2002,3,"150","Duke","DUKE","97","Louisville","LOU","8","4","97","Louisville","LOU","150","Duke","DUKE",0,9,1,"2:00","Punt Return",4,1,59,0,16,"Punt by Wade Tydlacka (UL) no return by Blue Devils."
"222500150",2002,3,"150","Duke","DUKE","97","Louisville","LOU","9","0","150","Duke","DUKE","97","Louisville","LOU",0,9,1,"1:54","Sack",1,10,16,-5,11,"Chris Dapolito (DUKE) sacked for a loss of 5 yards."
"222500150",2002,3,"150","Duke","DUKE","97","Louisville","LOU","9","1","150","Duke","DUKE","97","Louisville","LOU",0,9,1,"1:30","Rush",2,15,11,4,15,"Chris Dapolito (DUKE) rushed up the middle for 4 yards."
"222500150",2002,3,"150","Duke","DUKE","97","Louisville","LOU","9","2","150","Duke","DUKE","97","Louisville","LOU",0,9,1,"1:00","Rush",3,11,15,8,23,"Chris Douglas (DUKE) rushed up the middle for 8 yards."
"222500150",2002,3,"150","Duke","DUKE","97","Louisville","LOU","9","3","150","Duke","DUKE","97","Louisville","LOU",0,9,1,"0:40","Punt Return",4,3,23,4,54,"Punt by Trey McDonald (DUKE) returned 4 yards by Anthony Floyd (UL) to the Cardinals 46."
"222500150",2002,3,"150","Duke","DUKE","97","Louisville","LOU","10","0","97","Louisville","LOU","150","Duke","DUKE",0,9,1,"0:30","Sack",1,10,54,-9,63,"Dave Ragone (UL) sacked for a loss of 9 yards."
"222500150",2002,3,"150","Duke","DUKE","97","Louisville","LOU","10","1","97","Louisville","LOU","150","Duke","DUKE",0,9,1,"0:00","End Period",2,19,63,0,63,"End of the 1st quarter."
"222500150",2002,3,"150","Duke","DUKE","97","Louisville","LOU","10","2","97","Louisville","LOU","150","Duke","DUKE",0,9,2,"15:00","",2,19,63,0,63,"Start of the 2nd quarter."
"222500150",2002,3,"150","Duke","DUKE","97","Louisville","LOU","10","3","97","Louisville","LOU","150","Duke","DUKE",0,9,2,"15:00","Pass Completion",2,19,63,13,50,"Dave Ragone (UL) pass across the middle complete to Ronnie Ghent (UL) for 13 yards."
"222500150",2002,3,"150","Duke","DUKE","97","Louisville","LOU","10","4","97","Louisville","LOU","150","Duke","DUKE",0,9,2,"14:30","Pass Completion",3,6,50,16,34,"Dave Ragone (UL) pass across the middle complete to Broderick Clark (UL) for 16 yards."
"222500150",2002,3,"150","Duke","DUKE","97","Louisville","LOU","10","5","97","Louisville","LOU","150","Duke","DUKE",0,9,2,"14:00","Pass Incompletion",1,10,34,0,34,"Dave Ragone (UL) pass incomplete to the left side."
"222500150",2002,3,"150","Duke","DUKE","97","Louisville","LOU","10","6","97","Louisville","LOU","150","Duke","DUKE",0,9,2,"13:45","Pass Completion",2,10,34,18,16,"Dave Ragone (UL) pass left side complete to Dontay Spillman (UL) for 18 yards."
"222500150",2002,3,"150","Duke","DUKE","97","Louisville","LOU","10","7","97","Louisville","LOU","150","Duke","DUKE",0,9,2,"13:22","Rush",1,10,16,0,16,"T.J. Patterson (UL) rushed up the middle for no gain."
"222500150",2002,3,"150","Duke","DUKE","97","Louisville","LOU","10","8","97","Louisville","LOU","150","Duke","DUKE",0,9,2,"13:00","Pass Completion",2,10,16,2,14,"Dave Ragone (UL) pass left side complete to Joshua Tinch (UL) for 2 yards."
"222500150",2002,3,"150","Duke","DUKE","97","Louisville","LOU","10","9","97","Louisville","LOU","150","Duke","DUKE",0,9,2,"12:30","Pass Completion",3,8,14,6,8,"Dave Ragone (UL) pass across the middle complete to Ronnie Ghent (UL) for 6 yards."
"222500150",2002,3,"150","Duke","DUKE","97","Louisville","LOU","10","10","97","Louisville","LOU","150","Duke","DUKE",0,9,2,"12:00","Rush",4,2,8,1,95,"T.J. Patterson (UL) rushed up the middle for 1 yard; turnover on downs."
"222500150",2002,3,"150","Duke","DUKE","97","Louisville","LOU","10","11","150","Duke","DUKE","97","Louisville","LOU",0,9,2,"11:30","Penalty",2,5,95,-4,91,"4 yard penalty on Cardinals."
"222500150",2002,3,"150","Duke","DUKE","97","Louisville","LOU","11","0","97","Louisville","LOU","150","Duke","DUKE",0,9,2,"11:11","Pass Completion",2,9,91,4,5,"Dave Ragone (UL) pass right side complete to Ronnie Ghent (UL) for 4 yards."
"222500150",2002,3,"150","Duke","DUKE","97","Louisville","LOU","11","1","97","Louisville","LOU","150","Duke","DUKE",0,9,2,"11:00","Penalty",3,5,5,-10,15,"10 yard penalty on Cardinals."
"222500150",2002,3,"150","Duke","DUKE","97","Louisville","LOU","11","2","97","Louisville","LOU","150","Duke","DUKE",0,9,2,"10:30","Rush",3,15,15,11,4,"Dave Ragone (UL) rushed up the middle for 11 yards."
"222500150",2002,3,"150","Duke","DUKE","97","Louisville","LOU","11","3","97","Louisville","LOU","150","Duke","DUKE",0,12,2,"10:00","",4,4,4,22,4,"22 yard field goal by Nathan Smith (UL) is good."
"222500150",2002,3,"150","Duke","DUKE","97","Louisville","LOU","12","0","97","Louisville","LOU","150","Duke","DUKE",0,12,2,"9:58","Kickoff Return (Offense)",1,0,28,0,28,"Cardinals kickoff, no return by Blue Devils."
"222500150",2002,3,"150","Duke","DUKE","97","Louisville","LOU","13","0","150","Duke","DUKE","97","Louisville","LOU",0,12,2,"9:45","Pass Completion",1,10,28,6,34,"Chris Dapolito (DUKE) pass right side complete to Andy Roland (DUKE) for 6 yards."
"222500150",2002,3,"150","Duke","DUKE","97","Louisville","LOU","13","1","150","Duke","DUKE","97","Louisville","LOU",0,12,2,"9:23","Rush",2,4,34,2,36,"Alex Wade (DUKE) rushed right side for 2 yards."
"222500150",2002,3,"150","Duke","DUKE","97","Louisville","LOU","13","2","150","Duke","DUKE","97","Louisville","LOU",0,12,2,"9:00","Rush",3,2,36,1,37,"Chris Dapolito (DUKE) rushed up the middle for 1 yard."
"222500150",2002,3,"150","Duke","DUKE","97","Louisville","LOU","13","3","150","Duke","DUKE","97","Louisville","LOU",0,12,2,"8:30","Rush",4,1,37,0,37,"Chris Dapolito (DUKE) rushed up the middle for no gain; turnover on downs."
"222500150",2002,3,"150","Duke","DUKE","97","Louisville","LOU","14","0","97","Louisville","LOU","150","Duke","DUKE",0,18,2,"8:00","Pass Completion",1,10,37,37,0,"Dave Ragone (UL) pass right side complete to Dontay Spillman (UL) for a 37 yard touchdown."
"222500150",2002,3,"150","Duke","DUKE","97","Louisville","LOU","14","1","97","Louisville","LOU","150","Duke","DUKE",0,19,2,"8:00","",0,0,0,0,0,"Extra point by Nathan Smith (UL) is good."
"222500150",2002,3,"150","Duke","DUKE","97","Louisville","LOU","15","0","97","Louisville","LOU","150","Duke","DUKE",0,19,2,"7:21","Kickoff Return (Offense)",0,0,20,0,20,"Cardinals kickoff, touchback by Blue Devils."
"222500150",2002,3,"150","Duke","DUKE","97","Louisville","LOU","16","0","150","Duke","DUKE","97","Louisville","LOU",0,19,2,"7:11","Rush",1,10,20,1,21,"Cedric Dargan (DUKE) rushed up the middle for 1 yard."
"222500150",2002,3,"150","Duke","DUKE","97","Louisville","LOU","16","1","150","Duke","DUKE","97","Louisville","LOU",0,19,2,"6:45","Pass Incompletion",2,9,21,0,21,"Chris Dapolito (DUKE) pass incomplete across the middle."
"222500150",2002,3,"150","Duke","DUKE","97","Louisville","LOU","16","2","150","Duke","DUKE","97","Louisville","LOU",0,19,2,"6:30","Pass Completion",3,9,21,6,27,"Chris Dapolito (DUKE) pass across the middle complete to Reggie Love (DUKE) for 6 yards."
"222500150",2002,3,"150","Duke","DUKE","97","Louisville","LOU","16","3","150","Duke","DUKE","97","Louisville","LOU",0,19,2,"6:00","Punt Return",4,3,27,-1,62,"Punt by Trey McDonald (DUKE) returned -1 yards by Anthony Floyd (UL) to the Cardinals 38."
"222500150",2002,3,"150","Duke","DUKE","97","Louisville","LOU","17","0","97","Louisville","LOU","150","Duke","DUKE",0,19,2,"5:55","Rush",1,10,62,10,52,"Lionel Gates (UL) rushed up the middle for 10 yards."
"222500150",2002,3,"150","Duke","DUKE","97","Louisville","LOU","17","1","97","Louisville","LOU","150","Duke","DUKE",0,19,2,"5:30","Rush",1,10,52,4,48,"Lionel Gates (UL) rushed right side for 4 yards."
"222500150",2002,3,"150","Duke","DUKE","97","Louisville","LOU","17","2","97","Louisville","LOU","150","Duke","DUKE",0,19,2,"5:00","Pass Incompletion",1,10,48,0,48,"Dave Ragone (UL) pass incomplete to the left side."
"222500150",2002,3,"150","Duke","DUKE","97","Louisville","LOU","17","3","97","Louisville","LOU","150","Duke","DUKE",0,19,2,"5:00","Pass Completion",2,10,48,8,40,"Dave Ragone (UL) pass right side complete to Dontay Spillman (UL) for 8 yards."
"222500150",2002,3,"150","Duke","DUKE","97","Louisville","LOU","17","4","97","Louisville","LOU","150","Duke","DUKE",0,19,2,"4:30","Rush",3,2,40,0,40,"T.J. Patterson (UL) rushed up the middle for no gain."
"222500150",2002,3,"150","Duke","DUKE","97","Louisville","LOU","17","5","97","Louisville","LOU","150","Duke","DUKE",0,19,2,"4:00","Pass Completion",4,2,40,7,33,"Dave Ragone (UL) pass left side complete to Joshua Tinch (UL) for 7 yards."
"222500150",2002,3,"150","Duke","DUKE","97","Louisville","LOU","17","6","97","Louisville","LOU","150","Duke","DUKE",0,19,2,"3:30","Pass Incompletion",1,10,33,0,33,"Dave Ragone (UL) pass incomplete to the left side."
"222500150",2002,3,"150","Duke","DUKE","97","Louisville","LOU","17","7","97","Louisville","LOU","150","Duke","DUKE",0,19,2,"3:18","Pass Completion",2,10,33,12,21,"Dave Ragone (UL) pass right side complete to Broderick Clark (UL) for 12 yards."
"222500150",2002,3,"150","Duke","DUKE","97","Louisville","LOU","17","8","97","Louisville","LOU","150","Duke","DUKE",0,19,2,"3:00","Pass Incompletion",1,10,21,0,21,"Dave Ragone (UL) pass incomplete to the left side."
"222500150",2002,3,"150","Duke","DUKE","97","Louisville","LOU","17","9","97","Louisville","LOU","150","Duke","DUKE",0,19,2,"2:55","Pass Interception",2,10,21,3,25,"Dave Ragone (UL) pass right side intercepted by Temo George (DUKE). Returned for 3 yards."
"222500150",2002,3,"150","Duke","DUKE","97","Louisville","LOU","18","0","150","Duke","DUKE","97","Louisville","LOU",0,19,2,"2:33","Rush",1,10,25,2,33,"Chris Dapolito (DUKE) rushed up the middle for 2 yards."
"222500150",2002,3,"150","Duke","DUKE","97","Louisville","LOU","18","1","150","Duke","DUKE","97","Louisville","LOU",0,19,2,"2:22","Pass Completion",2,8,33,5,38,"Chris Dapolito (DUKE) pass across the middle complete to Calen Powell (DUKE) for 5 yards."
"222500150",2002,3,"150","Duke","DUKE","97","Louisville","LOU","18","2","150","Duke","DUKE","97","Louisville","LOU",0,19,2,"2:00","Pass Incompletion",3,3,38,0,38,"Chris Dapolito (DUKE) pass incomplete to the right side."
"222500150",2002,3,"150","Duke","DUKE","97","Louisville","LOU","19","0","97","Louisville","LOU","150","Duke","DUKE",0,25,2,"1:55","Blocked Punt Touchdown",4,3,38,0,0,"Cardinals punt blocked, recovered by Brandon Johnson (UL), returned for a touchdown."
"222500150",2002,3,"150","Duke","DUKE","97","Louisville","LOU","19","1","97","Louisville","LOU","150","Duke","DUKE",0,26,2,"1:55","",0,0,0,0,0,"Extra point by Nathan Smith (UL) is good."
"222500150",2002,3,"150","Duke","DUKE","97","Louisville","LOU","20","0","97","Louisville","LOU","150","Duke","DUKE",0,26,2,"1:50","Kickoff Return (Offense)",0,0,4,11,15,"Kickoff returned by Kenneth Stanford (DUKE) for 11 yards."
"222500150",2002,3,"150","Duke","DUKE","97","Louisville","LOU","21","0","150","Duke","DUKE","97","Louisville","LOU",0,26,2,"1:44","Rush",1,10,15,7,22,"Alex Wade (DUKE) rushed up the middle for 7 yards."
"222500150",2002,3,"150","Duke","DUKE","97","Louisville","LOU","21","1","150","Duke","DUKE","97","Louisville","LOU",0,26,2,"1:44","Fumble Recovery (Own)",2,3,22,2,24,"Blue Devils fumble by Alex Wade (DUKE), recovered by Mark Thompson (DUKE), 2 yard advance."
"222500150",2002,3,"150","Duke","DUKE","97","Louisville","LOU","21","2","150","Duke","DUKE","97","Louisville","LOU",0,26,2,"1:30","Pass Completion",1,10,24,20,44,"Chris Dapolito (DUKE) pass across the middle complete to Reggie Love (DUKE) for 20 yards."
"222500150",2002,3,"150","Duke","DUKE","97","Louisville","LOU","21","3","150","Duke","DUKE","97","Louisville","LOU",0,26,2,"1:11","Penalty",1,10,44,15,59,"15 yard penalty on Cardinals."
"222500150",2002,3,"150","Duke","DUKE","97","Louisville","LOU","21","4","150","Duke","DUKE","97","Louisville","LOU",0,26,2,"1:00","Pass Completion",1,10,59,12,71,"Adam Smith (DUKE) pass right side complete to Ronnie Elliott (DUKE) for 12 yards."
"222500150",2002,3,"150","Duke","DUKE","97","Louisville","LOU","21","5","150","Duke","DUKE","97","Louisville","LOU",0,26,2,"0:45","Pass Incompletion",1,10,71,0,71,"Adam Smith (DUKE) pass incomplete to the right side."
"222500150",2002,3,"150","Duke","DUKE","97","Louisville","LOU","21","6","150","Duke","DUKE","97","Louisville","LOU",0,26,2,"0:40","Penalty",2,10,71,5,76,"5 yard penalty on Cardinals."
"222500150",2002,3,"150","Duke","DUKE","97","Louisville","LOU","21","7","150","Duke","DUKE","97","Louisville","LOU",0,26,2,"0:34","Pass Completion",2,5,76,3,69,"Adam Smith (DUKE) pass right side complete to Alex Wade (DUKE) for 3 yards."
"222500150",2002,3,"150","Duke","DUKE","97","Louisville","LOU","21","8","150","Duke","DUKE","97","Louisville","LOU",0,26,2,"0:30","Pass Incompletion",3,12,69,0,69,"Adam Smith (DUKE) pass incomplete to the right side."
"222500150",2002,3,"150","Duke","DUKE","97","Louisville","LOU","21","9","150","Duke","DUKE","97","Louisville","LOU",3,26,2,"0:20","",4,12,69,48,69,"48 yard field goal by Brent Garber (DUKE) is good."
"222500150",2002,3,"150","Duke","DUKE","97","Louisville","LOU","22","0","150","Duke","DUKE","97","Louisville","LOU",3,26,2,"0:20","Kickoff Return (Offense)",1,0,104,33,71,"Kickoff returned by Lionel Gates (UL) for 33 yards."
"222500150",2002,3,"150","Duke","DUKE","97","Louisville","LOU","23","0","97","Louisville","LOU","150","Duke","DUKE",3,26,2,"0:11","Pass Completion",1,10,71,12,59,"Dave Ragone (UL) pass across the middle complete to Ronnie Ghent (UL) for 12 yards."
"222500150",2002,3,"150","Duke","DUKE","97","Louisville","LOU","23","1","97","Louisville","LOU","150","Duke","DUKE",3,26,2,"0:10","Timeout",1,10,59,0,59,"Television timeout; 00:10 remaining 2nd quarter"
"222500150",2002,3,"150","Duke","DUKE","97","Louisville","LOU","23","2","97","Louisville","LOU","150","Duke","DUKE",3,26,2,"0:10","Rush",1,10,59,28,31,"Dave Ragone (UL) rushed right side for 28 yards."
"222500150",2002,3,"150","Duke","DUKE","97","Louisville","LOU","23","3","97","Louisville","LOU","150","Duke","DUKE",3,26,2,"0:04","",1,10,31,48,31,"48 yard field goal by Nathan Smith (UL) is no good."
"222500150",2002,3,"150","Duke","DUKE","97","Louisville","LOU","23","4","150","Duke","DUKE","97","Louisville","LOU",3,26,2,"0:00","End Period",1,10,31,0,31,"End of the 2nd quarter."
"222500150",2002,3,"150","Duke","DUKE","97","Louisville","LOU","24","1","150","Duke","DUKE","97","Louisville","LOU",3,26,3,"15:00","Kickoff Return (Offense)",0,0,80,0,80,"Blue Devils kickoff, touchback by Cardinals."
"222500150",2002,3,"150","Duke","DUKE","97","Louisville","LOU","25","0","97","Louisville","LOU","150","Duke","DUKE",3,26,3,"14:53","Rush",1,10,80,12,68,"Lionel Gates (UL) rushed right side for 12 yards."
"222500150",2002,3,"150","Duke","DUKE","97","Louisville","LOU","25","1","97","Louisville","LOU","150","Duke","DUKE",3,26,3,"14:23","Pass Incompletion",1,10,68,0,68,"Dave Ragone (UL) pass incomplete to the right side."
"222500150",2002,3,"150","Duke","DUKE","97","Louisville","LOU","25","2","97","Louisville","LOU","150","Duke","DUKE",3,26,3,"14:00","Pass Completion",2,10,68,18,50,"Dave Ragone (UL) pass across the middle complete to Broderick Clark (UL) for 18 yards."
"222500150",2002,3,"150","Duke","DUKE","97","Louisville","LOU","25","3","97","Louisville","LOU","150","Duke","DUKE",3,26,3,"13:30","Rush",1,10,50,3,47,"Lionel Gates (UL) rushed up the middle for 3 yards."
"222500150",2002,3,"150","Duke","DUKE","97","Louisville","LOU","25","4","97","Louisville","LOU","150","Duke","DUKE",3,26,3,"13:00","Pass Incompletion",2,7,47,0,47,"Dave Ragone (UL) pass incomplete to the left side."
"222500150",2002,3,"150","Duke","DUKE","97","Louisville","LOU","25","5","97","Louisville","LOU","150","Duke","DUKE",3,26,3,"12:45","Penalty",3,7,47,-5,52,"5 yard penalty on Cardinals."
"222500150",2002,3,"150","Duke","DUKE","97","Louisville","LOU","25","6","97","Louisville","LOU","150","Duke","DUKE",3,26,3,"12:30","Pass Incompletion",3,12,52,0,52,"Dave Ragone (UL) pass incomplete to the left side."
"222500150",2002,3,"150","Duke","DUKE","97","Louisville","LOU","25","7","97","Louisville","LOU","150","Duke","DUKE",3,26,3,"12:11","Punt Return",4,12,52,4,25,"Punt by Wade Tydlacka (UL) returned 4 yards by Khary Sharpe (DUKE) to the Blue Devils 25."
"222500150",2002,3,"150","Duke","DUKE","97","Louisville","LOU","26","0","150","Duke","DUKE","97","Louisville","LOU",3,26,3,"12:00","Rush",1,10,25,2,27,"Chris Douglas (DUKE) rushed right side for 2 yards."
"222500150",2002,3,"150","Duke","DUKE","97","Louisville","LOU","26","1","150","Duke","DUKE","97","Louisville","LOU",3,26,3,"11:30","Pass Completion",2,8,27,3,30,"Adam Smith (DUKE) pass right side complete to Alex Wade (DUKE) for 3 yards."
"222500150",2002,3,"150","Duke","DUKE","97","Louisville","LOU","26","2","150","Duke","DUKE","97","Louisville","LOU",3,26,3,"11:11","Sack",3,5,30,-8,22,"Adam Smith (DUKE) sacked for a loss of 8 yards."
"222500150",2002,3,"150","Duke","DUKE","97","Louisville","LOU","26","3","150","Duke","DUKE","97","Louisville","LOU",3,26,3,"11:00","Punt Return",4,13,22,0,47,"Punt by Trey McDonald (DUKE) no return by Cardinals."
"222500150",2002,3,"150","Duke","DUKE","97","Louisville","LOU","27","0","97","Louisville","LOU","150","Duke","DUKE",3,26,3,"10:40","Rush",1,10,47,-2,49,"Lionel Gates (UL) rushed right side for -2 yards."
"222500150",2002,3,"150","Duke","DUKE","97","Louisville","LOU","27","1","97","Louisville","LOU","150","Duke","DUKE",3,26,3,"10:00","Pass Completion",2,12,49,13,36,"Dave Ragone (UL) pass across the middle complete to Ronnie Ghent (UL) for 13 yards."
"222500150",2002,3,"150","Duke","DUKE","97","Louisville","LOU","27","2","97","Louisville","LOU","150","Duke","DUKE",3,26,3,"9:30","Rush",1,10,36,2,34,"Dave Ragone (UL) rushed up the middle for 2 yards."
"222500150",2002,3,"150","Duke","DUKE","97","Louisville","LOU","27","3","97","Louisville","LOU","150","Duke","DUKE",3,26,3,"9:00","Penalty",2,8,34,-10,44,"10 yard penalty on Cardinals."
"222500150",2002,3,"150","Duke","DUKE","97","Louisville","LOU","27","4","97","Louisville","LOU","150","Duke","DUKE",3,26,3,"8:45","Pass Completion",2,18,44,12,32,"Dave Ragone (UL) pass right side complete to Joshua Tinch (UL) for 12 yards."
"222500150",2002,3,"150","Duke","DUKE","97","Louisville","LOU","27","5","97","Louisville","LOU","150","Duke","DUKE",3,26,3,"8:45","Fumble Recovery (Opponent)",3,6,32,0,32,"Cardinals fumble by Joshua Tinch (UL), recovered by Mark Thompson (DUKE), returned for no gain."
"222500150",2002,3,"150","Duke","DUKE","97","Louisville","LOU","28","0","150","Duke","DUKE","97","Louisville","LOU",3,26,3,"8:30","Rush",1,10,32,-3,29,"Chris Douglas (DUKE) rushed up the middle for -3 yards."
"222500150",2002,3,"150","Duke","DUKE","97","Louisville","LOU","28","1","150","Duke","DUKE","97","Louisville","LOU",3,26,3,"8:00","Pass Incompletion",2,13,29,0,29,"Chris Dapolito (DUKE) pass incomplete across the middle."
"222500150",2002,3,"150","Duke","DUKE","97","Louisville","LOU","28","2","150","Duke","DUKE","97","Louisville","LOU",3,26,3,"7:55","Pass Incompletion",3,13,29,0,29,"Chris Dapolito (DUKE) pass incomplete across the middle."
"222500150",2002,3,"150","Duke","DUKE","97","Louisville","LOU","28","3","150","Duke","DUKE","97","Louisville","LOU",3,26,3,"7:45","Punt Return",4,13,29,6,70,"Punt by Trey McDonald (DUKE) returned 6 yards by Anthony Floyd (UL) to the Cardinals 30."
"222500150",2002,3,"150","Duke","DUKE","97","Louisville","LOU","29","0","97","Louisville","LOU","150","Duke","DUKE",3,26,3,"7:45","Penalty",1,10,70,-5,65,"5 yard penalty on Cardinals."
"222500150",2002,3,"150","Duke","DUKE","97","Louisville","LOU","29","1","97","Louisville","LOU","150","Duke","DUKE",3,26,3,"7:30","Rush",1,10,65,5,60,"T.J. Patterson (UL) rushed up the middle for 5 yards."
"222500150",2002,3,"150","Duke","DUKE","97","Louisville","LOU","29","2","97","Louisville","LOU","150","Duke","DUKE",3,26,3,"7:11","Timeout",2,5,60,0,60,"Television timeout; 07:11 remaining 3rd quarter"
"222500150",2002,3,"150","Duke","DUKE","97","Louisville","LOU","29","3","97","Louisville","LOU","150","Duke","DUKE",3,26,3,"7:11","Pass Incompletion",2,5,60,0,60,"Dave Ragone (UL) pass incomplete to the left side."
"222500150",2002,3,"150","Duke","DUKE","97","Louisville","LOU","29","4","97","Louisville","LOU","150","Duke","DUKE",3,26,3,"7:00","Pass Completion",3,5,60,6,54,"Dave Ragone (UL) pass right side complete to Dontay Spillman (UL) for 6 yards."
"222500150",2002,3,"150","Duke","DUKE","97","Louisville","LOU","29","5","97","Louisville","LOU","150","Duke","DUKE",3,26,3,"6:30","Penalty",1,10,54,-5,59,"5 yard penalty on Cardinals."
"222500150",2002,3,"150","Duke","DUKE","97","Louisville","LOU","29","6","97","Louisville","LOU","150","Duke","DUKE",3,26,3,"6:00","Sack",1,15,59,-6,65,"Dave Ragone (UL) sacked for a loss of 6 yards."
"222500150",2002,3,"150","Duke","DUKE","97","Louisville","LOU","29","7","97","Louisville","LOU","150","Duke","DUKE",3,26,3,"5:45","Pass Completion",2,21,65,11,54,"Dave Ragone (UL) pass right side complete to Broderick Clark (UL) for 11 yards."
"222500150",2002,3,"150","Duke","DUKE","97","Louisville","LOU","29","8","97","Louisville","LOU","150","Duke","DUKE",3,26,3,"5:22","Pass Interception",3,10,54,5,14,"Dave Ragone (UL) pass across the middle intercepted by Terrell Smith (DUKE). Returned for 5 yards."
"222500150",2002,3,"150","Duke","DUKE","97","Louisville","LOU","30","0","150","Duke","DUKE","97","Louisville","LOU",3,26,3,"5:00","Sack",1,10,14,-7,7,"Adam Smith (DUKE) sacked for a loss of 7 yards."
"222500150",2002,3,"150","Duke","DUKE","97","Louisville","LOU","30","1","150","Duke","DUKE","97","Louisville","LOU",3,26,3,"4:44","Pass Completion",2,17,7,5,12,"Adam Smith (DUKE) pass across the middle complete to Calen Powell (DUKE) for 5 yards."
"222500150",2002,3,"150","Duke","DUKE","97","Louisville","LOU","30","2","150","Duke","DUKE","97","Louisville","LOU",3,26,3,"4:23","Pass Incompletion",3,12,12,0,12,"Adam Smith (DUKE) pass incomplete across the middle."
"222500150",2002,3,"150","Duke","DUKE","97","Louisville","LOU","30","3","150","Duke","DUKE","97","Louisville","LOU",3,26,3,"4:00","Punt Return",4,12,12,0,44,"Punt by Trey McDonald (DUKE) no return by Cardinals."
"222500150",2002,3,"150","Duke","DUKE","97","Louisville","LOU","31","0","97","Louisville","LOU","150","Duke","DUKE",3,26,3,"3:18","Penalty",1,10,44,-5,49,"5 yard penalty on Cardinals."
"222500150",2002,3,"150","Duke","DUKE","97","Louisville","LOU","31","1","97","Louisville","LOU","150","Duke","DUKE",3,26,3,"3:00","Rush",1,15,49,-3,52,"T.J. Patterson (UL) rushed up the middle for -3 yards."
"222500150",2002,3,"150","Duke","DUKE","97","Louisville","LOU","31","2","97","Louisville","LOU","150","Duke","DUKE",3,26,3,"2:30","Rush",2,18,52,5,47,"Dave Ragone (UL) rushed up the middle for 5 yards."
"222500150",2002,3,"150","Duke","DUKE","97","Louisville","LOU","31","3","97","Louisville","LOU","150","Duke","DUKE",3,26,3,"2:00","Rush",3,13,47,3,44,"Dave Ragone (UL) rushed left side for 3 yards."
"222500150",2002,3,"150","Duke","DUKE","97","Louisville","LOU","31","4","97","Louisville","LOU","150","Duke","DUKE",3,26,3,"1:30","Punt Return",4,10,44,0,5,"Punt by Wade Tydlacka (UL) no return by Blue Devils."
"222500150",2002,3,"150","Duke","DUKE","97","Louisville","LOU","32","0","150","Duke","DUKE","97","Louisville","LOU",3,26,3,"1:11","Timeout",1,10,5,0,5,"Television timeout; 01:11 remaining 3rd quarter"
"222500150",2002,3,"150","Duke","DUKE","97","Louisville","LOU","32","1","150","Duke","DUKE","97","Louisville","LOU",3,26,3,"1:11","Rush",1,10,5,0,5,"Chris Douglas (DUKE) rushed up the middle for no gain."
"222500150",2002,3,"150","Duke","DUKE","97","Louisville","LOU","32","2","150","Duke","DUKE","97","Louisville","LOU",3,26,3,"0:00","End Period",2,10,5,0,5,"End of the 3rd quarter."
"222500150",2002,3,"150","Duke","DUKE","97","Louisville","LOU","32","3","150","Duke","DUKE","97","Louisville","LOU",3,26,4,"15:00","",2,10,5,0,5,"Start of the 4th quarter."
"222500150",2002,3,"150","Duke","DUKE","97","Louisville","LOU","32","4","150","Duke","DUKE","97","Louisville","LOU",3,26,4,"15:00","Pass Completion",2,10,5,23,28,"Adam Smith (DUKE) pass right side complete to Chris Douglas (DUKE) for 23 yards."
"222500150",2002,3,"150","Duke","DUKE","97","Louisville","LOU","32","5","150","Duke","DUKE","97","Louisville","LOU",3,26,4,"14:30","Pass Incompletion",1,10,28,0,28,"Adam Smith (DUKE) pass incomplete across the middle."
"222500150",2002,3,"150","Duke","DUKE","97","Louisville","LOU","32","6","150","Duke","DUKE","97","Louisville","LOU",3,26,4,"14:11","Pass Completion",2,10,28,8,36,"Adam Smith (DUKE) pass right side complete to Khary Sharpe (DUKE) for 8 yards."
"222500150",2002,3,"150","Duke","DUKE","97","Louisville","LOU","32","7","150","Duke","DUKE","97","Louisville","LOU",3,26,4,"13:45","Pass Incompletion",3,2,36,0,36,"Adam Smith (DUKE) pass incomplete to the left side."
"222500150",2002,3,"150","Duke","DUKE","97","Louisville","LOU","32","8","150","Duke","DUKE","97","Louisville","LOU",3,26,4,"13:25","Punt Return",4,2,36,3,67,"Punt by Trey McDonald (DUKE) returned 3 yards by Anthony Floyd (UL) to the Cardinals 33."
"222500150",2002,3,"150","Duke","DUKE","97","Louisville","LOU","33","0","97","Louisville","LOU","150","Duke","DUKE",3,26,4,"13:25","Fumble Recovery (Opponent)",1,10,67,0,67,"Cardinals fumble by Anthony Floyd (UL), recovered by Kurt Miller (DUKE), returned for no gain."
"222500150",2002,3,"150","Duke","DUKE","97","Louisville","LOU","34","0","150","Duke","DUKE","97","Louisville","LOU",3,26,4,"13:10","Pass Incompletion",1,10,67,0,67,"Chris Dapolito (DUKE) pass incomplete across the middle."
"222500150",2002,3,"150","Duke","DUKE","97","Louisville","LOU","34","1","150","Duke","DUKE","97","Louisville","LOU",3,26,4,"12:55","Rush",2,10,67,9,73,"Chris Dapolito (DUKE) rushed up the middle for 9 yards."
"222500150",2002,3,"150","Duke","DUKE","97","Louisville","LOU","34","2","150","Duke","DUKE","97","Louisville","LOU",3,26,4,"12:00","Pass Incompletion",3,1,73,0,74,"Chris Dapolito (DUKE) pass incomplete across the middle."
"222500150",2002,3,"150","Duke","DUKE","97","Louisville","LOU","34","3","150","Duke","DUKE","97","Louisville","LOU",3,26,4,"11:54","Pass Incompletion",2,10,74,0,74,"Chris Dapolito (DUKE) pass incomplete across the middle."
"222500150",2002,3,"150","Duke","DUKE","97","Louisville","LOU","34","4","150","Duke","DUKE","97","Louisville","LOU",3,26,4,"11:30","Sack",3,10,74,-6,68,"Chris Dapolito (DUKE) sacked for a loss of 6 yards."
"222500150",2002,3,"150","Duke","DUKE","97","Louisville","LOU","34","5","150","Duke","DUKE","97","Louisville","LOU",3,26,4,"11:11","",4,16,68,50,67,"50 yard field goal by Brent Garber (DUKE) is no good."
"222500150",2002,3,"150","Duke","DUKE","97","Louisville","LOU","35","0","97","Louisville","LOU","150","Duke","DUKE",3,26,4,"11:00","Rush",1,10,67,6,61,"Henry Miller (UL) rushed up the middle for 6 yards."
"222500150",2002,3,"150","Duke","DUKE","97","Louisville","LOU","35","1","97","Louisville","LOU","150","Duke","DUKE",3,26,4,"10:30","Rush",2,4,61,5,56,"Henry Miller (UL) rushed up the middle for 5 yards."
"222500150",2002,3,"150","Duke","DUKE","97","Louisville","LOU","35","2","97","Louisville","LOU","150","Duke","DUKE",3,26,4,"10:00","Rush",1,10,56,2,54,"Henry Miller (UL) rushed up the middle for 2 yards."
"222500150",2002,3,"150","Duke","DUKE","97","Louisville","LOU","35","3","97","Louisville","LOU","150","Duke","DUKE",3,26,4,"9:30","Rush",2,8,54,1,53,"Henry Miller (UL) rushed right side for 1 yard."
"222500150",2002,3,"150","Duke","DUKE","97","Louisville","LOU","35","4","97","Louisville","LOU","150","Duke","DUKE",3,26,4,"9:00","Rush",3,7,53,3,50,"Dave Ragone (UL) rushed up the middle for 3 yards."
"222500150",2002,3,"150","Duke","DUKE","97","Louisville","LOU","35","5","97","Louisville","LOU","150","Duke","DUKE",3,26,4,"8:30","Punt Return",4,4,50,0,44,"Punt by Wade Tydlacka (UL) no return by Blue Devils."
"222500150",2002,3,"150","Duke","DUKE","97","Louisville","LOU","36","0","150","Duke","DUKE","97","Louisville","LOU",3,26,4,"8:22","Pass Incompletion",1,10,44,0,44,"Chris Dapolito (DUKE) pass incomplete across the middle."
"222500150",2002,3,"150","Duke","DUKE","97","Louisville","LOU","36","1","150","Duke","DUKE","97","Louisville","LOU",3,26,4,"8:00","Pass Completion",2,10,44,5,49,"Chris Dapolito (DUKE) pass across the middle complete to Khary Sharpe (DUKE) for 5 yards."
"222500150",2002,3,"150","Duke","DUKE","97","Louisville","LOU","36","2","150","Duke","DUKE","97","Louisville","LOU",3,26,4,"7:45","Pass Completion",3,5,49,1,50,"Chris Dapolito (DUKE) pass across the middle complete to Alex Wade (DUKE) for 1 yard."
"222500150",2002,3,"150","Duke","DUKE","97","Louisville","LOU","36","3","150","Duke","DUKE","97","Louisville","LOU",3,26,4,"7:30","Pass Incompletion",4,4,50,0,50,"Chris Dapolito (DUKE) pass incomplete across the middle.; turnover on downs."
"222500150",2002,3,"150","Duke","DUKE","97","Louisville","LOU","37","0","97","Louisville","LOU","150","Duke","DUKE",3,26,4,"7:11","Rush",1,10,50,5,47,"Henry Miller (UL) rushed up the middle for 5 yards."
"222500150",2002,3,"150","Duke","DUKE","97","Louisville","LOU","37","1","97","Louisville","LOU","150","Duke","DUKE",3,32,4,"7:11","Rush",2,5,47,42,0,"Henry Miller (UL) rushed up the middle for a 42 yard touchdown."
"222500150",2002,3,"150","Duke","DUKE","97","Louisville","LOU","37","2","97","Louisville","LOU","150","Duke","DUKE",3,33,4,"7:02","",0,0,0,0,0,"Extra point by Nathan Smith (UL) is good."
"222500150",2002,3,"150","Duke","DUKE","97","Louisville","LOU","38","0","97","Louisville","LOU","150","Duke","DUKE",3,33,4,"7:02","Kickoff Return (Offense)",0,0,2,17,19,"Kickoff returned by Chris Douglas (DUKE) for 17 yards."
"222500150",2002,3,"150","Duke","DUKE","97","Louisville","LOU","39","0","150","Duke","DUKE","97","Louisville","LOU",3,33,4,"6:53","Pass Completion",1,10,19,20,39,"Chris Dapolito (DUKE) pass right side complete to Khary Sharpe (DUKE) for 20 yards."
"222500150",2002,3,"150","Duke","DUKE","97","Louisville","LOU","39","1","150","Duke","DUKE","97","Louisville","LOU",3,33,4,"6:30","Pass Incompletion",1,10,39,0,39,"Chris Dapolito (DUKE) pass incomplete across the middle."
"222500150",2002,3,"150","Duke","DUKE","97","Louisville","LOU","39","2","150","Duke","DUKE","97","Louisville","LOU",3,33,4,"6:20","Pass Completion",2,10,39,4,43,"Adam Smith (DUKE) pass across the middle complete to Khary Sharpe (DUKE) for 4 yards."
"222500150",2002,3,"150","Duke","DUKE","97","Louisville","LOU","39","3","150","Duke","DUKE","97","Louisville","LOU",3,33,4,"6:15","Penalty",3,6,43,-5,38,"5 yard penalty on Blue Devils."
"222500150",2002,3,"150","Duke","DUKE","97","Louisville","LOU","39","4","150","Duke","DUKE","97","Louisville","LOU",3,33,4,"6:11","Pass Completion",3,11,38,5,43,"Adam Smith (DUKE) pass across the middle complete to Cedric Dargan (DUKE) for 5 yards."
"222500150",2002,3,"150","Duke","DUKE","97","Louisville","LOU","39","5","150","Duke","DUKE","97","Louisville","LOU",3,33,4,"6:00","Penalty",4,6,43,-5,38,"5 yard penalty on Blue Devils."
"222500150",2002,3,"150","Duke","DUKE","97","Louisville","LOU","39","6","150","Duke","DUKE","97","Louisville","LOU",3,33,4,"6:00","Pass Incompletion",4,11,38,0,38,"Adam Smith (DUKE) pass incomplete across the middle.; turnover on downs."
"222500150",2002,3,"150","Duke","DUKE","97","Louisville","LOU","40","0","97","Louisville","LOU","150","Duke","DUKE",3,33,4,"5:45","Rush",1,10,38,20,18,"Henry Miller (UL) rushed up the middle for 20 yards."
"222500150",2002,3,"150","Duke","DUKE","97","Louisville","LOU","40","1","97","Louisville","LOU","150","Duke","DUKE",3,33,4,"5:00","Rush",1,10,18,1,17,"Henry Miller (UL) rushed left side for 1 yard."
"222500150",2002,3,"150","Duke","DUKE","97","Louisville","LOU","40","2","97","Louisville","LOU","150","Duke","DUKE",3,33,4,"4:30","Rush",2,9,17,5,12,"Henry Miller (UL) rushed up the middle for 5 yards."
"222500150",2002,3,"150","Duke","DUKE","97","Louisville","LOU","40","3","97","Louisville","LOU","150","Duke","DUKE",3,33,4,"4:00","Rush",3,4,12,6,6,"Henry Miller (UL) rushed up the middle for 6 yards."
"222500150",2002,3,"150","Duke","DUKE","97","Louisville","LOU","40","4","97","Louisville","LOU","150","Duke","DUKE",3,33,4,"3:18","Rush",1,6,6,3,3,"Lionel Gates (UL) rushed left side for 3 yards."
"222500150",2002,3,"150","Duke","DUKE","97","Louisville","LOU","40","5","97","Louisville","LOU","150","Duke","DUKE",3,33,4,"3:00","Rush",2,3,3,2,1,"Henry Miller (UL) rushed left side for 2 yards."
"222500150",2002,3,"150","Duke","DUKE","97","Louisville","LOU","40","6","97","Louisville","LOU","150","Duke","DUKE",3,39,4,"2:22","Pass Completion",3,1,1,1,0,"Stefan LeFors (UL) pass left side complete to Ronnie Ghent (UL) for a 1 yard touchdown."
"222500150",2002,3,"150","Duke","DUKE","97","Louisville","LOU","40","7","97","Louisville","LOU","150","Duke","DUKE",3,40,4,"1:55","",0,0,0,0,0,"Extra point by Nathan Smith (UL) is good."
"222500150",2002,3,"150","Duke","DUKE","97","Louisville","LOU","41","0","97","Louisville","LOU","150","Duke","DUKE",3,40,4,"1:38","Kickoff Return (Offense)",0,0,0,15,15,"Kickoff returned by Kenneth Stanford (DUKE) for 15 yards."
"222500150",2002,3,"150","Duke","DUKE","97","Louisville","LOU","42","0","150","Duke","DUKE","97","Louisville","LOU",3,40,4,"1:30","Pass Incompletion",1,10,15,0,15,"Adam Smith (DUKE) pass incomplete across the middle."
"222500150",2002,3,"150","Duke","DUKE","97","Louisville","LOU","42","1","150","Duke","DUKE","97","Louisville","LOU",3,40,4,"1:20","Pass Completion",2,10,15,18,33,"Adam Smith (DUKE) pass across the middle complete to Cedric Dargan (DUKE) for 18 yards."
"222500150",2002,3,"150","Duke","DUKE","97","Louisville","LOU","42","2","150","Duke","DUKE","97","Louisville","LOU",3,40,4,"1:00","Rush",1,10,33,-3,30,"Cedric Dargan (DUKE) rushed up the middle for -3 yards."
"222500150",2002,3,"150","Duke","DUKE","97","Louisville","LOU","42","3","150","Duke","DUKE","97","Louisville","LOU",3,40,4,"0:30","Pass Completion",2,13,30,30,60,"Adam Smith (DUKE) pass across the middle complete to Cedric Dargan (DUKE) for 30 yards."
"222500150",2002,3,"150","Duke","DUKE","97","Louisville","LOU","42","4","150","Duke","DUKE","97","Louisville","LOU",3,40,4,"0:00","End Period",1,10,60,0,60,"End of the 4th quarter."
"222500193",2002,3,"193","Miami (OH)","M-OH","2294","Iowa","IOWA","0","1","2294","Iowa","IOWA","193","Miami (OH)","M-OH",0,0,1,"15:00","Kickoff Return (Offense)",0,0,0,15,15,"Kickoff returned by Milt Bowen (MU) for 15 yards."
"222500193",2002,3,"193","Miami (OH)","M-OH","2294","Iowa","IOWA","1","0","193","Miami (OH)","M-OH","2294","Iowa","IOWA",0,0,1,"14:51","Pass Completion",1,10,15,9,24,"Ben Roethlisberger (MU) pass left side complete to Jason Branch (MU) for 9 yards."
"222500193",2002,3,"193","Miami (OH)","M-OH","2294","Iowa","IOWA","1","1","193","Miami (OH)","M-OH","2294","Iowa","IOWA",0,0,1,"14:51","Pass Completion",2,1,24,7,31,"Ben Roethlisberger (MU) pass right side complete to Jason Branch (MU) for 7 yards."
"222500193",2002,3,"193","Miami (OH)","M-OH","2294","Iowa","IOWA","1","2","193","Miami (OH)","M-OH","2294","Iowa","IOWA",0,0,1,"14:21","Pass Completion",1,10,31,9,40,"Ben Roethlisberger (MU) pass left side complete to Michael Larkin (MU) for 9 yards."
"222500193",2002,3,"193","Miami (OH)","M-OH","2294","Iowa","IOWA","1","3","193","Miami (OH)","M-OH","2294","Iowa","IOWA",0,0,1,"14:11","Rush",2,1,40,7,47,"Calvin Murray (MU) rushed up the middle for 7 yards."
"222500193",2002,3,"193","Miami (OH)","M-OH","2294","Iowa","IOWA","1","4","193","Miami (OH)","M-OH","2294","Iowa","IOWA",0,0,1,"14:11","Pass Completion",1,10,47,4,51,"Ben Roethlisberger (MU) pass right side complete to Eddie Tillitz (MU) for 4 yards."
"222500193",2002,3,"193","Miami (OH)","M-OH","2294","Iowa","IOWA","1","5","193","Miami (OH)","M-OH","2294","Iowa","IOWA",0,0,1,"12:51","Rush",2,6,51,2,53,"Luke Clemens (MU) rushed right side for 2 yards."
"222500193",2002,3,"193","Miami (OH)","M-OH","2294","Iowa","IOWA","1","6","193","Miami (OH)","M-OH","2294","Iowa","IOWA",0,0,1,"12:11","Pass Incompletion",3,4,53,0,53,"Ben Roethlisberger (MU) pass incomplete to the right side."
"222500193",2002,3,"193","Miami (OH)","M-OH","2294","Iowa","IOWA","1","7","193","Miami (OH)","M-OH","2294","Iowa","IOWA",0,0,1,"11:56","Punt Return",4,4,53,0,99,"Punt by Ben Roethlisberger (MU) no return by Hawkeyes."
"222500193",2002,3,"193","Miami (OH)","M-OH","2294","Iowa","IOWA","2","0","2294","Iowa","IOWA","193","Miami (OH)","M-OH",0,0,1,"11:56","Rush",1,10,99,15,84,"Edgar Cervantes (IOWA) rushed up the middle for 15 yards."
"222500193",2002,3,"193","Miami (OH)","M-OH","2294","Iowa","IOWA","2","1","2294","Iowa","IOWA","193","Miami (OH)","M-OH",0,0,1,"11:06","Rush",1,10,84,9,75,"Fred Russell (IOWA) rushed up the middle for 9 yards."
"222500193",2002,3,"193","Miami (OH)","M-OH","2294","Iowa","IOWA","2","2","2294","Iowa","IOWA","193","Miami (OH)","M-OH",0,0,1,"11:06","Rush",2,1,75,4,71,"Fred Russell (IOWA) rushed up the middle for 4 yards."
"222500193",2002,3,"193","Miami (OH)","M-OH","2294","Iowa","IOWA","2","3","2294","Iowa","IOWA","193","Miami (OH)","M-OH",0,0,1,"11:06","Pass Incompletion",1,10,71,0,71,"Brad Banks (IOWA) pass incomplete to the right side."
"222500193",2002,3,"193","Miami (OH)","M-OH","2294","Iowa","IOWA","2","4","2294","Iowa","IOWA","193","Miami (OH)","M-OH",0,0,1,"11:06","Rush",2,10,71,6,65,"Fred Russell (IOWA) rushed up the middle for 6 yards."
"222500193",2002,3,"193","Miami (OH)","M-OH","2294","Iowa","IOWA","2","5","2294","Iowa","IOWA","193","Miami (OH)","M-OH",0,0,1,"11:06","Pass Completion",3,4,65,11,54,"Brad Banks (IOWA) pass across the middle complete to Ed Hinkel (IOWA) for 11 yards."
"222500193",2002,3,"193","Miami (OH)","M-OH","2294","Iowa","IOWA","2","6","2294","Iowa","IOWA","193","Miami (OH)","M-OH",0,0,1,"8:56","Pass Completion",1,10,54,26,28,"Brad Banks (IOWA) pass left side complete to Maurice Brown (IOWA) for 26 yards."
"222500193",2002,3,"193","Miami (OH)","M-OH","2294","Iowa","IOWA","2","7","2294","Iowa","IOWA","193","Miami (OH)","M-OH",0,0,1,"8:56","Rush",1,10,28,8,20,"Fred Russell (IOWA) rushed right side for 8 yards."
"222500193",2002,3,"193","Miami (OH)","M-OH","2294","Iowa","IOWA","2","8","2294","Iowa","IOWA","193","Miami (OH)","M-OH",0,0,1,"8:16","Rush",2,2,20,4,16,"Fred Russell (IOWA) rushed up the middle for 4 yards."
"222500193",2002,3,"193","Miami (OH)","M-OH","2294","Iowa","IOWA","2","9","2294","Iowa","IOWA","193","Miami (OH)","M-OH",0,0,1,"8:06","Rush",1,10,16,6,10,"Fred Russell (IOWA) rushed left side for 6 yards."
"222500193",2002,3,"193","Miami (OH)","M-OH","2294","Iowa","IOWA","2","10","2294","Iowa","IOWA","193","Miami (OH)","M-OH",0,0,1,"7:06","Pass Completion",2,4,10,7,3,"Brad Banks (IOWA) pass left side complete to Ed Hinkel (IOWA) for 7 yards."
"222500193",2002,3,"193","Miami (OH)","M-OH","2294","Iowa","IOWA","2","11","2294","Iowa","IOWA","193","Miami (OH)","M-OH",0,0,1,"6:46","Rush",1,3,3,-1,4,"Fred Russell (IOWA) rushed up the middle for -1 yards."
"222500193",2002,3,"193","Miami (OH)","M-OH","2294","Iowa","IOWA","2","12","2294","Iowa","IOWA","193","Miami (OH)","M-OH",0,6,1,"6:06","Rush",2,4,4,4,0,"Fred Russell (IOWA) rushed up the middle for a 4 yard touchdown."
"222500193",2002,3,"193","Miami (OH)","M-OH","2294","Iowa","IOWA","2","13","2294","Iowa","IOWA","193","Miami (OH)","M-OH",0,7,1,"6:06","",0,0,0,0,0,"Extra point by Nate Kaeding (IOWA) is good."
"222500193",2002,3,"193","Miami (OH)","M-OH","2294","Iowa","IOWA","3","0","2294","Iowa","IOWA","193","Miami (OH)","M-OH",0,7,1,"5:50","Kickoff Return (Offense)",0,0,20,0,20,"Hawkeyes kickoff, touchback by RedHawks."
"222500193",2002,3,"193","Miami (OH)","M-OH","2294","Iowa","IOWA","4","0","193","Miami (OH)","M-OH","2294","Iowa","IOWA",0,7,1,"5:46","Pass Completion",1,10,20,7,27,"Ben Roethlisberger (MU) pass left side complete to Michael Larkin (MU) for 7 yards."
"222500193",2002,3,"193","Miami (OH)","M-OH","2294","Iowa","IOWA","4","1","193","Miami (OH)","M-OH","2294","Iowa","IOWA",0,7,1,"5:16","Pass Incompletion",2,3,27,0,27,"Ben Roethlisberger (MU) pass incomplete to the right side."
"222500193",2002,3,"193","Miami (OH)","M-OH","2294","Iowa","IOWA","4","2","193","Miami (OH)","M-OH","2294","Iowa","IOWA",0,7,1,"5:03","Pass Incompletion",3,3,27,0,27,"Ben Roethlisberger (MU) pass incomplete to the right side."
"222500193",2002,3,"193","Miami (OH)","M-OH","2294","Iowa","IOWA","4","3","193","Miami (OH)","M-OH","2294","Iowa","IOWA",0,7,1,"4:58","Punt Return",4,3,27,0,55,"Punt by Mike Wafzig (MU) no return by Hawkeyes."
"222500193",2002,3,"193","Miami (OH)","M-OH","2294","Iowa","IOWA","5","0","2294","Iowa","IOWA","193","Miami (OH)","M-OH",0,7,1,"4:47","Rush",1,10,55,1,54,"Fred Russell (IOWA) rushed right side for 1 yard."
"222500193",2002,3,"193","Miami (OH)","M-OH","2294","Iowa","IOWA","5","1","2294","Iowa","IOWA","193","Miami (OH)","M-OH",0,7,1,"4:07","Pass Incompletion",2,9,54,0,54,"Brad Banks (IOWA) pass incomplete to the left side."
"222500193",2002,3,"193","Miami (OH)","M-OH","2294","Iowa","IOWA","5","2","2294","Iowa","IOWA","193","Miami (OH)","M-OH",0,7,1,"4:07","Pass Completion",3,9,54,8,45,"Brad Banks (IOWA) pass across the middle complete to C.J. Jones (IOWA) for 8 yards."
"222500193",2002,3,"193","Miami (OH)","M-OH","2294","Iowa","IOWA","5","3","2294","Iowa","IOWA","193","Miami (OH)","M-OH",0,7,1,"4:07","Punt Return",4,1,45,0,20,"Punt by David Bradley (IOWA) no return by RedHawks."
"222500193",2002,3,"193","Miami (OH)","M-OH","2294","Iowa","IOWA","6","0","193","Miami (OH)","M-OH","2294","Iowa","IOWA",0,7,1,"2:57","Rush",1,10,20,7,27,"Calvin Murray (MU) rushed up the middle for 7 yards."
"222500193",2002,3,"193","Miami (OH)","M-OH","2294","Iowa","IOWA","6","1","193","Miami (OH)","M-OH","2294","Iowa","IOWA",0,7,1,"2:27","Pass Completion",2,3,27,11,38,"Ben Roethlisberger (MU) pass right side complete to Jason Branch (MU) for 11 yards."
"222500193",2002,3,"193","Miami (OH)","M-OH","2294","Iowa","IOWA","6","2","193","Miami (OH)","M-OH","2294","Iowa","IOWA",0,7,1,"2:17","Pass Completion",1,10,38,8,46,"Ben Roethlisberger (MU) pass left side complete to Andre Henderson (MU) for 8 yards."
"222500193",2002,3,"193","Miami (OH)","M-OH","2294","Iowa","IOWA","6","3","193","Miami (OH)","M-OH","2294","Iowa","IOWA",0,7,1,"1:37","Rush",2,2,46,7,53,"Mike Smith (MU) rushed up the middle for 7 yards."
"222500193",2002,3,"193","Miami (OH)","M-OH","2294","Iowa","IOWA","6","4","193","Miami (OH)","M-OH","2294","Iowa","IOWA",0,7,1,"1:17","Pass Completion",1,10,53,12,65,"Ben Roethlisberger (MU) pass left side complete to Mike Smith (MU) for 12 yards."
"222500193",2002,3,"193","Miami (OH)","M-OH","2294","Iowa","IOWA","6","5","193","Miami (OH)","M-OH","2294","Iowa","IOWA",0,7,1,"1:00","Pass Completion",1,10,65,17,82,"Ben Roethlisberger (MU) pass right side complete to Korey Kirkpatrick (MU) for 17 yards."
"222500193",2002,3,"193","Miami (OH)","M-OH","2294","Iowa","IOWA","6","6","193","Miami (OH)","M-OH","2294","Iowa","IOWA",0,7,1,"1:00","Pass Completion",1,10,82,12,94,"Ben Roethlisberger (MU) pass left side complete to Michael Larkin (MU) for 12 yards."
"222500193",2002,3,"193","Miami (OH)","M-OH","2294","Iowa","IOWA","6","7","193","Miami (OH)","M-OH","2294","Iowa","IOWA",0,7,1,"0:23","Timeout",1,6,94,0,94,"Television timeout; 00:23 remaining 1st quarter"
"222500193",2002,3,"193","Miami (OH)","M-OH","2294","Iowa","IOWA","6","8","193","Miami (OH)","M-OH","2294","Iowa","IOWA",0,7,1,"0:23","Rush",1,6,94,2,96,"Luke Clemens (MU) rushed up the middle for 2 yards."
"222500193",2002,3,"193","Miami (OH)","M-OH","2294","Iowa","IOWA","6","9","193","Miami (OH)","M-OH","2294","Iowa","IOWA",0,7,1,"0:00","End Period",2,4,96,0,96,"End of the 1st quarter."
"222500193",2002,3,"193","Miami (OH)","M-OH","2294","Iowa","IOWA","6","10","193","Miami (OH)","M-OH","2294","Iowa","IOWA",0,7,2,"15:00","",2,4,96,0,96,"Start of the 2nd quarter."
"222500193",2002,3,"193","Miami (OH)","M-OH","2294","Iowa","IOWA","6","11","193","Miami (OH)","M-OH","2294","Iowa","IOWA",0,7,2,"15:00","Penalty",2,4,96,-15,81,"15 yard penalty on RedHawks."
"222500193",2002,3,"193","Miami (OH)","M-OH","2294","Iowa","IOWA","6","12","193","Miami (OH)","M-OH","2294","Iowa","IOWA",0,7,2,"14:56","Pass Incompletion",2,19,81,0,81,"Ben Roethlisberger (MU) pass incomplete to the right side."
"222500193",2002,3,"193","Miami (OH)","M-OH","2294","Iowa","IOWA","6","13","193","Miami (OH)","M-OH","2294","Iowa","IOWA",0,7,2,"14:56","Pass Incompletion",3,19,81,0,81,"Ben Roethlisberger (MU) pass incomplete to the right side."
"222500193",2002,3,"193","Miami (OH)","M-OH","2294","Iowa","IOWA","6","14","193","Miami (OH)","M-OH","2294","Iowa","IOWA",3,7,2,"14:48","",4,19,81,36,81,"36 yard field goal by Jared Parseghian (MU) is good."
"222500193",2002,3,"193","Miami (OH)","M-OH","2294","Iowa","IOWA","7","0","193","Miami (OH)","M-OH","2294","Iowa","IOWA",3,7,2,"14:43","Kickoff Return (Offense)",1,0,95,19,76,"Kickoff returned by Jermelle Lewis (IOWA) for 19 yards."
"222500193",2002,3,"193","Miami (OH)","M-OH","2294","Iowa","IOWA","8","0","2294","Iowa","IOWA","193","Miami (OH)","M-OH",3,7,2,"14:34","Pass Completion",1,10,76,12,64,"Brad Banks (IOWA) pass left side complete to Ed Hinkel (IOWA) for 12 yards."
"222500193",2002,3,"193","Miami (OH)","M-OH","2294","Iowa","IOWA","8","1","2294","Iowa","IOWA","193","Miami (OH)","M-OH",3,7,2,"14:14","Rush",1,10,64,7,57,"Fred Russell (IOWA) rushed left side for 7 yards."
"222500193",2002,3,"193","Miami (OH)","M-OH","2294","Iowa","IOWA","8","2","2294","Iowa","IOWA","193","Miami (OH)","M-OH",3,7,2,"13:24","Rush",2,3,57,2,55,"Fred Russell (IOWA) rushed up the middle for 2 yards."
"222500193",2002,3,"193","Miami (OH)","M-OH","2294","Iowa","IOWA","8","3","2294","Iowa","IOWA","193","Miami (OH)","M-OH",3,7,2,"12:54","Rush",3,1,55,0,55,"Fred Russell (IOWA) rushed up the middle for no gain."
"222500193",2002,3,"193","Miami (OH)","M-OH","2294","Iowa","IOWA","8","4","2294","Iowa","IOWA","193","Miami (OH)","M-OH",3,7,2,"12:54","Punt Return",4,1,55,0,6,"Punt by David Bradley (IOWA) returned by Eddie Tillitz (MU) to the RedHawks 6 for no gain."
"222500193",2002,3,"193","Miami (OH)","M-OH","2294","Iowa","IOWA","9","0","193","Miami (OH)","M-OH","2294","Iowa","IOWA",3,7,2,"12:00","Rush",1,10,6,0,6,"Calvin Murray (MU) rushed up the middle for no gain."
"222500193",2002,3,"193","Miami (OH)","M-OH","2294","Iowa","IOWA","9","1","193","Miami (OH)","M-OH","2294","Iowa","IOWA",3,7,2,"11:30","Pass Interception",2,10,6,0,22,"Ben Roethlisberger (MU) pass left side intercepted by Derek Pagel (IOWA). Returned for no gain."
"222500193",2002,3,"193","Miami (OH)","M-OH","2294","Iowa","IOWA","10","0","2294","Iowa","IOWA","193","Miami (OH)","M-OH",3,7,2,"11:17","Rush",1,10,22,1,21,"Fred Russell (IOWA) rushed up the middle for 1 yard."
"222500193",2002,3,"193","Miami (OH)","M-OH","2294","Iowa","IOWA","10","1","2294","Iowa","IOWA","193","Miami (OH)","M-OH",3,7,2,"11:17","Pass Completion",2,9,21,1,20,"Brad Banks (IOWA) pass right side complete to Dallas Clark (IOWA) for 1 yard."
"222500193",2002,3,"193","Miami (OH)","M-OH","2294","Iowa","IOWA","10","2","2294","Iowa","IOWA","193","Miami (OH)","M-OH",3,7,2,"10:04","Timeout",3,8,20,0,20,"Television timeout; 10:04 remaining 2nd quarter"
"222500193",2002,3,"193","Miami (OH)","M-OH","2294","Iowa","IOWA","10","3","2294","Iowa","IOWA","193","Miami (OH)","M-OH",3,7,2,"10:04","Pass Incompletion",3,8,20,0,20,"Brad Banks (IOWA) pass incomplete to the right side."
"222500193",2002,3,"193","Miami (OH)","M-OH","2294","Iowa","IOWA","10","4","2294","Iowa","IOWA","193","Miami (OH)","M-OH",3,10,2,"10:00","",4,8,20,37,20,"37 yard field goal by Nate Kaeding (IOWA) is good."
"222500193",2002,3,"193","Miami (OH)","M-OH","2294","Iowa","IOWA","11","0","2294","Iowa","IOWA","193","Miami (OH)","M-OH",3,10,2,"9:55","Kickoff Return (Offense)",1,0,20,0,20,"Hawkeyes kickoff, touchback by RedHawks."
"222500193",2002,3,"193","Miami (OH)","M-OH","2294","Iowa","IOWA","12","0","193","Miami (OH)","M-OH","2294","Iowa","IOWA",3,10,2,"9:50","Pass Completion",1,10,20,5,25,"Ben Roethlisberger (MU) pass right side complete to Michael Larkin (MU) for 5 yards."
"222500193",2002,3,"193","Miami (OH)","M-OH","2294","Iowa","IOWA","12","1","193","Miami (OH)","M-OH","2294","Iowa","IOWA",3,10,2,"9:20","Pass Completion",2,5,25,11,36,"Ben Roethlisberger (MU) pass across the middle complete to Michael Larkin (MU) for 11 yards."
"222500193",2002,3,"193","Miami (OH)","M-OH","2294","Iowa","IOWA","12","2","193","Miami (OH)","M-OH","2294","Iowa","IOWA",3,10,2,"9:10","Rush",1,10,36,2,37,"Luke Clemens (MU) rushed up the middle for 2 yards."
"222500193",2002,3,"193","Miami (OH)","M-OH","2294","Iowa","IOWA","12","3","193","Miami (OH)","M-OH","2294","Iowa","IOWA",3,10,2,"8:20","Pass Completion",2,8,37,12,49,"Ben Roethlisberger (MU) pass across the middle complete to Michael Larkin (MU) for 12 yards."
"222500193",2002,3,"193","Miami (OH)","M-OH","2294","Iowa","IOWA","12","4","193","Miami (OH)","M-OH","2294","Iowa","IOWA",3,10,2,"8:00","Pass Incompletion",1,10,49,0,49,"Ben Roethlisberger (MU) pass incomplete to the right side."
"222500193",2002,3,"193","Miami (OH)","M-OH","2294","Iowa","IOWA","12","5","193","Miami (OH)","M-OH","2294","Iowa","IOWA",3,10,2,"7:45","Pass Completion",2,10,49,16,65,"Ben Roethlisberger (MU) pass across the middle complete to Matt Brandt (MU) for 16 yards."
"222500193",2002,3,"193","Miami (OH)","M-OH","2294","Iowa","IOWA","12","6","193","Miami (OH)","M-OH","2294","Iowa","IOWA",3,10,2,"7:45","Rush",1,10,65,0,65,"Calvin Murray (MU) rushed up the middle for no gain."
"222500193",2002,3,"193","Miami (OH)","M-OH","2294","Iowa","IOWA","12","7","193","Miami (OH)","M-OH","2294","Iowa","IOWA",3,10,2,"7:45","Pass Completion",2,10,65,9,74,"Ben Roethlisberger (MU) pass left side complete to Matt Brandt (MU) for 9 yards."
"222500193",2002,3,"193","Miami (OH)","M-OH","2294","Iowa","IOWA","12","8","193","Miami (OH)","M-OH","2294","Iowa","IOWA",3,10,2,"5:54","Timeout",3,1,74,0,74,"Television timeout; 05:54 remaining 2nd quarter"
"222500193",2002,3,"193","Miami (OH)","M-OH","2294","Iowa","IOWA","12","9","193","Miami (OH)","M-OH","2294","Iowa","IOWA",9,10,2,"5:54","Pass Completion",3,1,74,26,100,"Ben Roethlisberger (MU) pass across the middle complete to Michael Larkin (MU) for a 26 yard touchdown."
"222500193",2002,3,"193","Miami (OH)","M-OH","2294","Iowa","IOWA","12","10","193","Miami (OH)","M-OH","2294","Iowa","IOWA",10,10,2,"5:54","",0,0,0,0,0,"Extra point by Jared Parseghian (MU) is good."
"222500193",2002,3,"193","Miami (OH)","M-OH","2294","Iowa","IOWA","13","0","193","Miami (OH)","M-OH","2294","Iowa","IOWA",10,10,2,"5:44","Kickoff Return (Offense)",0,0,98,28,70,"Kickoff returned by C.J. Jones (IOWA) for 28 yards."
"222500193",2002,3,"193","Miami (OH)","M-OH","2294","Iowa","IOWA","14","0","2294","Iowa","IOWA","193","Miami (OH)","M-OH",10,10,2,"5:33","Rush",1,10,70,7,63,"Fred Russell (IOWA) rushed up the middle for 7 yards."
"222500193",2002,3,"193","Miami (OH)","M-OH","2294","Iowa","IOWA","14","1","2294","Iowa","IOWA","193","Miami (OH)","M-OH",10,10,2,"5:23","Rush",2,3,63,6,57,"Fred Russell (IOWA) rushed up the middle for 6 yards."
"222500193",2002,3,"193","Miami (OH)","M-OH","2294","Iowa","IOWA","14","2","2294","Iowa","IOWA","193","Miami (OH)","M-OH",10,10,2,"4:43","Pass Incompletion",1,10,57,0,57,"Brad Banks (IOWA) pass incomplete across the middle."
"222500193",2002,3,"193","Miami (OH)","M-OH","2294","Iowa","IOWA","14","3","2294","Iowa","IOWA","193","Miami (OH)","M-OH",10,10,2,"4:18","Rush",2,10,57,9,48,"Fred Russell (IOWA) rushed left side for 9 yards."
"222500193",2002,3,"193","Miami (OH)","M-OH","2294","Iowa","IOWA","14","4","2294","Iowa","IOWA","193","Miami (OH)","M-OH",10,10,2,"4:11","Pass Completion",3,1,48,11,37,"Brad Banks (IOWA) pass right side complete to Maurice Brown (IOWA) for 11 yards."
"222500193",2002,3,"193","Miami (OH)","M-OH","2294","Iowa","IOWA","14","5","2294","Iowa","IOWA","193","Miami (OH)","M-OH",10,10,2,"4:04","Rush",1,10,37,9,28,"Fred Russell (IOWA) rushed up the middle for 9 yards."
"222500193",2002,3,"193","Miami (OH)","M-OH","2294","Iowa","IOWA","14","6","2294","Iowa","IOWA","193","Miami (OH)","M-OH",10,10,2,"3:34","Penalty",2,1,28,-10,38,"10 yard penalty on Hawkeyes."
"222500193",2002,3,"193","Miami (OH)","M-OH","2294","Iowa","IOWA","14","7","2294","Iowa","IOWA","193","Miami (OH)","M-OH",10,10,2,"3:34","Pass Completion",2,11,38,7,31,"Brad Banks (IOWA) pass left side complete to Clinton Solomon (IOWA) for 7 yards."
"222500193",2002,3,"193","Miami (OH)","M-OH","2294","Iowa","IOWA","14","8","2294","Iowa","IOWA","193","Miami (OH)","M-OH",10,10,2,"2:44","Pass Completion",3,4,31,18,13,"Brad Banks (IOWA) pass left side complete to Clinton Solomon (IOWA) for 18 yards."
"222500193",2002,3,"193","Miami (OH)","M-OH","2294","Iowa","IOWA","14","9","2294","Iowa","IOWA","193","Miami (OH)","M-OH",10,10,2,"2:35","Rush",1,10,13,3,10,"Fred Russell (IOWA) rushed up the middle for 3 yards."
"222500193",2002,3,"193","Miami (OH)","M-OH","2294","Iowa","IOWA","14","10","2294","Iowa","IOWA","193","Miami (OH)","M-OH",10,10,2,"1:25","Pass Incompletion",2,7,10,0,10,"Brad Banks (IOWA) pass incomplete to the left side."
"222500193",2002,3,"193","Miami (OH)","M-OH","2294","Iowa","IOWA","14","11","2294","Iowa","IOWA","193","Miami (OH)","M-OH",10,10,2,"1:06","Pass Incompletion",3,7,10,0,10,"Brad Banks (IOWA) pass incomplete across the middle."
"222500193",2002,3,"193","Miami (OH)","M-OH","2294","Iowa","IOWA","14","12","2294","Iowa","IOWA","193","Miami (OH)","M-OH",10,10,2,"1:05","Timeout",4,7,10,0,10,"Television timeout; 01:05 remaining 2nd quarter"
"222500193",2002,3,"193","Miami (OH)","M-OH","2294","Iowa","IOWA","14","13","2294","Iowa","IOWA","193","Miami (OH)","M-OH",10,13,2,"1:05","",4,7,10,27,10,"27 yard field goal by Nate Kaeding (IOWA) is good."
"222500193",2002,3,"193","Miami (OH)","M-OH","2294","Iowa","IOWA","15","0","2294","Iowa","IOWA","193","Miami (OH)","M-OH",10,13,2,"1:01","Kickoff Return (Offense)",1,0,2,18,20,"Kickoff returned by Milt Bowen (MU) for 18 yards."
"222500193",2002,3,"193","Miami (OH)","M-OH","2294","Iowa","IOWA","16","0","193","Miami (OH)","M-OH","2294","Iowa","IOWA",10,13,2,"0:52","Rush",1,10,20,3,23,"Ben Roethlisberger (MU) rushed up the middle for 3 yards."
"222500193",2002,3,"193","Miami (OH)","M-OH","2294","Iowa","IOWA","16","1","193","Miami (OH)","M-OH","2294","Iowa","IOWA",10,13,2,"0:52","Penalty",2,7,23,15,38,"15 yard penalty on Hawkeyes."
"222500193",2002,3,"193","Miami (OH)","M-OH","2294","Iowa","IOWA","16","2","193","Miami (OH)","M-OH","2294","Iowa","IOWA",10,13,2,"0:52","Pass Incompletion",1,10,38,0,38,"Ben Roethlisberger (MU) pass incomplete to the left side."
"222500193",2002,3,"193","Miami (OH)","M-OH","2294","Iowa","IOWA","16","3","193","Miami (OH)","M-OH","2294","Iowa","IOWA",10,13,2,"0:39","Rush",2,10,38,-7,31,"Ben Roethlisberger (MU) rushed up the middle for -7 yards."
"222500193",2002,3,"193","Miami (OH)","M-OH","2294","Iowa","IOWA","16","4","193","Miami (OH)","M-OH","2294","Iowa","IOWA",10,13,2,"0:00","End Period",3,17,31,0,31,"End of the 2nd quarter."
"222500193",2002,3,"193","Miami (OH)","M-OH","2294","Iowa","IOWA","17","1","193","Miami (OH)","M-OH","2294","Iowa","IOWA",10,13,3,"15:00","Kickoff Return (Offense)",0,0,90,16,74,"Kickoff returned by C.J. Jones (IOWA) for 16 yards."
"222500193",2002,3,"193","Miami (OH)","M-OH","2294","Iowa","IOWA","18","0","2294","Iowa","IOWA","193","Miami (OH)","M-OH",10,13,3,"14:51","Rush",1,10,74,3,71,"Fred Russell (IOWA) rushed up the middle for 3 yards."
"222500193",2002,3,"193","Miami (OH)","M-OH","2294","Iowa","IOWA","18","1","2294","Iowa","IOWA","193","Miami (OH)","M-OH",10,13,3,"14:51","Pass Incompletion",2,7,71,0,71,"Brad Banks (IOWA) pass incomplete across the middle."
"222500193",2002,3,"193","Miami (OH)","M-OH","2294","Iowa","IOWA","18","2","2294","Iowa","IOWA","193","Miami (OH)","M-OH",10,13,3,"14:06","Pass Completion",3,7,71,6,65,"Brad Banks (IOWA) pass across the middle complete to Dallas Clark (IOWA) for 6 yards."
"222500193",2002,3,"193","Miami (OH)","M-OH","2294","Iowa","IOWA","18","3","2294","Iowa","IOWA","193","Miami (OH)","M-OH",10,13,3,"13:26","Punt Return",4,1,65,5,15,"Punt by David Bradley (IOWA) returned 5 yards by Eddie Tillitz (MU) to the RedHawks 15."
"222500193",2002,3,"193","Miami (OH)","M-OH","2294","Iowa","IOWA","19","0","193","Miami (OH)","M-OH","2294","Iowa","IOWA",10,13,3,"13:26","Pass Completion",1,10,15,4,20,"Ben Roethlisberger (MU) pass left side complete to Matt Brandt (MU) for 4 yards."
"222500193",2002,3,"193","Miami (OH)","M-OH","2294","Iowa","IOWA","19","1","193","Miami (OH)","M-OH","2294","Iowa","IOWA",10,13,3,"12:36","Rush",2,6,20,3,23,"Calvin Murray (MU) rushed up the middle for 3 yards."
"222500193",2002,3,"193","Miami (OH)","M-OH","2294","Iowa","IOWA","19","2","193","Miami (OH)","M-OH","2294","Iowa","IOWA",10,13,3,"12:06","Pass Incompletion",3,3,23,0,23,"Ben Roethlisberger (MU) pass incomplete across the middle."
"222500193",2002,3,"193","Miami (OH)","M-OH","2294","Iowa","IOWA","19","3","193","Miami (OH)","M-OH","2294","Iowa","IOWA",10,13,3,"11:58","Punt Return",4,3,23,0,71,"Punt by Mike Wafzig (MU) no return by Hawkeyes."
"222500193",2002,3,"193","Miami (OH)","M-OH","2294","Iowa","IOWA","20","0","2294","Iowa","IOWA","193","Miami (OH)","M-OH",10,13,3,"11:58","Pass Completion",1,10,71,1,70,"Brad Banks (IOWA) pass right side complete to Ed Hinkel (IOWA) for 1 yard."
"222500193",2002,3,"193","Miami (OH)","M-OH","2294","Iowa","IOWA","20","1","2294","Iowa","IOWA","193","Miami (OH)","M-OH",10,13,3,"11:58","Rush",2,9,70,1,69,"Brad Banks (IOWA) rushed up the middle for 1 yard."
"222500193",2002,3,"193","Miami (OH)","M-OH","2294","Iowa","IOWA","20","2","2294","Iowa","IOWA","193","Miami (OH)","M-OH",10,13,3,"10:30","Pass Completion",3,8,69,11,58,"Brad Banks (IOWA) pass left side complete to Clinton Solomon (IOWA) for 11 yards."
"222500193",2002,3,"193","Miami (OH)","M-OH","2294","Iowa","IOWA","20","3","2294","Iowa","IOWA","193","Miami (OH)","M-OH",10,13,3,"10:30","Rush",1,10,58,1,57,"Fred Russell (IOWA) rushed right side for 1 yard."
"222500193",2002,3,"193","Miami (OH)","M-OH","2294","Iowa","IOWA","20","4","2294","Iowa","IOWA","193","Miami (OH)","M-OH",10,13,3,"10:30","Rush",2,9,57,-4,61,"Fred Russell (IOWA) rushed up the middle for -4 yards."
"222500193",2002,3,"193","Miami (OH)","M-OH","2294","Iowa","IOWA","20","5","2294","Iowa","IOWA","193","Miami (OH)","M-OH",10,13,3,"8:30","Pass Completion",3,13,61,27,34,"Brad Banks (IOWA) pass across the middle complete to Maurice Brown (IOWA) for 27 yards."
"222500193",2002,3,"193","Miami (OH)","M-OH","2294","Iowa","IOWA","20","6","2294","Iowa","IOWA","193","Miami (OH)","M-OH",10,13,3,"8:30","Rush",1,10,34,-1,35,"Fred Russell (IOWA) rushed up the middle for -1 yards."
"222500193",2002,3,"193","Miami (OH)","M-OH","2294","Iowa","IOWA","20","7","2294","Iowa","IOWA","193","Miami (OH)","M-OH",10,13,3,"7:50","Pass Completion",2,11,35,3,32,"Brad Banks (IOWA) pass left side complete to Dallas Clark (IOWA) for 3 yards."
"222500193",2002,3,"193","Miami (OH)","M-OH","2294","Iowa","IOWA","20","8","2294","Iowa","IOWA","193","Miami (OH)","M-OH",10,13,3,"7:10","Rush",3,8,32,0,32,"Brad Banks (IOWA) rushed right side for no gain."
"222500193",2002,3,"193","Miami (OH)","M-OH","2294","Iowa","IOWA","20","9","2294","Iowa","IOWA","193","Miami (OH)","M-OH",10,16,3,"6:58","",4,8,32,49,32,"49 yard field goal by Nate Kaeding (IOWA) is good."
"222500193",2002,3,"193","Miami (OH)","M-OH","2294","Iowa","IOWA","21","0","2294","Iowa","IOWA","193","Miami (OH)","M-OH",10,16,3,"6:40","Kickoff Return (Offense)",1,0,3,29,32,"Kickoff returned by Milt Bowen (MU) for 29 yards."
"222500193",2002,3,"193","Miami (OH)","M-OH","2294","Iowa","IOWA","22","0","193","Miami (OH)","M-OH","2294","Iowa","IOWA",10,16,3,"6:24","Pass Completion",1,10,32,6,38,"Ben Roethlisberger (MU) pass across the middle complete to Andre Henderson (MU) for 6 yards."
"222500193",2002,3,"193","Miami (OH)","M-OH","2294","Iowa","IOWA","22","1","193","Miami (OH)","M-OH","2294","Iowa","IOWA",10,16,3,"6:24","Pass Completion",2,4,38,11,49,"Ben Roethlisberger (MU) pass left side complete to Jason Branch (MU) for 11 yards."
"222500193",2002,3,"193","Miami (OH)","M-OH","2294","Iowa","IOWA","22","2","193","Miami (OH)","M-OH","2294","Iowa","IOWA",10,16,3,"5:44","Rush",1,10,49,-1,48,"Luke Clemens (MU) rushed left side for -1 yards."
"222500193",2002,3,"193","Miami (OH)","M-OH","2294","Iowa","IOWA","22","3","193","Miami (OH)","M-OH","2294","Iowa","IOWA",10,16,3,"4:54","Pass Incompletion",2,11,48,0,48,"Ben Roethlisberger (MU) pass incomplete to the left side."
"222500193",2002,3,"193","Miami (OH)","M-OH","2294","Iowa","IOWA","22","4","193","Miami (OH)","M-OH","2294","Iowa","IOWA",10,16,3,"4:48","Timeout",3,11,48,0,48,"Television timeout; 04:48 remaining 3rd quarter"
"222500193",2002,3,"193","Miami (OH)","M-OH","2294","Iowa","IOWA","22","5","193","Miami (OH)","M-OH","2294","Iowa","IOWA",10,16,3,"4:48","Rush",3,11,48,-3,45,"Ben Roethlisberger (MU) rushed up the middle for -3 yards."
"222500193",2002,3,"193","Miami (OH)","M-OH","2294","Iowa","IOWA","22","6","193","Miami (OH)","M-OH","2294","Iowa","IOWA",10,16,3,"4:48","Punt Return",4,14,45,0,80,"Punt by Mike Wafzig (MU) returned by Ed Hinkel (IOWA) to the Hawkeyes 20 for no gain."
"222500193",2002,3,"193","Miami (OH)","M-OH","2294","Iowa","IOWA","23","0","2294","Iowa","IOWA","193","Miami (OH)","M-OH",10,16,3,"4:48","Fumble Recovery (Opponent)",1,10,80,0,78,"Hawkeyes fumble by Ed Hinkel (IOWA), recovered by Korey Kirkpatrick (MU), returned for no gain."
"222500193",2002,3,"193","Miami (OH)","M-OH","2294","Iowa","IOWA","24","0","193","Miami (OH)","M-OH","2294","Iowa","IOWA",10,16,3,"3:55","Pass Incompletion",1,10,78,0,78,"Ben Roethlisberger (MU) pass incomplete to the right side."
"222500193",2002,3,"193","Miami (OH)","M-OH","2294","Iowa","IOWA","24","1","193","Miami (OH)","M-OH","2294","Iowa","IOWA",10,16,3,"3:50","Rush",2,10,78,-4,74,"Ben Roethlisberger (MU) rushed up the middle for -4 yards."
"222500193",2002,3,"193","Miami (OH)","M-OH","2294","Iowa","IOWA","24","2","193","Miami (OH)","M-OH","2294","Iowa","IOWA",10,16,3,"3:20","Pass Completion",3,14,74,24,98,"Ben Roethlisberger (MU) pass across the middle complete to Mike Iriti (MU) for 24 yards."
"222500193",2002,3,"193","Miami (OH)","M-OH","2294","Iowa","IOWA","24","3","193","Miami (OH)","M-OH","2294","Iowa","IOWA",16,16,3,"3:20","Fumble Recovery (Own)",1,2,98,0,100,"RedHawks fumble by Mike Iriti (MU), recovered by Calvin Murray (MU), advanced for a 0 yard touchdown."
"222500193",2002,3,"193","Miami (OH)","M-OH","2294","Iowa","IOWA","24","4","193","Miami (OH)","M-OH","2294","Iowa","IOWA",17,16,3,"3:20","",0,0,0,0,0,"Extra point by Jared Parseghian (MU) is good."
"222500193",2002,3,"193","Miami (OH)","M-OH","2294","Iowa","IOWA","25","0","193","Miami (OH)","M-OH","2294","Iowa","IOWA",17,16,3,"3:02","Kickoff Return (Offense)",0,0,95,28,67,"Kickoff returned by Jermelle Lewis (IOWA) for 28 yards."
"222500193",2002,3,"193","Miami (OH)","M-OH","2294","Iowa","IOWA","26","0","2294","Iowa","IOWA","193","Miami (OH)","M-OH",17,16,3,"2:51","Pass Completion",1,10,67,8,59,"Brad Banks (IOWA) pass right side complete to C.J. Jones (IOWA) for 8 yards."
"222500193",2002,3,"193","Miami (OH)","M-OH","2294","Iowa","IOWA","26","1","2294","Iowa","IOWA","193","Miami (OH)","M-OH",17,16,3,"2:51","Rush",2,2,59,9,50,"Fred Russell (IOWA) rushed up the middle for 9 yards."
"222500193",2002,3,"193","Miami (OH)","M-OH","2294","Iowa","IOWA","26","2","2294","Iowa","IOWA","193","Miami (OH)","M-OH",17,16,3,"2:51","Pass Completion",1,10,50,38,12,"Brad Banks (IOWA) pass right side complete to Maurice Brown (IOWA) for 38 yards."
"222500193",2002,3,"193","Miami (OH)","M-OH","2294","Iowa","IOWA","26","3","2294","Iowa","IOWA","193","Miami (OH)","M-OH",17,22,3,"2:51","Rush",1,10,12,12,0,"Jermelle Lewis (IOWA) rushed up the middle for a 12 yard touchdown."
"222500193",2002,3,"193","Miami (OH)","M-OH","2294","Iowa","IOWA","26","4","2294","Iowa","IOWA","193","Miami (OH)","M-OH",17,22,3,"2:51","Two Point Pass",1,0,0,0,0,"2 point pass from Brad Banks (IOWA) to Maurice Brown (IOWA) is no good."
"222500193",2002,3,"193","Miami (OH)","M-OH","2294","Iowa","IOWA","27","0","2294","Iowa","IOWA","193","Miami (OH)","M-OH",17,22,3,"1:29","Kickoff Return (Offense)",1,0,20,0,20,"Hawkeyes kickoff, touchback by RedHawks."
"222500193",2002,3,"193","Miami (OH)","M-OH","2294","Iowa","IOWA","28","0","193","Miami (OH)","M-OH","2294","Iowa","IOWA",17,22,3,"1:25","Pass Completion",1,10,20,7,27,"Ben Roethlisberger (MU) pass right side complete to Luke Clemens (MU) for 7 yards."
"222500193",2002,3,"193","Miami (OH)","M-OH","2294","Iowa","IOWA","28","1","193","Miami (OH)","M-OH","2294","Iowa","IOWA",17,22,3,"0:45","Rush",2,3,27,8,35,"Luke Clemens (MU) rushed up the middle for 8 yards."
"222500193",2002,3,"193","Miami (OH)","M-OH","2294","Iowa","IOWA","28","2","193","Miami (OH)","M-OH","2294","Iowa","IOWA",17,22,3,"0:45","Pass Completion",1,10,35,10,45,"Ben Roethlisberger (MU) pass left side complete to Korey Kirkpatrick (MU) for 10 yards."
"222500193",2002,3,"193","Miami (OH)","M-OH","2294","Iowa","IOWA","28","3","193","Miami (OH)","M-OH","2294","Iowa","IOWA",17,22,3,"0:00","End Period",1,10,45,0,45,"End of the 3rd quarter."
"222500193",2002,3,"193","Miami (OH)","M-OH","2294","Iowa","IOWA","28","4","193","Miami (OH)","M-OH","2294","Iowa","IOWA",17,22,4,"15:00","",1,10,45,0,45,"Start of the 4th quarter."
"222500193",2002,3,"193","Miami (OH)","M-OH","2294","Iowa","IOWA","28","5","193","Miami (OH)","M-OH","2294","Iowa","IOWA",17,22,4,"15:00","Rush",1,10,45,2,47,"Luke Clemens (MU) rushed up the middle for 2 yards."
"222500193",2002,3,"193","Miami (OH)","M-OH","2294","Iowa","IOWA","28","6","193","Miami (OH)","M-OH","2294","Iowa","IOWA",17,22,4,"15:00","Pass Incompletion",2,8,47,0,47,"Ben Roethlisberger (MU) pass incomplete to the right side."
"222500193",2002,3,"193","Miami (OH)","M-OH","2294","Iowa","IOWA","28","7","193","Miami (OH)","M-OH","2294","Iowa","IOWA",17,22,4,"15:00","Rush",3,8,47,-8,39,"Ben Roethlisberger (MU) rushed up the middle for -8 yards."
"222500193",2002,3,"193","Miami (OH)","M-OH","2294","Iowa","IOWA","28","8","193","Miami (OH)","M-OH","2294","Iowa","IOWA",17,22,4,"13:36","Punt Return",4,16,39,14,67,"Punt by Mike Wafzig (MU) returned 14 yards by Ed Hinkel (IOWA) to the Hawkeyes 33."
"222500193",2002,3,"193","Miami (OH)","M-OH","2294","Iowa","IOWA","29","0","2294","Iowa","IOWA","193","Miami (OH)","M-OH",17,22,4,"13:36","Rush",1,10,67,1,66,"Fred Russell (IOWA) rushed up the middle for 1 yard."
"222500193",2002,3,"193","Miami (OH)","M-OH","2294","Iowa","IOWA","29","1","2294","Iowa","IOWA","193","Miami (OH)","M-OH",17,22,4,"13:06","Pass Incompletion",2,9,66,0,66,"Brad Banks (IOWA) pass incomplete to the right side."
"222500193",2002,3,"193","Miami (OH)","M-OH","2294","Iowa","IOWA","29","2","2294","Iowa","IOWA","193","Miami (OH)","M-OH",17,22,4,"12:57","Pass Completion",3,9,66,13,53,"Brad Banks (IOWA) pass left side complete to Maurice Brown (IOWA) for 13 yards."
"222500193",2002,3,"193","Miami (OH)","M-OH","2294","Iowa","IOWA","29","3","2294","Iowa","IOWA","193","Miami (OH)","M-OH",17,22,4,"12:37","Rush",1,10,53,5,48,"Fred Russell (IOWA) rushed up the middle for 5 yards."
"222500193",2002,3,"193","Miami (OH)","M-OH","2294","Iowa","IOWA","29","4","2294","Iowa","IOWA","193","Miami (OH)","M-OH",17,28,4,"12:17","Pass Completion",2,5,48,48,0,"Brad Banks (IOWA) pass right side complete to C.J. Jones (IOWA) for a 48 yard touchdown."
"222500193",2002,3,"193","Miami (OH)","M-OH","2294","Iowa","IOWA","29","5","2294","Iowa","IOWA","193","Miami (OH)","M-OH",17,29,4,"12:17","",0,0,0,0,0,"Extra point by Nate Kaeding (IOWA) is good."
"222500193",2002,3,"193","Miami (OH)","M-OH","2294","Iowa","IOWA","30","0","2294","Iowa","IOWA","193","Miami (OH)","M-OH",17,29,4,"11:44","Kickoff Return (Offense)",0,0,1,14,15,"Kickoff returned by Milt Bowen (MU) for 14 yards."
"222500193",2002,3,"193","Miami (OH)","M-OH","2294","Iowa","IOWA","31","0","193","Miami (OH)","M-OH","2294","Iowa","IOWA",17,29,4,"11:33","Pass Completion",1,10,15,7,22,"Ben Roethlisberger (MU) pass right side complete to Jason Branch (MU) for 7 yards."
"222500193",2002,3,"193","Miami (OH)","M-OH","2294","Iowa","IOWA","31","1","193","Miami (OH)","M-OH","2294","Iowa","IOWA",17,29,4,"11:03","Pass Incompletion",2,3,22,0,22,"Ben Roethlisberger (MU) pass incomplete across the middle."
"222500193",2002,3,"193","Miami (OH)","M-OH","2294","Iowa","IOWA","31","2","193","Miami (OH)","M-OH","2294","Iowa","IOWA",17,29,4,"10:55","Penalty",3,3,22,10,32,"10 yard penalty on Hawkeyes."
"222500193",2002,3,"193","Miami (OH)","M-OH","2294","Iowa","IOWA","31","3","193","Miami (OH)","M-OH","2294","Iowa","IOWA",17,29,4,"10:55","Pass Completion",1,10,32,1,34,"Ben Roethlisberger (MU) pass right side complete to Korey Kirkpatrick (MU) for 1 yard."
"222500193",2002,3,"193","Miami (OH)","M-OH","2294","Iowa","IOWA","31","4","193","Miami (OH)","M-OH","2294","Iowa","IOWA",17,29,4,"10:55","Penalty",2,9,34,15,49,"15 yard penalty on Hawkeyes."
"222500193",2002,3,"193","Miami (OH)","M-OH","2294","Iowa","IOWA","31","5","193","Miami (OH)","M-OH","2294","Iowa","IOWA",17,29,4,"10:12","Penalty",1,10,49,15,64,"15 yard penalty on Hawkeyes."
"222500193",2002,3,"193","Miami (OH)","M-OH","2294","Iowa","IOWA","31","6","193","Miami (OH)","M-OH","2294","Iowa","IOWA",17,29,4,"10:12","Pass Completion",1,10,64,1,65,"Ben Roethlisberger (MU) pass left side complete to Mike Iriti (MU) for 1 yard."
"222500193",2002,3,"193","Miami (OH)","M-OH","2294","Iowa","IOWA","31","7","193","Miami (OH)","M-OH","2294","Iowa","IOWA",17,29,4,"9:42","Pass Completion",2,9,65,9,74,"Ben Roethlisberger (MU) pass right side complete to Andre Henderson (MU) for 9 yards."
"222500193",2002,3,"193","Miami (OH)","M-OH","2294","Iowa","IOWA","31","8","193","Miami (OH)","M-OH","2294","Iowa","IOWA",17,29,4,"9:07","Penalty",1,10,74,-10,64,"10 yard penalty on RedHawks."
"222500193",2002,3,"193","Miami (OH)","M-OH","2294","Iowa","IOWA","31","9","193","Miami (OH)","M-OH","2294","Iowa","IOWA",17,29,4,"8:50","Pass Completion",1,20,64,9,73,"Ben Roethlisberger (MU) pass left side complete to Mike Iriti (MU) for 9 yards."
"222500193",2002,3,"193","Miami (OH)","M-OH","2294","Iowa","IOWA","31","10","193","Miami (OH)","M-OH","2294","Iowa","IOWA",17,29,4,"8:20","Pass Incompletion",2,11,73,0,73,"Ben Roethlisberger (MU) pass incomplete to the right side."
"222500193",2002,3,"193","Miami (OH)","M-OH","2294","Iowa","IOWA","31","11","193","Miami (OH)","M-OH","2294","Iowa","IOWA",17,29,4,"8:10","Pass Completion",3,11,73,15,88,"Ben Roethlisberger (MU) pass right side complete to Andre Henderson (MU) for 15 yards."
"222500193",2002,3,"193","Miami (OH)","M-OH","2294","Iowa","IOWA","31","12","193","Miami (OH)","M-OH","2294","Iowa","IOWA",17,29,4,"8:10","Pass Incompletion",1,10,88,0,88,"Ben Roethlisberger (MU) pass incomplete to the left side."
"222500193",2002,3,"193","Miami (OH)","M-OH","2294","Iowa","IOWA","31","13","193","Miami (OH)","M-OH","2294","Iowa","IOWA",17,29,4,"8:10","Pass Incompletion",2,10,88,0,88,"Ben Roethlisberger (MU) pass incomplete to the left side."
"222500193",2002,3,"193","Miami (OH)","M-OH","2294","Iowa","IOWA","31","14","193","Miami (OH)","M-OH","2294","Iowa","IOWA",17,29,4,"8:10","Pass Incompletion",3,10,88,0,88,"Ben Roethlisberger (MU) pass incomplete to the right side."
"222500193",2002,3,"193","Miami (OH)","M-OH","2294","Iowa","IOWA","31","15","193","Miami (OH)","M-OH","2294","Iowa","IOWA",17,29,4,"8:03","Timeout",4,10,88,0,88,"Television timeout; 08:03 remaining 4th quarter"
"222500193",2002,3,"193","Miami (OH)","M-OH","2294","Iowa","IOWA","31","16","193","Miami (OH)","M-OH","2294","Iowa","IOWA",17,29,4,"8:03","Pass Incompletion",4,10,88,0,88,"Ben Roethlisberger (MU) pass incomplete to the left side.; turnover on downs."
"222500193",2002,3,"193","Miami (OH)","M-OH","2294","Iowa","IOWA","32","0","2294","Iowa","IOWA","193","Miami (OH)","M-OH",17,29,4,"8:03","Rush",1,10,88,5,83,"Fred Russell (IOWA) rushed up the middle for 5 yards."
"222500193",2002,3,"193","Miami (OH)","M-OH","2294","Iowa","IOWA","32","1","2294","Iowa","IOWA","193","Miami (OH)","M-OH",17,29,4,"7:23","Rush",2,5,83,0,83,"Fred Russell (IOWA) rushed left side for no gain."
"222500193",2002,3,"193","Miami (OH)","M-OH","2294","Iowa","IOWA","32","2","2294","Iowa","IOWA","193","Miami (OH)","M-OH",17,29,4,"7:23","Pass Incompletion",3,5,83,0,83,"Brad Banks (IOWA) pass incomplete to the left side."
"222500193",2002,3,"193","Miami (OH)","M-OH","2294","Iowa","IOWA","32","3","2294","Iowa","IOWA","193","Miami (OH)","M-OH",17,29,4,"6:35","Punt Return",4,5,83,1,32,"Punt by David Bradley (IOWA) returned 1 yards by Eddie Tillitz (MU) to the RedHawks 32."
"222500193",2002,3,"193","Miami (OH)","M-OH","2294","Iowa","IOWA","33","0","193","Miami (OH)","M-OH","2294","Iowa","IOWA",17,29,4,"6:26","Pass Completion",1,10,32,3,35,"Ben Roethlisberger (MU) pass right side complete to Eddie Tillitz (MU) for 3 yards."
"222500193",2002,3,"193","Miami (OH)","M-OH","2294","Iowa","IOWA","33","1","193","Miami (OH)","M-OH","2294","Iowa","IOWA",17,29,4,"6:26","Pass Completion",2,7,35,17,52,"Ben Roethlisberger (MU) pass left side complete to Korey Kirkpatrick (MU) for 17 yards."
"222500193",2002,3,"193","Miami (OH)","M-OH","2294","Iowa","IOWA","33","2","193","Miami (OH)","M-OH","2294","Iowa","IOWA",17,29,4,"6:06","Pass Completion",1,10,52,11,63,"Ben Roethlisberger (MU) pass left side complete to Korey Kirkpatrick (MU) for 11 yards."
"222500193",2002,3,"193","Miami (OH)","M-OH","2294","Iowa","IOWA","33","3","193","Miami (OH)","M-OH","2294","Iowa","IOWA",17,29,4,"6:06","Pass Completion",1,10,63,3,66,"Ben Roethlisberger (MU) pass left side complete to Korey Kirkpatrick (MU) for 3 yards."
"222500193",2002,3,"193","Miami (OH)","M-OH","2294","Iowa","IOWA","33","4","193","Miami (OH)","M-OH","2294","Iowa","IOWA",17,29,4,"5:06","Penalty",2,7,66,10,76,"10 yard penalty on Hawkeyes."
"222500193",2002,3,"193","Miami (OH)","M-OH","2294","Iowa","IOWA","33","5","193","Miami (OH)","M-OH","2294","Iowa","IOWA",23,29,4,"5:06","Pass Completion",1,10,76,24,100,"Ben Roethlisberger (MU) pass right side complete to Jason Branch (MU) for a 24 yard touchdown."
"222500193",2002,3,"193","Miami (OH)","M-OH","2294","Iowa","IOWA","33","6","193","Miami (OH)","M-OH","2294","Iowa","IOWA",24,29,4,"5:06","",0,0,0,0,0,"Extra point by Jared Parseghian (MU) is good."
"222500193",2002,3,"193","Miami (OH)","M-OH","2294","Iowa","IOWA","34","0","193","Miami (OH)","M-OH","2294","Iowa","IOWA",24,29,4,"4:54","Kickoff Return (Offense)",0,0,100,29,71,"Kickoff returned by C.J. Jones (IOWA) for 29 yards."
"222500193",2002,3,"193","Miami (OH)","M-OH","2294","Iowa","IOWA","35","0","2294","Iowa","IOWA","193","Miami (OH)","M-OH",24,29,4,"4:42","Rush",1,10,71,8,64,"Fred Russell (IOWA) rushed up the middle for 8 yards."
"222500193",2002,3,"193","Miami (OH)","M-OH","2294","Iowa","IOWA","35","1","2294","Iowa","IOWA","193","Miami (OH)","M-OH",24,29,4,"4:12","Penalty",2,2,64,5,59,"5 yard penalty on RedHawks."
"222500193",2002,3,"193","Miami (OH)","M-OH","2294","Iowa","IOWA","35","2","2294","Iowa","IOWA","193","Miami (OH)","M-OH",24,29,4,"4:12","Rush",1,10,59,10,49,"Fred Russell (IOWA) rushed up the middle for 10 yards."
"222500193",2002,3,"193","Miami (OH)","M-OH","2294","Iowa","IOWA","35","3","2294","Iowa","IOWA","193","Miami (OH)","M-OH",24,29,4,"4:12","Rush",1,10,49,15,34,"Fred Russell (IOWA) rushed up the middle for 15 yards."
"222500193",2002,3,"193","Miami (OH)","M-OH","2294","Iowa","IOWA","35","4","2294","Iowa","IOWA","193","Miami (OH)","M-OH",24,29,4,"4:12","Rush",1,10,34,6,28,"Fred Russell (IOWA) rushed up the middle for 6 yards."
"222500193",2002,3,"193","Miami (OH)","M-OH","2294","Iowa","IOWA","35","5","2294","Iowa","IOWA","193","Miami (OH)","M-OH",24,29,4,"4:12","Rush",2,4,28,8,20,"Fred Russell (IOWA) rushed up the middle for 8 yards."
"222500193",2002,3,"193","Miami (OH)","M-OH","2294","Iowa","IOWA","35","6","2294","Iowa","IOWA","193","Miami (OH)","M-OH",24,29,4,"2:02","Rush",1,10,20,2,18,"Jermelle Lewis (IOWA) rushed up the middle for 2 yards."
"222500193",2002,3,"193","Miami (OH)","M-OH","2294","Iowa","IOWA","35","7","2294","Iowa","IOWA","193","Miami (OH)","M-OH",24,29,4,"2:02","Rush",2,8,18,6,12,"Jermelle Lewis (IOWA) rushed up the middle for 6 yards."
"222500193",2002,3,"193","Miami (OH)","M-OH","2294","Iowa","IOWA","35","8","2294","Iowa","IOWA","193","Miami (OH)","M-OH",24,29,4,"1:12","Timeout",3,2,12,0,12,"Television timeout; 01:12 remaining 4th quarter"
"222500193",2002,3,"193","Miami (OH)","M-OH","2294","Iowa","IOWA","35","9","2294","Iowa","IOWA","193","Miami (OH)","M-OH",24,29,4,"1:12","Rush",3,2,12,4,8,"Edgar Cervantes (IOWA) rushed up the middle for 4 yards."
"222500193",2002,3,"193","Miami (OH)","M-OH","2294","Iowa","IOWA","35","10","2294","Iowa","IOWA","193","Miami (OH)","M-OH",24,29,4,"1:12","Rush",1,8,8,-2,10,"Brad Banks (IOWA) rushed up the middle for -2 yards."
"222500193",2002,3,"193","Miami (OH)","M-OH","2294","Iowa","IOWA","35","11","2294","Iowa","IOWA","193","Miami (OH)","M-OH",24,29,4,"0:00","End Period",2,10,10,0,10,"End of the 4th quarter."