"gameId","year","week","homeId","homeTeam","homeAbbr","awayId","awayTeam","awayAbbr","driveIndex","playIndex","offenseId","offenseTeam","offenseAbbr","defenseId","defenseTeam","defenseAbbr","homeScore","awayScore","quarter","clock","type","down","distance","yardLine","yardsGained","endYardLine","description"
"222780275",2002,7,"275","Wisconsin","WIS","213","Penn State","PSU","0","1","275","Wisconsin","WIS","213","Penn State","PSU",0,0,1,"15:00","Kickoff Return (Offense)",0,0,80,0,80,"Badgers kickoff, touchback by Nittany Lions."
"222780275",2002,7,"275","Wisconsin","WIS","213","Penn State","PSU","1","0","213","Penn State","PSU","275","Wisconsin","WIS",0,0,1,"14:53","Pass Completion",1,10,80,15,65,"Zack Mills (PSU) pass across the middle complete to Sean McHugh (PSU) for 15 yards."
"222780275",2002,7,"275","Wisconsin","WIS","213","Penn State","PSU","1","1","213","Penn State","PSU","275","Wisconsin","WIS",0,0,1,"14:53","Rush",1,10,65,2,63,"Larry Johnson (PSU) rushed up the middle for 2 yards."
"222780275",2002,7,"275","Wisconsin","WIS","213","Penn State","PSU","1","2","213","Penn State","PSU","275","Wisconsin","WIS",0,0,1,"13:55","Pass Incompletion",2,8,63,0,63,"Zack Mills (PSU) pass incomplete to the left side."
"222780275",2002,7,"275","Wisconsin","WIS","213","Penn State","PSU","1","3","213","Penn State","PSU","275","Wisconsin","WIS",0,0,1,"13:37","Penalty",3,8,63,5,58,"5 yard penalty on Badgers."
"222780275",2002,7,"275","Wisconsin","WIS","213","Penn State","PSU","1","4","213","Penn State","PSU","275","Wisconsin","WIS",0,0,1,"13:37","Pass Completion",3,3,58,6,52,"Zack Mills (PSU) pass right side complete to Tony Johnson (PSU) for 6 yards."
"222780275",2002,7,"275","Wisconsin","WIS","213","Penn State","PSU","1","5","213","Penn State","PSU","275","Wisconsin","WIS",0,0,1,"13:37","Pass Completion",1,10,52,14,38,"Zack Mills (PSU) pass left side complete to Tony Johnson (PSU) for 14 yards."
"222780275",2002,7,"275","Wisconsin","WIS","213","Penn State","PSU","1","6","213","Penn State","PSU","275","Wisconsin","WIS",0,0,1,"13:11","Rush",1,10,38,5,33,"Larry Johnson (PSU) rushed up the middle for 5 yards."
"222780275",2002,7,"275","Wisconsin","WIS","213","Penn State","PSU","1","7","213","Penn State","PSU","275","Wisconsin","WIS",0,0,1,"12:42","Pass Completion",2,5,33,14,19,"Zack Mills (PSU) pass left side complete to Casey Williams (PSU) for 14 yards."
"222780275",2002,7,"275","Wisconsin","WIS","213","Penn State","PSU","1","8","213","Penn State","PSU","275","Wisconsin","WIS",0,0,1,"12:27","Rush",1,10,19,3,15,"Larry Johnson (PSU) rushed left side for 3 yards."
"222780275",2002,7,"275","Wisconsin","WIS","213","Penn State","PSU","1","9","213","Penn State","PSU","275","Wisconsin","WIS",0,0,1,"12:00","Pass Incompletion",2,7,15,0,15,"Zack Mills (PSU) pass incomplete across the middle."
"222780275",2002,7,"275","Wisconsin","WIS","213","Penn State","PSU","1","10","213","Penn State","PSU","275","Wisconsin","WIS",0,0,1,"11:15","Pass Incompletion",3,7,15,0,16,"Zack Mills (PSU) pass incomplete to the right side."
"222780275",2002,7,"275","Wisconsin","WIS","213","Penn State","PSU","1","11","213","Penn State","PSU","275","Wisconsin","WIS",0,3,1,"11:10","",4,7,16,33,0,"33 yard field goal by Robbie Gould (PSU) is good."
"222780275",2002,7,"275","Wisconsin","WIS","213","Penn State","PSU","2","0","213","Penn State","PSU","275","Wisconsin","WIS",0,3,1,"11:06","Kickoff Return (Offense)",1,0,20,0,20,"Nittany Lions kickoff, touchback by Badgers."
"222780275",2002,7,"275","Wisconsin","WIS","213","Penn State","PSU","3","0","275","Wisconsin","WIS","213","Penn State","PSU",0,3,1,"10:57","Penalty",1,10,20,5,25,"5 yard penalty on Nittany Lions."
"222780275",2002,7,"275","Wisconsin","WIS","213","Penn State","PSU","3","1","275","Wisconsin","WIS","213","Penn State","PSU",0,3,1,"10:44","Pass Incompletion",1,5,25,0,25,"Brooks Bollinger (WIS) pass incomplete to the right side."
"222780275",2002,7,"275","Wisconsin","WIS","213","Penn State","PSU","3","2","275","Wisconsin","WIS","213","Penn State","PSU",0,3,1,"10:36","Rush",2,5,25,8,33,"Brooks Bollinger (WIS) rushed left side for 8 yards."
"222780275",2002,7,"275","Wisconsin","WIS","213","Penn State","PSU","3","3","275","Wisconsin","WIS","213","Penn State","PSU",0,3,1,"10:36","Rush",1,10,33,0,33,"Anthony Davis (WIS) rushed up the middle for no gain."
"222780275",2002,7,"275","Wisconsin","WIS","213","Penn State","PSU","3","4","275","Wisconsin","WIS","213","Penn State","PSU",0,3,1,"9:33","Pass Completion",2,10,33,9,42,"Brooks Bollinger (WIS) pass left side complete to Jonathan Orr (WIS) for 9 yards."
"222780275",2002,7,"275","Wisconsin","WIS","213","Penn State","PSU","3","5","275","Wisconsin","WIS","213","Penn State","PSU",0,3,1,"9:12","Rush",3,1,42,1,43,"Brooks Bollinger (WIS) rushed up the middle for 1 yard."
"222780275",2002,7,"275","Wisconsin","WIS","213","Penn State","PSU","3","6","275","Wisconsin","WIS","213","Penn State","PSU",0,3,1,"9:12","Rush",1,10,43,-9,34,"Brooks Bollinger (WIS) rushed up the middle for -9 yards."
"222780275",2002,7,"275","Wisconsin","WIS","213","Penn State","PSU","3","7","275","Wisconsin","WIS","213","Penn State","PSU",0,3,1,"9:12","Rush",2,19,34,-2,32,"Brooks Bollinger (WIS) rushed up the middle for -2 yards."
"222780275",2002,7,"275","Wisconsin","WIS","213","Penn State","PSU","3","8","275","Wisconsin","WIS","213","Penn State","PSU",0,3,1,"7:33","Pass Completion",3,21,32,21,53,"Brooks Bollinger (WIS) pass across the middle complete to Jonathan Orr (WIS) for 21 yards."
"222780275",2002,7,"275","Wisconsin","WIS","213","Penn State","PSU","3","9","275","Wisconsin","WIS","213","Penn State","PSU",0,3,1,"6:48","Punt Return",4,2,53,0,80,"Punt by R.J. Morse (WIS) no return by Nittany Lions."
"222780275",2002,7,"275","Wisconsin","WIS","213","Penn State","PSU","4","0","213","Penn State","PSU","275","Wisconsin","WIS",0,3,1,"6:48","Pass Completion",1,10,80,15,65,"Zack Mills (PSU) pass left side complete to Tony Johnson (PSU) for 15 yards."
"222780275",2002,7,"275","Wisconsin","WIS","213","Penn State","PSU","4","1","213","Penn State","PSU","275","Wisconsin","WIS",0,3,1,"6:11","Rush",1,10,65,7,58,"Larry Johnson (PSU) rushed right side for 7 yards."
"222780275",2002,7,"275","Wisconsin","WIS","213","Penn State","PSU","4","2","213","Penn State","PSU","275","Wisconsin","WIS",0,3,1,"5:26","Pass Completion",2,3,58,7,51,"Zack Mills (PSU) pass across the middle complete to Larry Johnson (PSU) for 7 yards."
"222780275",2002,7,"275","Wisconsin","WIS","213","Penn State","PSU","4","3","213","Penn State","PSU","275","Wisconsin","WIS",0,3,1,"4:57","Penalty",1,10,51,-5,56,"5 yard penalty on Nittany Lions."
"222780275",2002,7,"275","Wisconsin","WIS","213","Penn State","PSU","4","4","213","Penn State","PSU","275","Wisconsin","WIS",0,3,1,"4:57","Pass Incompletion",1,15,56,0,56,"Zack Mills (PSU) pass incomplete to the right side."
"222780275",2002,7,"275","Wisconsin","WIS","213","Penn State","PSU","4","5","213","Penn State","PSU","275","Wisconsin","WIS",0,3,1,"4:57","Rush",2,15,56,-4,60,"Zack Mills (PSU) rushed up the middle for -4 yards."
"222780275",2002,7,"275","Wisconsin","WIS","213","Penn State","PSU","4","6","213","Penn State","PSU","275","Wisconsin","WIS",0,3,1,"3:57","Pass Completion",3,19,60,22,38,"Zack Mills (PSU) pass across the middle complete to Gerald Smith (PSU) for 22 yards."
"222780275",2002,7,"275","Wisconsin","WIS","213","Penn State","PSU","4","7","213","Penn State","PSU","275","Wisconsin","WIS",0,3,1,"3:57","Rush",1,10,38,5,33,"Larry Johnson (PSU) rushed right side for 5 yards."
"222780275",2002,7,"275","Wisconsin","WIS","213","Penn State","PSU","4","8","213","Penn State","PSU","275","Wisconsin","WIS",0,3,1,"3:00","Pass Completion",2,5,33,21,12,"Zack Mills (PSU) pass across the middle complete to Bryant Johnson (PSU) for 21 yards."
"222780275",2002,7,"275","Wisconsin","WIS","213","Penn State","PSU","4","9","213","Penn State","PSU","275","Wisconsin","WIS",0,3,1,"2:28","Rush",1,10,12,11,1,"Larry Johnson (PSU) rushed left side for 11 yards."
"222780275",2002,7,"275","Wisconsin","WIS","213","Penn State","PSU","4","10","213","Penn State","PSU","275","Wisconsin","WIS",0,3,1,"2:00","Rush",1,1,1,0,1,"Paul Jefferson (PSU) rushed up the middle for no gain."
"222780275",2002,7,"275","Wisconsin","WIS","213","Penn State","PSU","4","11","213","Penn State","PSU","275","Wisconsin","WIS",0,9,1,"2:00","Fumble Recovery (Own)",2,1,1,1,0,"Nittany Lions fumble by Paul Jefferson (PSU), recovered by Zack Mills (PSU), advanced for a 1 yard touchdown."
"222780275",2002,7,"275","Wisconsin","WIS","213","Penn State","PSU","4","12","213","Penn State","PSU","275","Wisconsin","WIS",0,10,1,"2:00","",0,0,0,0,0,"Extra point by Robbie Gould (PSU) is good."
"222780275",2002,7,"275","Wisconsin","WIS","213","Penn State","PSU","5","0","213","Penn State","PSU","275","Wisconsin","WIS",0,10,1,"1:47","Kickoff Return (Offense)",0,0,20,0,20,"Nittany Lions kickoff, touchback by Badgers."
"222780275",2002,7,"275","Wisconsin","WIS","213","Penn State","PSU","6","0","275","Wisconsin","WIS","213","Penn State","PSU",0,10,1,"1:40","Rush",1,10,20,7,27,"Anthony Davis (WIS) rushed up the middle for 7 yards."
"222780275",2002,7,"275","Wisconsin","WIS","213","Penn State","PSU","6","1","275","Wisconsin","WIS","213","Penn State","PSU",0,10,1,"1:13","Rush",2,3,27,2,29,"Matt Bernstein (WIS) rushed up the middle for 2 yards."
"222780275",2002,7,"275","Wisconsin","WIS","213","Penn State","PSU","6","2","275","Wisconsin","WIS","213","Penn State","PSU",0,10,1,"0:20","Rush",3,1,29,7,36,"Brooks Bollinger (WIS) rushed right side for 7 yards."
"222780275",2002,7,"275","Wisconsin","WIS","213","Penn State","PSU","6","3","275","Wisconsin","WIS","213","Penn State","PSU",0,10,1,"0:00","End Period",1,10,36,0,36,"End of the 1st quarter."
"222780275",2002,7,"275","Wisconsin","WIS","213","Penn State","PSU","6","4","275","Wisconsin","WIS","213","Penn State","PSU",0,10,2,"15:00","",1,10,36,0,36,"Start of the 2nd quarter."
"222780275",2002,7,"275","Wisconsin","WIS","213","Penn State","PSU","6","5","275","Wisconsin","WIS","213","Penn State","PSU",0,10,2,"15:00","Pass Completion",1,10,36,14,50,"Brooks Bollinger (WIS) pass across the middle complete to Darrin Charles (WIS) for 14 yards."
"222780275",2002,7,"275","Wisconsin","WIS","213","Penn State","PSU","6","6","275","Wisconsin","WIS","213","Penn State","PSU",0,10,2,"14:33","Rush",1,10,50,0,50,"Brooks Bollinger (WIS) rushed up the middle for no gain."
"222780275",2002,7,"275","Wisconsin","WIS","213","Penn State","PSU","6","7","275","Wisconsin","WIS","213","Penn State","PSU",0,10,2,"13:56","Rush",2,10,50,6,56,"Anthony Davis (WIS) rushed up the middle for 6 yards."
"222780275",2002,7,"275","Wisconsin","WIS","213","Penn State","PSU","6","8","275","Wisconsin","WIS","213","Penn State","PSU",0,10,2,"13:33","Pass Completion",3,4,56,29,85,"Brooks Bollinger (WIS) pass across the middle complete to Brandon Williams (WIS) for 29 yards."
"222780275",2002,7,"275","Wisconsin","WIS","213","Penn State","PSU","6","9","275","Wisconsin","WIS","213","Penn State","PSU",0,10,2,"13:22","Rush",1,10,85,9,95,"Anthony Davis (WIS) rushed right side for 9 yards."
"222780275",2002,7,"275","Wisconsin","WIS","213","Penn State","PSU","6","10","275","Wisconsin","WIS","213","Penn State","PSU",6,10,2,"12:47","Rush",2,1,95,5,100,"Brooks Bollinger (WIS) rushed left side for a 5 yard touchdown."
"222780275",2002,7,"275","Wisconsin","WIS","213","Penn State","PSU","6","11","275","Wisconsin","WIS","213","Penn State","PSU",7,10,2,"12:47","",0,0,0,0,0,"Extra point by Scott Campbell (WIS) is good."
"222780275",2002,7,"275","Wisconsin","WIS","213","Penn State","PSU","7","0","275","Wisconsin","WIS","213","Penn State","PSU",7,10,2,"12:24","Kickoff Return (Offense)",0,0,102,21,81,"Kickoff returned by Larry Johnson (PSU) for 21 yards."
"222780275",2002,7,"275","Wisconsin","WIS","213","Penn State","PSU","8","0","213","Penn State","PSU","275","Wisconsin","WIS",7,10,2,"12:11","Rush",1,10,81,-1,82,"Larry Johnson (PSU) rushed up the middle for -1 yards."
"222780275",2002,7,"275","Wisconsin","WIS","213","Penn State","PSU","8","1","213","Penn State","PSU","275","Wisconsin","WIS",7,10,2,"11:48","Pass Completion",2,11,82,7,75,"Zack Mills (PSU) pass across the middle complete to Larry Johnson (PSU) for 7 yards."
"222780275",2002,7,"275","Wisconsin","WIS","213","Penn State","PSU","8","2","213","Penn State","PSU","275","Wisconsin","WIS",7,10,2,"10:55","Rush",3,4,75,5,70,"Zack Mills (PSU) rushed up the middle for 5 yards."
"222780275",2002,7,"275","Wisconsin","WIS","213","Penn State","PSU","8","3","213","Penn State","PSU","275","Wisconsin","WIS",7,10,2,"10:44","Pass Completion",1,10,70,12,58,"Zack Mills (PSU) pass left side complete to Bryant Johnson (PSU) for 12 yards."
"222780275",2002,7,"275","Wisconsin","WIS","213","Penn State","PSU","8","4","213","Penn State","PSU","275","Wisconsin","WIS",7,10,2,"10:15","Rush",1,10,58,2,56,"Larry Johnson (PSU) rushed up the middle for 2 yards."
"222780275",2002,7,"275","Wisconsin","WIS","213","Penn State","PSU","8","5","213","Penn State","PSU","275","Wisconsin","WIS",7,10,2,"9:40","Pass Completion",2,8,56,12,44,"Zack Mills (PSU) pass right side complete to Bryant Johnson (PSU) for 12 yards."
"222780275",2002,7,"275","Wisconsin","WIS","213","Penn State","PSU","8","6","213","Penn State","PSU","275","Wisconsin","WIS",7,10,2,"9:20","Pass Incompletion",1,10,44,0,44,"Zack Mills (PSU) pass incomplete to the left side."
"222780275",2002,7,"275","Wisconsin","WIS","213","Penn State","PSU","8","7","213","Penn State","PSU","275","Wisconsin","WIS",7,10,2,"9:18","Pass Completion",2,10,44,14,30,"Zack Mills (PSU) pass right side complete to Larry Johnson (PSU) for 14 yards."
"222780275",2002,7,"275","Wisconsin","WIS","213","Penn State","PSU","8","8","213","Penn State","PSU","275","Wisconsin","WIS",7,10,2,"8:55","Pass Incompletion",1,10,30,0,30,"Zack Mills (PSU) pass incomplete to the right side."
"222780275",2002,7,"275","Wisconsin","WIS","213","Penn State","PSU","8","9","213","Penn State","PSU","275","Wisconsin","WIS",7,10,2,"8:43","Pass Incompletion",2,10,30,0,30,"Zack Mills (PSU) pass incomplete to the left side."
"222780275",2002,7,"275","Wisconsin","WIS","213","Penn State","PSU","8","10","213","Penn State","PSU","275","Wisconsin","WIS",7,10,2,"8:39","Rush",3,10,30,5,25,"Zack Mills (PSU) rushed left side for 5 yards."
"222780275",2002,7,"275","Wisconsin","WIS","213","Penn State","PSU","8","11","213","Penn State","PSU","275","Wisconsin","WIS",7,13,2,"8:31","",4,5,25,42,0,"42 yard field goal by Robbie Gould (PSU) is good."
"222780275",2002,7,"275","Wisconsin","WIS","213","Penn State","PSU","9","0","213","Penn State","PSU","275","Wisconsin","WIS",7,13,2,"8:25","Kickoff Return (Offense)",1,0,20,0,20,"Nittany Lions kickoff, touchback by Badgers."
"222780275",2002,7,"275","Wisconsin","WIS","213","Penn State","PSU","10","0","275","Wisconsin","WIS","213","Penn State","PSU",7,13,2,"8:18","Rush",1,10,20,3,23,"Anthony Davis (WIS) rushed left side for 3 yards."
"222780275",2002,7,"275","Wisconsin","WIS","213","Penn State","PSU","10","1","275","Wisconsin","WIS","213","Penn State","PSU",7,13,2,"8:18","Pass Incompletion",2,7,23,0,23,"Brooks Bollinger (WIS) pass incomplete across the middle."
"222780275",2002,7,"275","Wisconsin","WIS","213","Penn State","PSU","10","2","275","Wisconsin","WIS","213","Penn State","PSU",7,13,2,"7:35","Rush",3,7,23,-2,21,"Brooks Bollinger (WIS) rushed left side for -2 yards."
"222780275",2002,7,"275","Wisconsin","WIS","213","Penn State","PSU","10","3","275","Wisconsin","WIS","213","Penn State","PSU",7,13,2,"7:11","Punt Return",4,9,21,7,53,"Punt by R.J. Morse (WIS) returned 7 yards by Bryant Johnson (PSU) to the Nittany Lions 47."
"222780275",2002,7,"275","Wisconsin","WIS","213","Penn State","PSU","11","0","213","Penn State","PSU","275","Wisconsin","WIS",7,13,2,"7:11","Rush",1,10,53,-2,55,"Larry Johnson (PSU) rushed left side for -2 yards."
"222780275",2002,7,"275","Wisconsin","WIS","213","Penn State","PSU","11","1","213","Penn State","PSU","275","Wisconsin","WIS",7,13,2,"6:14","Pass Completion",2,12,55,6,49,"Zack Mills (PSU) pass across the middle complete to Larry Johnson (PSU) for 6 yards."
"222780275",2002,7,"275","Wisconsin","WIS","213","Penn State","PSU","11","2","213","Penn State","PSU","275","Wisconsin","WIS",7,13,2,"5:48","Pass Completion",3,6,49,11,38,"Zack Mills (PSU) pass left side complete to Casey Williams (PSU) for 11 yards."
"222780275",2002,7,"275","Wisconsin","WIS","213","Penn State","PSU","11","3","213","Penn State","PSU","275","Wisconsin","WIS",7,13,2,"5:00","Pass Incompletion",1,10,38,0,38,"Zack Mills (PSU) pass incomplete to the right side."
"222780275",2002,7,"275","Wisconsin","WIS","213","Penn State","PSU","11","4","213","Penn State","PSU","275","Wisconsin","WIS",7,13,2,"4:52","Pass Incompletion",2,10,38,0,38,"Zack Mills (PSU) pass incomplete to the right side."
"222780275",2002,7,"275","Wisconsin","WIS","213","Penn State","PSU","12","0","213","Penn State","PSU","275","Wisconsin","WIS",13,13,2,"4:46","Interception Return Touchdown",3,10,38,65,100,"Zack Mills (PSU) pass left side intercepted by B.J. Tucker (WIS). Returned for a 65 yard touchdown."
"222780275",2002,7,"275","Wisconsin","WIS","213","Penn State","PSU","12","1","275","Wisconsin","WIS","213","Penn State","PSU",14,13,2,"4:46","",0,0,0,0,0,"Extra point by Scott Campbell (WIS) is good."
"222780275",2002,7,"275","Wisconsin","WIS","213","Penn State","PSU","13","0","275","Wisconsin","WIS","213","Penn State","PSU",14,13,2,"4:33","Kickoff Return (Offense)",0,0,93,20,73,"Kickoff returned by Tony Johnson (PSU) for 20 yards."
"222780275",2002,7,"275","Wisconsin","WIS","213","Penn State","PSU","14","0","213","Penn State","PSU","275","Wisconsin","WIS",14,13,2,"4:22","Rush",1,10,73,9,64,"Zack Mills (PSU) rushed left side for 9 yards."
"222780275",2002,7,"275","Wisconsin","WIS","213","Penn State","PSU","14","1","213","Penn State","PSU","275","Wisconsin","WIS",14,13,2,"3:50","Rush",2,1,64,3,61,"Sean McHugh (PSU) rushed up the middle for 3 yards."
"222780275",2002,7,"275","Wisconsin","WIS","213","Penn State","PSU","14","2","213","Penn State","PSU","275","Wisconsin","WIS",14,13,2,"3:19","Pass Completion",1,10,61,37,24,"Zack Mills (PSU) pass left side complete to Bryant Johnson (PSU) for 37 yards."
"222780275",2002,7,"275","Wisconsin","WIS","213","Penn State","PSU","14","3","213","Penn State","PSU","275","Wisconsin","WIS",14,19,2,"3:00","Rush",1,10,24,24,0,"Larry Johnson (PSU) rushed up the middle for a 24 yard touchdown."
"222780275",2002,7,"275","Wisconsin","WIS","213","Penn State","PSU","14","4","213","Penn State","PSU","275","Wisconsin","WIS",14,21,2,"3:00","Two Point Pass",1,0,0,0,0,"2 point pass from Zack Mills (PSU) to Larry Johnson (PSU) is good."
"222780275",2002,7,"275","Wisconsin","WIS","213","Penn State","PSU","15","0","213","Penn State","PSU","275","Wisconsin","WIS",14,21,2,"3:00","Kickoff Return (Offense)",1,0,3,14,17,"Kickoff returned by Brandon Williams (WIS) for 14 yards."
"222780275",2002,7,"275","Wisconsin","WIS","213","Penn State","PSU","16","0","275","Wisconsin","WIS","213","Penn State","PSU",14,21,2,"3:00","Pass Completion",1,10,17,7,23,"Brooks Bollinger (WIS) pass across the middle complete to Bob Docherty (WIS) for 7 yards."
"222780275",2002,7,"275","Wisconsin","WIS","213","Penn State","PSU","16","1","275","Wisconsin","WIS","213","Penn State","PSU",14,21,2,"2:32","Rush",2,3,23,-5,18,"Brooks Bollinger (WIS) rushed up the middle for -5 yards."
"222780275",2002,7,"275","Wisconsin","WIS","213","Penn State","PSU","16","2","275","Wisconsin","WIS","213","Penn State","PSU",14,21,2,"1:47","Rush",3,8,18,-5,13,"Brooks Bollinger (WIS) rushed up the middle for -5 yards."
"222780275",2002,7,"275","Wisconsin","WIS","213","Penn State","PSU","16","3","275","Wisconsin","WIS","213","Penn State","PSU",14,21,2,"1:29","Timeout",4,13,13,0,13,"Television timeout; 01:29 remaining 2nd quarter"
"222780275",2002,7,"275","Wisconsin","WIS","213","Penn State","PSU","16","4","275","Wisconsin","WIS","213","Penn State","PSU",14,21,2,"1:29","Punt Return",4,13,13,0,69,"Punt by R.J. Morse (WIS) no return by Nittany Lions."
"222780275",2002,7,"275","Wisconsin","WIS","213","Penn State","PSU","17","0","213","Penn State","PSU","275","Wisconsin","WIS",14,21,2,"1:16","Pass Completion",1,10,69,5,64,"Zack Mills (PSU) pass across the middle complete to Larry Johnson (PSU) for 5 yards."
"222780275",2002,7,"275","Wisconsin","WIS","213","Penn State","PSU","17","1","213","Penn State","PSU","275","Wisconsin","WIS",14,21,2,"1:00","Rush",2,5,64,-2,66,"Zack Mills (PSU) rushed left side for -2 yards."
"222780275",2002,7,"275","Wisconsin","WIS","213","Penn State","PSU","17","2","213","Penn State","PSU","275","Wisconsin","WIS",14,21,2,"0:11","Rush",3,7,66,2,64,"Larry Johnson (PSU) rushed up the middle for 2 yards."
"222780275",2002,7,"275","Wisconsin","WIS","213","Penn State","PSU","17","3","213","Penn State","PSU","275","Wisconsin","WIS",14,21,2,"0:00","End Period",4,5,64,0,64,"End of the 2nd quarter."
"222780275",2002,7,"275","Wisconsin","WIS","213","Penn State","PSU","18","1","213","Penn State","PSU","275","Wisconsin","WIS",14,21,3,"15:00","Kickoff Return (Offense)",0,0,20,0,20,"Nittany Lions kickoff, touchback by Badgers."
"222780275",2002,7,"275","Wisconsin","WIS","213","Penn State","PSU","19","0","275","Wisconsin","WIS","213","Penn State","PSU",14,21,3,"14:51","Rush",1,10,20,3,23,"Anthony Davis (WIS) rushed right side for 3 yards."
"222780275",2002,7,"275","Wisconsin","WIS","213","Penn State","PSU","19","1","275","Wisconsin","WIS","213","Penn State","PSU",14,21,3,"14:20","Rush",2,7,23,3,26,"Anthony Davis (WIS) rushed right side for 3 yards."
"222780275",2002,7,"275","Wisconsin","WIS","213","Penn State","PSU","19","2","275","Wisconsin","WIS","213","Penn State","PSU",14,21,3,"13:55","Penalty",3,4,26,-5,21,"5 yard penalty on Badgers."
"222780275",2002,7,"275","Wisconsin","WIS","213","Penn State","PSU","19","3","275","Wisconsin","WIS","213","Penn State","PSU",14,21,3,"13:29","Rush",3,9,21,-1,20,"Brooks Bollinger (WIS) rushed up the middle for -1 yards."
"222780275",2002,7,"275","Wisconsin","WIS","213","Penn State","PSU","19","4","275","Wisconsin","WIS","213","Penn State","PSU",14,21,3,"12:44","Punt Return",4,10,20,7,56,"Punt by R.J. Morse (WIS) returned 7 yards by Bryant Johnson (PSU) to the Nittany Lions 44."
"222780275",2002,7,"275","Wisconsin","WIS","213","Penn State","PSU","20","0","213","Penn State","PSU","275","Wisconsin","WIS",14,21,3,"12:33","Pass Incompletion",1,10,56,0,56,"Zack Mills (PSU) pass incomplete across the middle."
"222780275",2002,7,"275","Wisconsin","WIS","213","Penn State","PSU","20","1","213","Penn State","PSU","275","Wisconsin","WIS",14,21,3,"12:22","Rush",2,10,56,43,13,"Larry Johnson (PSU) rushed right side for 43 yards."
"222780275",2002,7,"275","Wisconsin","WIS","213","Penn State","PSU","20","2","213","Penn State","PSU","275","Wisconsin","WIS",14,21,3,"12:13","Rush",1,10,13,7,6,"Larry Johnson (PSU) rushed up the middle for 7 yards."
"222780275",2002,7,"275","Wisconsin","WIS","213","Penn State","PSU","20","3","213","Penn State","PSU","275","Wisconsin","WIS",14,21,3,"11:08","Rush",2,3,6,2,4,"Larry Johnson (PSU) rushed right side for 2 yards."
"222780275",2002,7,"275","Wisconsin","WIS","213","Penn State","PSU","20","4","213","Penn State","PSU","275","Wisconsin","WIS",14,21,3,"11:04","Rush",3,1,4,2,2,"Paul Jefferson (PSU) rushed up the middle for 2 yards."
"222780275",2002,7,"275","Wisconsin","WIS","213","Penn State","PSU","20","5","213","Penn State","PSU","275","Wisconsin","WIS",14,21,3,"10:40","Rush",1,2,2,1,1,"Mike Gasparato (PSU) rushed up the middle for 1 yard."
"222780275",2002,7,"275","Wisconsin","WIS","213","Penn State","PSU","20","6","213","Penn State","PSU","275","Wisconsin","WIS",14,21,3,"10:00","Rush",2,1,1,0,1,"Zack Mills (PSU) rushed up the middle for no gain."
"222780275",2002,7,"275","Wisconsin","WIS","213","Penn State","PSU","20","7","213","Penn State","PSU","275","Wisconsin","WIS",14,27,3,"9:15","Rush",3,1,1,1,0,"Sean McHugh (PSU) rushed up the middle for a 1 yard touchdown."
"222780275",2002,7,"275","Wisconsin","WIS","213","Penn State","PSU","20","8","213","Penn State","PSU","275","Wisconsin","WIS",14,28,3,"9:15","",0,0,0,0,0,"Extra point by Robbie Gould (PSU) is good."
"222780275",2002,7,"275","Wisconsin","WIS","213","Penn State","PSU","21","0","213","Penn State","PSU","275","Wisconsin","WIS",14,28,3,"8:56","Kickoff Return (Offense)",0,0,20,0,20,"Nittany Lions kickoff, touchback by Badgers."
"222780275",2002,7,"275","Wisconsin","WIS","213","Penn State","PSU","22","0","275","Wisconsin","WIS","213","Penn State","PSU",14,28,3,"8:56","Penalty",1,10,20,-5,15,"5 yard penalty on Badgers."
"222780275",2002,7,"275","Wisconsin","WIS","213","Penn State","PSU","22","1","275","Wisconsin","WIS","213","Penn State","PSU",14,28,3,"8:46","Rush",1,15,15,6,21,"Anthony Davis (WIS) rushed right side for 6 yards."
"222780275",2002,7,"275","Wisconsin","WIS","213","Penn State","PSU","22","2","275","Wisconsin","WIS","213","Penn State","PSU",14,28,3,"8:30","Pass Completion",2,9,21,7,28,"Brooks Bollinger (WIS) pass left side complete to Brandon Williams (WIS) for 7 yards."
"222780275",2002,7,"275","Wisconsin","WIS","213","Penn State","PSU","22","3","275","Wisconsin","WIS","213","Penn State","PSU",14,28,3,"8:30","Pass Completion",3,2,28,4,32,"Brooks Bollinger (WIS) pass right side complete to Jonathan Orr (WIS) for 4 yards."
"222780275",2002,7,"275","Wisconsin","WIS","213","Penn State","PSU","22","4","275","Wisconsin","WIS","213","Penn State","PSU",14,28,3,"7:07","Rush",1,10,32,5,37,"Brandon Williams (WIS) rushed right side for 5 yards."
"222780275",2002,7,"275","Wisconsin","WIS","213","Penn State","PSU","22","5","275","Wisconsin","WIS","213","Penn State","PSU",14,28,3,"6:40","Rush",2,5,37,3,41,"Anthony Davis (WIS) rushed up the middle for 3 yards."
"222780275",2002,7,"275","Wisconsin","WIS","213","Penn State","PSU","22","6","275","Wisconsin","WIS","213","Penn State","PSU",14,28,3,"5:50","Rush",3,1,41,3,44,"Anthony Davis (WIS) rushed left side for 3 yards."
"222780275",2002,7,"275","Wisconsin","WIS","213","Penn State","PSU","22","7","275","Wisconsin","WIS","213","Penn State","PSU",14,28,3,"5:12","Pass Completion",1,10,44,14,58,"Brooks Bollinger (WIS) pass left side complete to Anthony Davis (WIS) for 14 yards."
"222780275",2002,7,"275","Wisconsin","WIS","213","Penn State","PSU","22","8","275","Wisconsin","WIS","213","Penn State","PSU",14,28,3,"4:55","Rush",1,10,58,-2,56,"Brooks Bollinger (WIS) rushed up the middle for -2 yards."
"222780275",2002,7,"275","Wisconsin","WIS","213","Penn State","PSU","22","9","275","Wisconsin","WIS","213","Penn State","PSU",14,28,3,"4:24","Rush",2,12,56,7,63,"Brooks Bollinger (WIS) rushed up the middle for 7 yards."
"222780275",2002,7,"275","Wisconsin","WIS","213","Penn State","PSU","22","10","275","Wisconsin","WIS","213","Penn State","PSU",14,28,3,"3:26","Pass Completion",3,5,63,19,82,"Brooks Bollinger (WIS) pass left side complete to Darrin Charles (WIS) for 19 yards."
"222780275",2002,7,"275","Wisconsin","WIS","213","Penn State","PSU","22","11","275","Wisconsin","WIS","213","Penn State","PSU",14,28,3,"3:26","Penalty",1,10,82,9,91,"9 yard penalty on Nittany Lions."
"222780275",2002,7,"275","Wisconsin","WIS","213","Penn State","PSU","22","12","275","Wisconsin","WIS","213","Penn State","PSU",14,28,3,"3:26","Rush",1,1,91,2,93,"Anthony Davis (WIS) rushed right side for 2 yards."
"222780275",2002,7,"275","Wisconsin","WIS","213","Penn State","PSU","22","13","275","Wisconsin","WIS","213","Penn State","PSU",14,28,3,"2:50","Pass Incompletion",1,7,93,0,93,"Brooks Bollinger (WIS) pass incomplete to the right side."
"222780275",2002,7,"275","Wisconsin","WIS","213","Penn State","PSU","22","14","275","Wisconsin","WIS","213","Penn State","PSU",20,28,3,"2:28","Pass Completion",3,7,93,7,100,"Brooks Bollinger (WIS) pass across the middle complete to Brandon Williams (WIS) for a 7 yard touchdown."
"222780275",2002,7,"275","Wisconsin","WIS","213","Penn State","PSU","22","15","275","Wisconsin","WIS","213","Penn State","PSU",20,28,3,"2:28","",0,0,0,0,0,"Extra point by Scott Campbell (WIS) is no good."
"222780275",2002,7,"275","Wisconsin","WIS","213","Penn State","PSU","23","0","275","Wisconsin","WIS","213","Penn State","PSU",20,28,3,"2:28","Kickoff Return (Offense)",0,0,93,17,76,"Kickoff returned by Gerald Smith (PSU) for 17 yards."
"222780275",2002,7,"275","Wisconsin","WIS","213","Penn State","PSU","24","0","213","Penn State","PSU","275","Wisconsin","WIS",20,28,3,"2:18","Rush",1,10,76,2,74,"Michael Robinson (PSU) rushed up the middle for 2 yards."
"222780275",2002,7,"275","Wisconsin","WIS","213","Penn State","PSU","24","1","213","Penn State","PSU","275","Wisconsin","WIS",20,28,3,"1:40","Pass Completion",2,8,74,4,70,"Zack Mills (PSU) pass left side complete to Sean McHugh (PSU) for 4 yards."
"222780275",2002,7,"275","Wisconsin","WIS","213","Penn State","PSU","24","2","213","Penn State","PSU","275","Wisconsin","WIS",20,28,3,"0:50","Pass Incompletion",3,4,70,0,70,"Zack Mills (PSU) pass incomplete to the left side."
"222780275",2002,7,"275","Wisconsin","WIS","213","Penn State","PSU","24","3","213","Penn State","PSU","275","Wisconsin","WIS",20,28,3,"0:39","Punt Return",4,4,70,0,38,"Punt by David Royer (PSU) no return by Badgers."
"222780275",2002,7,"275","Wisconsin","WIS","213","Penn State","PSU","25","0","275","Wisconsin","WIS","213","Penn State","PSU",20,28,3,"0:30","Rush",1,10,38,14,52,"Dwayne Smith (WIS) rushed right side for 14 yards."
"222780275",2002,7,"275","Wisconsin","WIS","213","Penn State","PSU","25","1","275","Wisconsin","WIS","213","Penn State","PSU",20,28,3,"0:14","Pass Completion",1,10,52,10,62,"Brooks Bollinger (WIS) pass left side complete to Dwayne Smith (WIS) for 10 yards."
"222780275",2002,7,"275","Wisconsin","WIS","213","Penn State","PSU","25","2","275","Wisconsin","WIS","213","Penn State","PSU",20,28,3,"0:00","End Period",1,10,62,0,62,"End of the 3rd quarter."
"222780275",2002,7,"275","Wisconsin","WIS","213","Penn State","PSU","25","3","275","Wisconsin","WIS","213","Penn State","PSU",20,28,4,"15:00","",1,10,62,0,62,"Start of the 4th quarter."
"222780275",2002,7,"275","Wisconsin","WIS","213","Penn State","PSU","25","4","275","Wisconsin","WIS","213","Penn State","PSU",20,28,4,"15:00","Pass Incompletion",1,10,62,0,67,"Brooks Bollinger (WIS) pass incomplete to the left side."
"222780275",2002,7,"275","Wisconsin","WIS","213","Penn State","PSU","25","5","275","Wisconsin","WIS","213","Penn State","PSU",20,28,4,"14:53","Rush",2,10,67,13,76,"Dwayne Smith (WIS) rushed left side for 13 yards."
"222780275",2002,7,"275","Wisconsin","WIS","213","Penn State","PSU","25","6","275","Wisconsin","WIS","213","Penn State","PSU",20,28,4,"14:53","Rush",1,10,76,2,78,"Dwayne Smith (WIS) rushed right side for 2 yards."
"222780275",2002,7,"275","Wisconsin","WIS","213","Penn State","PSU","25","7","275","Wisconsin","WIS","213","Penn State","PSU",20,28,4,"14:10","Rush",2,8,78,-9,69,"Brooks Bollinger (WIS) rushed up the middle for -9 yards."
"222780275",2002,7,"275","Wisconsin","WIS","213","Penn State","PSU","25","8","275","Wisconsin","WIS","213","Penn State","PSU",20,28,4,"14:10","Fumble Recovery (Own)",3,17,69,0,69,"Badgers fumble by Brooks Bollinger (WIS), recovered by Ben Johnson (WIS), advanced for no gain."
"222780275",2002,7,"275","Wisconsin","WIS","213","Penn State","PSU","25","9","275","Wisconsin","WIS","213","Penn State","PSU",20,28,4,"13:28","Pass Incompletion",3,10,69,0,69,"Brooks Bollinger (WIS) pass incomplete to the right side."
"222780275",2002,7,"275","Wisconsin","WIS","213","Penn State","PSU","25","10","275","Wisconsin","WIS","213","Penn State","PSU",23,28,4,"13:11","",4,10,69,48,100,"48 yard field goal by Mike Allen (WIS) is good."
"222780275",2002,7,"275","Wisconsin","WIS","213","Penn State","PSU","26","0","275","Wisconsin","WIS","213","Penn State","PSU",23,28,4,"13:08","Kickoff Return (Offense)",1,0,80,0,80,"Badgers kickoff, touchback by Nittany Lions."
"222780275",2002,7,"275","Wisconsin","WIS","213","Penn State","PSU","27","0","213","Penn State","PSU","275","Wisconsin","WIS",23,28,4,"12:57","Pass Incompletion",1,10,80,0,80,"Zack Mills (PSU) pass incomplete across the middle."
"222780275",2002,7,"275","Wisconsin","WIS","213","Penn State","PSU","27","1","213","Penn State","PSU","275","Wisconsin","WIS",23,28,4,"12:55","Rush",2,10,80,8,72,"Mike Gasparato (PSU) rushed right side for 8 yards."
"222780275",2002,7,"275","Wisconsin","WIS","213","Penn State","PSU","27","2","213","Penn State","PSU","275","Wisconsin","WIS",23,28,4,"12:33","Rush",3,2,72,0,72,"Mike Gasparato (PSU) rushed right side for no gain."
"222780275",2002,7,"275","Wisconsin","WIS","213","Penn State","PSU","27","3","213","Penn State","PSU","275","Wisconsin","WIS",23,28,4,"11:55","Punt Return",4,2,72,11,53,"Punt by David Royer (PSU) returned 11 yards by Jim Leonhard (WIS) to the Nittany Lions 47."
"222780275",2002,7,"275","Wisconsin","WIS","213","Penn State","PSU","28","0","275","Wisconsin","WIS","213","Penn State","PSU",23,28,4,"11:24","Rush",1,10,53,2,55,"Dwayne Smith (WIS) rushed up the middle for 2 yards."
"222780275",2002,7,"275","Wisconsin","WIS","213","Penn State","PSU","28","1","275","Wisconsin","WIS","213","Penn State","PSU",23,28,4,"11:00","Pass Incompletion",2,8,55,0,55,"Brooks Bollinger (WIS) pass incomplete to the left side."
"222780275",2002,7,"275","Wisconsin","WIS","213","Penn State","PSU","28","2","275","Wisconsin","WIS","213","Penn State","PSU",23,28,4,"10:41","Pass Incompletion",3,8,55,0,55,"Brooks Bollinger (WIS) pass incomplete across the middle."
"222780275",2002,7,"275","Wisconsin","WIS","213","Penn State","PSU","28","3","275","Wisconsin","WIS","213","Penn State","PSU",23,28,4,"10:35","Punt Return",4,8,55,0,74,"Punt by R.J. Morse (WIS) no return by Nittany Lions."
"222780275",2002,7,"275","Wisconsin","WIS","213","Penn State","PSU","29","0","213","Penn State","PSU","275","Wisconsin","WIS",23,28,4,"10:35","Pass Completion",1,10,74,16,58,"Zack Mills (PSU) pass right side complete to Tony Johnson (PSU) for 16 yards."
"222780275",2002,7,"275","Wisconsin","WIS","213","Penn State","PSU","29","1","213","Penn State","PSU","275","Wisconsin","WIS",23,28,4,"10:35","Pass Completion",1,10,58,12,46,"Zack Mills (PSU) pass right side complete to Paul Jefferson (PSU) for 12 yards."
"222780275",2002,7,"275","Wisconsin","WIS","213","Penn State","PSU","29","2","213","Penn State","PSU","275","Wisconsin","WIS",23,28,4,"9:40","Penalty",1,10,46,-15,61,"15 yard penalty on Nittany Lions."
"222780275",2002,7,"275","Wisconsin","WIS","213","Penn State","PSU","29","3","213","Penn State","PSU","275","Wisconsin","WIS",23,28,4,"9:19","Pass Completion",1,25,61,15,46,"Zack Mills (PSU) pass across the middle complete to Mike Gasparato (PSU) for 15 yards."
"222780275",2002,7,"275","Wisconsin","WIS","213","Penn State","PSU","29","4","213","Penn State","PSU","275","Wisconsin","WIS",23,28,4,"8:33","Rush",2,10,46,2,44,"Mike Gasparato (PSU) rushed left side for 2 yards."
"222780275",2002,7,"275","Wisconsin","WIS","213","Penn State","PSU","29","5","213","Penn State","PSU","275","Wisconsin","WIS",23,28,4,"8:00","Pass Incompletion",3,8,44,0,44,"Zack Mills (PSU) pass incomplete across the middle."
"222780275",2002,7,"275","Wisconsin","WIS","213","Penn State","PSU","29","6","213","Penn State","PSU","275","Wisconsin","WIS",23,28,4,"7:48","Pass Incompletion",4,8,44,0,56,"Zack Mills (PSU) pass incomplete across the middle.; turnover on downs."
"222780275",2002,7,"275","Wisconsin","WIS","213","Penn State","PSU","30","0","213","Penn State","PSU","275","Wisconsin","WIS",23,31,4,"7:42","",4,10,56,51,0,"51 yard field goal by Robbie Gould (PSU) is good."
"222780275",2002,7,"275","Wisconsin","WIS","213","Penn State","PSU","31","0","213","Penn State","PSU","275","Wisconsin","WIS",23,31,4,"7:36","Kickoff Return (Offense)",1,0,20,0,20,"Nittany Lions kickoff, touchback by Badgers."
"222780275",2002,7,"275","Wisconsin","WIS","213","Penn State","PSU","32","0","275","Wisconsin","WIS","213","Penn State","PSU",23,31,4,"7:28","Rush",1,10,20,7,27,"Dwayne Smith (WIS) rushed up the middle for 7 yards."
"222780275",2002,7,"275","Wisconsin","WIS","213","Penn State","PSU","32","1","275","Wisconsin","WIS","213","Penn State","PSU",23,31,4,"7:00","Rush",2,3,27,3,30,"Dwayne Smith (WIS) rushed up the middle for 3 yards."
"222780275",2002,7,"275","Wisconsin","WIS","213","Penn State","PSU","32","2","275","Wisconsin","WIS","213","Penn State","PSU",23,31,4,"6:22","Pass Incompletion",1,10,30,0,30,"Brooks Bollinger (WIS) pass incomplete across the middle."
"222780275",2002,7,"275","Wisconsin","WIS","213","Penn State","PSU","32","3","275","Wisconsin","WIS","213","Penn State","PSU",23,31,4,"6:22","Rush",2,10,30,6,36,"Brooks Bollinger (WIS) rushed up the middle for 6 yards."
"222780275",2002,7,"275","Wisconsin","WIS","213","Penn State","PSU","32","4","275","Wisconsin","WIS","213","Penn State","PSU",23,31,4,"6:00","Pass Interception",3,4,36,3,43,"Brooks Bollinger (WIS) pass right side intercepted by Gino Capone (PSU). Returned for 3 yards."
"222780275",2002,7,"275","Wisconsin","WIS","213","Penn State","PSU","33","0","213","Penn State","PSU","275","Wisconsin","WIS",23,31,4,"5:40","Pass Incompletion",1,10,43,0,43,"Zack Mills (PSU) pass incomplete to the left side."
"222780275",2002,7,"275","Wisconsin","WIS","213","Penn State","PSU","33","1","213","Penn State","PSU","275","Wisconsin","WIS",23,31,4,"5:30","Rush",2,10,43,3,40,"Mike Gasparato (PSU) rushed up the middle for 3 yards."
"222780275",2002,7,"275","Wisconsin","WIS","213","Penn State","PSU","33","2","213","Penn State","PSU","275","Wisconsin","WIS",23,31,4,"4:42","Timeout",3,7,40,0,40,"Television timeout; 04:42 remaining 4th quarter"
"222780275",2002,7,"275","Wisconsin","WIS","213","Penn State","PSU","33","3","213","Penn State","PSU","275","Wisconsin","WIS",23,31,4,"4:42","Pass Completion",3,7,40,11,29,"Zack Mills (PSU) pass left side complete to Tony Johnson (PSU) for 11 yards."
"222780275",2002,7,"275","Wisconsin","WIS","213","Penn State","PSU","33","4","213","Penn State","PSU","275","Wisconsin","WIS",23,31,4,"4:33","Rush",1,10,29,-1,30,"Mike Gasparato (PSU) rushed up the middle for -1 yards."
"222780275",2002,7,"275","Wisconsin","WIS","213","Penn State","PSU","33","5","213","Penn State","PSU","275","Wisconsin","WIS",23,31,4,"3:55","Rush",2,11,30,2,28,"Michael Robinson (PSU) rushed left side for 2 yards."
"222780275",2002,7,"275","Wisconsin","WIS","213","Penn State","PSU","33","6","213","Penn State","PSU","275","Wisconsin","WIS",23,31,4,"3:48","Timeout",3,9,28,0,28,"Television timeout; 03:48 remaining 4th quarter"
"222780275",2002,7,"275","Wisconsin","WIS","213","Penn State","PSU","33","7","213","Penn State","PSU","275","Wisconsin","WIS",23,31,4,"3:48","Rush",3,9,28,4,24,"Michael Robinson (PSU) rushed up the middle for 4 yards."
"222780275",2002,7,"275","Wisconsin","WIS","213","Penn State","PSU","33","8","213","Penn State","PSU","275","Wisconsin","WIS",23,31,4,"2:59","Timeout",4,5,24,0,24,"Television timeout; 02:59 remaining 4th quarter"
"222780275",2002,7,"275","Wisconsin","WIS","213","Penn State","PSU","33","9","213","Penn State","PSU","275","Wisconsin","WIS",23,34,4,"2:59","",4,5,24,40,0,"40 yard field goal by Robbie Gould (PSU) is good."
"222780275",2002,7,"275","Wisconsin","WIS","213","Penn State","PSU","34","0","213","Penn State","PSU","275","Wisconsin","WIS",23,34,4,"2:55","Kickoff Return (Offense)",1,0,35,0,35,"Nittany Lions kickoff, no return by Badgers."
"222780275",2002,7,"275","Wisconsin","WIS","213","Penn State","PSU","35","0","275","Wisconsin","WIS","213","Penn State","PSU",23,34,4,"2:50","Rush",1,10,35,-8,27,"Brooks Bollinger (WIS) rushed up the middle for -8 yards."
"222780275",2002,7,"275","Wisconsin","WIS","213","Penn State","PSU","35","1","275","Wisconsin","WIS","213","Penn State","PSU",23,34,4,"2:25","Pass Completion",2,18,27,15,42,"Brooks Bollinger (WIS) pass left side complete to Brandon Williams (WIS) for 15 yards."
"222780275",2002,7,"275","Wisconsin","WIS","213","Penn State","PSU","35","2","275","Wisconsin","WIS","213","Penn State","PSU",23,34,4,"2:12","Timeout",3,3,42,0,42,"Television timeout; 02:12 remaining 4th quarter"
"222780275",2002,7,"275","Wisconsin","WIS","213","Penn State","PSU","35","3","275","Wisconsin","WIS","213","Penn State","PSU",23,34,4,"2:12","Rush",3,3,42,3,45,"Brooks Bollinger (WIS) rushed left side for 3 yards."
"222780275",2002,7,"275","Wisconsin","WIS","213","Penn State","PSU","35","4","275","Wisconsin","WIS","213","Penn State","PSU",23,34,4,"2:00","Pass Completion",1,10,45,20,65,"Brooks Bollinger (WIS) pass left side complete to Darrin Charles (WIS) for 20 yards."
"222780275",2002,7,"275","Wisconsin","WIS","213","Penn State","PSU","35","5","275","Wisconsin","WIS","213","Penn State","PSU",23,34,4,"1:54","Pass Completion",1,10,65,12,77,"Brooks Bollinger (WIS) pass left side complete to Dwayne Smith (WIS) for 12 yards."
"222780275",2002,7,"275","Wisconsin","WIS","213","Penn State","PSU","35","6","275","Wisconsin","WIS","213","Penn State","PSU",23,34,4,"1:41","Penalty",1,10,77,-5,72,"5 yard penalty on Badgers."
"222780275",2002,7,"275","Wisconsin","WIS","213","Penn State","PSU","35","7","275","Wisconsin","WIS","213","Penn State","PSU",23,34,4,"1:30","Pass Incompletion",1,15,72,0,72,"Brooks Bollinger (WIS) pass incomplete to the left side."
"222780275",2002,7,"275","Wisconsin","WIS","213","Penn State","PSU","35","8","275","Wisconsin","WIS","213","Penn State","PSU",29,34,4,"1:25","Pass Completion",2,15,72,28,100,"Brooks Bollinger (WIS) pass across the middle complete to Jonathan Orr (WIS) for a 28 yard touchdown."
"222780275",2002,7,"275","Wisconsin","WIS","213","Penn State","PSU","35","9","275","Wisconsin","WIS","213","Penn State","PSU",31,34,4,"1:25","Two Point Rush",1,0,100,0,100,"2 point rush left side by Dwayne Smith (WIS) is good."
"222780275",2002,7,"275","Wisconsin","WIS","213","Penn State","PSU","36","0","275","Wisconsin","WIS","213","Penn State","PSU",31,34,4,"1:17","Kickoff Return (Offense)",1,0,44,0,44,"Badgers kickoff, no return by Nittany Lions."
"222780275",2002,7,"275","Wisconsin","WIS","213","Penn State","PSU","37","0","213","Penn State","PSU","275","Wisconsin","WIS",31,34,4,"1:12","Rush",1,10,44,-1,45,"Zack Mills (PSU) rushed up the middle for -1 yards."
"222780275",2002,7,"275","Wisconsin","WIS","213","Penn State","PSU","37","1","213","Penn State","PSU","275","Wisconsin","WIS",31,34,4,"0:51","Timeout",2,11,45,0,45,"Television timeout; 00:51 remaining 4th quarter"
"222780275",2002,7,"275","Wisconsin","WIS","213","Penn State","PSU","37","2","213","Penn State","PSU","275","Wisconsin","WIS",31,34,4,"0:51","Rush",2,11,45,-3,48,"Zack Mills (PSU) rushed up the middle for -3 yards."
"222780275",2002,7,"275","Wisconsin","WIS","213","Penn State","PSU","37","3","213","Penn State","PSU","275","Wisconsin","WIS",31,34,4,"0:38","Timeout",3,14,48,0,48,"Television timeout; 00:38 remaining 4th quarter"
"222780275",2002,7,"275","Wisconsin","WIS","213","Penn State","PSU","37","4","213","Penn State","PSU","275","Wisconsin","WIS",31,34,4,"0:38","Rush",3,14,48,-2,50,"Zack Mills (PSU) rushed up the middle for -2 yards."
"222780275",2002,7,"275","Wisconsin","WIS","213","Penn State","PSU","37","5","213","Penn State","PSU","275","Wisconsin","WIS",31,34,4,"0:00","End Period",4,16,50,0,50,"End of the 4th quarter."