"gameId","year","week","homeId","homeTeam","homeAbbr","awayId","awayTeam","awayAbbr","driveIndex","playIndex","offenseId","offenseTeam","offenseAbbr","defenseId","defenseTeam","defenseAbbr","homeScore","awayScore","quarter","clock","type","down","distance","yardLine","yardsGained","endYardLine","description"
"333482426",2013,16,"2426","Navy","NAVY","349","Army","ARMY","0","0","2426","Navy","NAVY","349","Army","ARMY",0,0,1,"14:56","Pass Completion",1,10,25,6,31,"Keenan Reynolds pass complete to DeBrandon Sanders for 6 yards to the Navy 31."
"333482426",2013,16,"2426","Navy","NAVY","349","Army","ARMY","0","1","2426","Navy","NAVY","349","Army","ARMY",0,0,1,"14:31","Rush",2,4,31,5,36,"Darius Staten rush for 5 yards to the Navy 36 for a 1ST down."
"333482426",2013,16,"2426","Navy","NAVY","349","Army","ARMY","0","2","2426","Navy","NAVY","349","Army","ARMY",0,0,1,"13:55","Rush",1,10,36,6,42,"DeBrandon Sanders rush for 6 yards to the Navy 42."
"333482426",2013,16,"2426","Navy","NAVY","349","Army","ARMY","0","3","2426","Navy","NAVY","349","Army","ARMY",0,0,1,"13:25","Rush",2,4,42,0,42,"Geoffrey Whiteside rush for no gain to the Navy 42."
"333482426",2013,16,"2426","Navy","NAVY","349","Army","ARMY","0","4","2426","Navy","NAVY","349","Army","ARMY",0,0,1,"12:55","Rush",3,4,42,12,54,"Keenan Reynolds rush for 12 yards to the Army 46 for a 1ST down."
"333482426",2013,16,"2426","Navy","NAVY","349","Army","ARMY","0","5","2426","Navy","NAVY","349","Army","ARMY",0,0,1,"12:15","Rush",1,10,54,3,57,"Darius Staten rush for 3 yards to the Army 43."
"333482426",2013,16,"2426","Navy","NAVY","349","Army","ARMY","0","6","2426","Navy","NAVY","349","Army","ARMY",0,0,1,"11:53","Rush",2,7,57,1,58,"Keenan Reynolds rush for 1 yard to the Army 42."
"333482426",2013,16,"2426","Navy","NAVY","349","Army","ARMY","0","7","2426","Navy","NAVY","349","Army","ARMY",0,0,1,"11:14","Pass Incompletion",3,6,58,0,58,"Keenan Reynolds pass incomplete to DeBrandon Sanders."
"333482426",2013,16,"2426","Navy","NAVY","349","Army","ARMY","0","8","2426","Navy","NAVY","349","Army","ARMY",0,0,1,"11:06","Punt",4,6,58,0,80,"Pablo Beltran punt for 42 yards for a touchback."
"333482426",2013,16,"2426","Navy","NAVY","349","Army","ARMY","1","0","349","Army","ARMY","2426","Navy","NAVY",0,0,1,"10:51","Rush",1,10,80,7,73,"Terry Baggett rush for 7 yards to the Army 27."
"333482426",2013,16,"2426","Navy","NAVY","349","Army","ARMY","1","1","349","Army","ARMY","2426","Navy","NAVY",0,0,1,"10:31","Rush",2,3,73,2,71,"Tony Giovannelli rush for 2 yards to the Army 29."
"333482426",2013,16,"2426","Navy","NAVY","349","Army","ARMY","1","2","349","Army","ARMY","2426","Navy","NAVY",0,0,1,"9:53","Rush",3,1,71,4,67,"A.J. Schurr rush for 4 yards to the Army 33 for a 1ST down."
"333482426",2013,16,"2426","Navy","NAVY","349","Army","ARMY","1","3","349","Army","ARMY","2426","Navy","NAVY",0,0,1,"9:31","Rush",1,10,67,-20,87,"A.J. Schurr rush for a loss of 20 yards, fumbled, recovered by Army Larry Dixon at the Army 13."
"333482426",2013,16,"2426","Navy","NAVY","349","Army","ARMY","1","4","349","Army","ARMY","2426","Navy","NAVY",0,0,1,"8:55","Rush",2,30,87,10,77,"Tony Giovannelli rush for 10 yards to the Army 23."
"333482426",2013,16,"2426","Navy","NAVY","349","Army","ARMY","1","5","349","Army","ARMY","2426","Navy","NAVY",0,0,1,"8:21","Rush",3,20,77,6,71,"A.J. Schurr rush for 6 yards to the Army 29."
"333482426",2013,16,"2426","Navy","NAVY","349","Army","ARMY","1","6","349","Army","ARMY","2426","Navy","NAVY",0,0,1,"7:51","Punt",4,14,71,0,32,"Alex Tardieu punt for 39 yards, punt out-of-bounds at the Navy 32."
"333482426",2013,16,"2426","Navy","NAVY","349","Army","ARMY","2","0","2426","Navy","NAVY","349","Army","ARMY",0,0,1,"7:45","Pass Incompletion",1,10,32,0,32,"Keenan Reynolds pass incomplete to DeBrandon Sanders."
"333482426",2013,16,"2426","Navy","NAVY","349","Army","ARMY","2","1","2426","Navy","NAVY","349","Army","ARMY",0,0,1,"7:36","Rush",2,10,32,3,35,"Keenan Reynolds rush for 3 yards to the Navy 35."
"333482426",2013,16,"2426","Navy","NAVY","349","Army","ARMY","2","2","2426","Navy","NAVY","349","Army","ARMY",0,0,1,"6:55","Rush",3,7,35,1,36,"Keenan Reynolds rush for 1 yard to the Navy 36."
"333482426",2013,16,"2426","Navy","NAVY","349","Army","ARMY","2","3","2426","Navy","NAVY","349","Army","ARMY",0,0,1,"6:19","Punt",4,6,36,0,65,"Pablo Beltran punt for 29 yards, punt out-of-bounds at the Army 35."
"333482426",2013,16,"2426","Navy","NAVY","349","Army","ARMY","3","0","349","Army","ARMY","2426","Navy","NAVY",0,0,1,"6:05","Rush",1,10,65,3,62,"Terry Baggett rush for 3 yards to the Army 38."
"333482426",2013,16,"2426","Navy","NAVY","349","Army","ARMY","3","1","349","Army","ARMY","2426","Navy","NAVY",0,0,1,"5:51","Rush",2,7,62,10,52,"Tony Giovannelli rush for 10 yards to the Army 48 for a 1ST down."
"333482426",2013,16,"2426","Navy","NAVY","349","Army","ARMY","3","2","349","Army","ARMY","2426","Navy","NAVY",0,0,1,"5:25","Rush",1,10,52,2,50,"Larry Dixon rush for 2 yards to the 50 yard line."
"333482426",2013,16,"2426","Navy","NAVY","349","Army","ARMY","3","3","349","Army","ARMY","2426","Navy","NAVY",0,0,1,"4:59","Rush",2,8,50,5,45,"Terry Baggett rush for 5 yards to the Navy 45."
"333482426",2013,16,"2426","Navy","NAVY","349","Army","ARMY","3","4","349","Army","ARMY","2426","Navy","NAVY",0,0,1,"4:34","Rush",3,3,45,5,40,"A.J. Schurr rush for 5 yards to the Navy 40 for a 1ST down."
"333482426",2013,16,"2426","Navy","NAVY","349","Army","ARMY","3","5","349","Army","ARMY","2426","Navy","NAVY",0,0,1,"4:18","Pass Incompletion",1,10,40,0,40,"A.J. Schurr pass incomplete."
"333482426",2013,16,"2426","Navy","NAVY","349","Army","ARMY","3","6","349","Army","ARMY","2426","Navy","NAVY",0,0,1,"4:11","Rush",2,10,40,2,38,"A.J. Schurr rush for 2 yards, fumbled, forced by Brendon Clements, recovered by Navy Chris Johnson at the Navy 38."
"333482426",2013,16,"2426","Navy","NAVY","349","Army","ARMY","4","0","2426","Navy","NAVY","349","Army","ARMY",0,0,1,"3:51","Rush",1,10,38,58,96,"Quinton Singleton rush for 58 yards to the Army 4 for a 1ST down."
"333482426",2013,16,"2426","Navy","NAVY","349","Army","ARMY","4","1","2426","Navy","NAVY","349","Army","ARMY",0,0,1,"3:31","Rush",1,0,96,2,98,"Keenan Reynolds rush for 2 yards to the Army 2."
"333482426",2013,16,"2426","Navy","NAVY","349","Army","ARMY","4","2","2426","Navy","NAVY","349","Army","ARMY",0,0,1,"2:55","Rush",2,0,98,0,98,"Keenan Reynolds rush for no gain, fumbled, forced by Jarrett Mackey, recovered by Navy E.K. Binns at the Army 2."
"333482426",2013,16,"2426","Navy","NAVY","349","Army","ARMY","4","3","2426","Navy","NAVY","349","Army","ARMY",0,0,1,"2:03","Rush",3,0,98,0,98,"Noah Copeland rush for no gain to the Army 2."
"333482426",2013,16,"2426","Navy","NAVY","349","Army","ARMY","4","4","2426","Navy","NAVY","349","Army","ARMY",3,0,1,"1:22","Field Goal Good",4,0,98,20,98,"Nick Sloan 20 yard field goal GOOD."
"333482426",2013,16,"2426","Navy","NAVY","349","Army","ARMY","4","5","2426","Navy","NAVY","349","Army","ARMY",3,0,1,"1:22","Kickoff",-1,-1,35,15,69,"Austin Grebe kickoff for 49 yards returned by Julian Crockett for 15 yards to the Army 31."
"333482426",2013,16,"2426","Navy","NAVY","349","Army","ARMY","5","0","349","Army","ARMY","2426","Navy","NAVY",3,0,1,"1:05","Rush",1,10,69,11,58,"Tony Giovannelli rush for 11 yards to the Army 42 for a 1ST down."
"333482426",2013,16,"2426","Navy","NAVY","349","Army","ARMY","5","1","349","Army","ARMY","2426","Navy","NAVY",3,0,1,"0:49","Rush",1,10,58,3,55,"Terry Baggett rush for 3 yards to the Army 45."
"333482426",2013,16,"2426","Navy","NAVY","349","Army","ARMY","5","2","349","Army","ARMY","2426","Navy","NAVY",3,0,1,"0:05","Rush",2,7,55,15,40,"Terry Baggett rush for 15 yards to the Navy 40 for a 1ST down."
"333482426",2013,16,"2426","Navy","NAVY","349","Army","ARMY","5","3","349","Army","ARMY","2426","Navy","NAVY",3,0,2,"14:55","Rush",1,10,40,1,39,"Larry Dixon rush for 1 yard to the Navy 39."
"333482426",2013,16,"2426","Navy","NAVY","349","Army","ARMY","5","4","349","Army","ARMY","2426","Navy","NAVY",3,0,2,"14:35","Rush",2,9,39,4,35,"Tony Giovannelli rush for 4 yards to the Navy 35."
"333482426",2013,16,"2426","Navy","NAVY","349","Army","ARMY","5","5","349","Army","ARMY","2426","Navy","NAVY",3,0,2,"13:41","Rush",3,5,35,2,33,"Angel Santiago rush for 2 yards to the Navy 33."
"333482426",2013,16,"2426","Navy","NAVY","349","Army","ARMY","5","6","349","Army","ARMY","2426","Navy","NAVY",3,0,2,"13:03","Rush",4,3,33,-3,36,"Terry Baggett rush for a loss of 3 yards to the Navy 36."
"333482426",2013,16,"2426","Navy","NAVY","349","Army","ARMY","6","0","2426","Navy","NAVY","349","Army","ARMY",3,0,2,"12:54","Rush",1,10,36,5,41,"Keenan Reynolds rush for 5 yards to the Navy 41."
"333482426",2013,16,"2426","Navy","NAVY","349","Army","ARMY","6","1","2426","Navy","NAVY","349","Army","ARMY",3,0,2,"11:40","Rush",2,5,41,1,42,"Chris Swain rush for 1 yard to the Navy 42."
"333482426",2013,16,"2426","Navy","NAVY","349","Army","ARMY","6","2","2426","Navy","NAVY","349","Army","ARMY",3,0,2,"11:40","Timeout",3,4,42,0,42,"Timeout NAVY, clock 11:40."
"333482426",2013,16,"2426","Navy","NAVY","349","Army","ARMY","6","3","2426","Navy","NAVY","349","Army","ARMY",3,0,2,"11:26","Rush",3,4,42,1,43,"Demond Brown rush for 1 yard to the Navy 43."
"333482426",2013,16,"2426","Navy","NAVY","349","Army","ARMY","6","4","2426","Navy","NAVY","349","Army","ARMY",3,0,2,"10:52","Punt",4,3,43,3,80,"Pablo Beltran punt for 40 yards, returned by Scott Williams for 3 yards to the Army 20."
"333482426",2013,16,"2426","Navy","NAVY","349","Army","ARMY","7","0","349","Army","ARMY","2426","Navy","NAVY",3,0,2,"10:45","Rush",1,10,80,3,77,"Terry Baggett rush for 3 yards to the Army 23."
"333482426",2013,16,"2426","Navy","NAVY","349","Army","ARMY","7","1","349","Army","ARMY","2426","Navy","NAVY",3,0,2,"10:11","Pass Completion",2,7,77,3,74,"Angel Santiago pass complete to Xavier Moss for 3 yards to the Army 26."
"333482426",2013,16,"2426","Navy","NAVY","349","Army","ARMY","7","2","349","Army","ARMY","2426","Navy","NAVY",3,0,2,"9:41","Rush",3,4,74,1,73,"Angel Santiago rush for 1 yard to the Army 27."
"333482426",2013,16,"2426","Navy","NAVY","349","Army","ARMY","7","3","349","Army","ARMY","2426","Navy","NAVY",3,0,2,"9:00","Punt",4,3,73,0,42,"Alex Tardieu punt for 31 yards, downed at the Navy 42."
"333482426",2013,16,"2426","Navy","NAVY","349","Army","ARMY","8","0","2426","Navy","NAVY","349","Army","ARMY",3,0,2,"8:53","Pass Incompletion",1,10,42,0,42,"Keenan Reynolds pass incomplete to Casey Bolena."
"333482426",2013,16,"2426","Navy","NAVY","349","Army","ARMY","8","1","2426","Navy","NAVY","349","Army","ARMY",3,0,2,"8:41","Pass Completion",2,10,42,4,46,"Keenan Reynolds pass complete to Shawn Lynch for 4 yards to the Navy 46."
"333482426",2013,16,"2426","Navy","NAVY","349","Army","ARMY","8","2","2426","Navy","NAVY","349","Army","ARMY",3,0,2,"8:31","Penalty",3,6,46,0,61,"ARMY penalty 14 yard Personal Foul on Robert Kough accepted."
"333482426",2013,16,"2426","Navy","NAVY","349","Army","ARMY","8","3","2426","Navy","NAVY","349","Army","ARMY",9,0,2,"8:15","Rush",1,10,61,39,100,"Noah Copeland rush for 39 yards for a TOUCHDOWN."
"333482426",2013,16,"2426","Navy","NAVY","349","Army","ARMY","8","4","2426","Navy","NAVY","349","Army","ARMY",10,0,2,"8:15","Extra Point Good",-1,-1,100,0,100,"Nick Sloan extra point GOOD."
"333482426",2013,16,"2426","Navy","NAVY","349","Army","ARMY","8","5","2426","Navy","NAVY","349","Army","ARMY",3,0,2,"8:15","Kickoff",-1,-1,35,16,71,"Austin Grebe kickoff for 52 yards returned by Julian Crockett for 16 yards to the Army 29."
"333482426",2013,16,"2426","Navy","NAVY","349","Army","ARMY","9","0","349","Army","ARMY","2426","Navy","NAVY",10,0,2,"8:01","Rush",1,10,71,-1,72,"Angel Santiago rush for a loss of 1 yard to the Army 28."
"333482426",2013,16,"2426","Navy","NAVY","349","Army","ARMY","9","1","349","Army","ARMY","2426","Navy","NAVY",10,0,2,"7:21","Rush",2,11,72,5,67,"Larry Dixon rush for 5 yards to the Army 33."
"333482426",2013,16,"2426","Navy","NAVY","349","Army","ARMY","9","2","349","Army","ARMY","2426","Navy","NAVY",10,0,2,"6:45","Pass Interception",3,6,67,1,51,"Angel Santiago pass intercepted by Brendon Clements at the  50 yard line, returned for 1 yard to the Army 49."
"333482426",2013,16,"2426","Navy","NAVY","349","Army","ARMY","10","0","2426","Navy","NAVY","349","Army","ARMY",10,0,2,"6:38","Rush",1,10,51,3,54,"Keenan Reynolds rush for 3 yards to the Army 46."
"333482426",2013,16,"2426","Navy","NAVY","349","Army","ARMY","10","1","2426","Navy","NAVY","349","Army","ARMY",10,0,2,"5:57","Rush",2,7,54,-4,50,"Keenan Reynolds rush for a loss of 4 yards to the 50 yard line."
"333482426",2013,16,"2426","Navy","NAVY","349","Army","ARMY","10","2","2426","Navy","NAVY","349","Army","ARMY",10,0,2,"5:17","Timeout",3,11,50,0,50,"Timeout NAVY, clock 5:17."
"333482426",2013,16,"2426","Navy","NAVY","349","Army","ARMY","10","3","2426","Navy","NAVY","349","Army","ARMY",10,0,2,"5:11","Pass Incompletion",3,11,50,0,50,"Keenan Reynolds pass incomplete to Shawn Lynch."
"333482426",2013,16,"2426","Navy","NAVY","349","Army","ARMY","10","4","2426","Navy","NAVY","349","Army","ARMY",10,0,2,"4:59","Punt",4,11,50,0,94,"Pablo Beltran punt for 44 yards, downed at the Army 6."
"333482426",2013,16,"2426","Navy","NAVY","349","Army","ARMY","11","0","349","Army","ARMY","2426","Navy","NAVY",10,0,2,"4:51","Rush",1,10,94,3,91,"Larry Dixon rush for 3 yards to the Army 9."
"333482426",2013,16,"2426","Navy","NAVY","349","Army","ARMY","11","1","349","Army","ARMY","2426","Navy","NAVY",10,0,2,"4:16","Rush",2,7,91,2,89,"Larry Dixon rush for 2 yards to the Army 11."
"333482426",2013,16,"2426","Navy","NAVY","349","Army","ARMY","11","2","349","Army","ARMY","2426","Navy","NAVY",10,0,2,"3:45","Rush",3,5,89,2,87,"Terry Baggett rush for 2 yards to the Army 13."
"333482426",2013,16,"2426","Navy","NAVY","349","Army","ARMY","11","3","349","Army","ARMY","2426","Navy","NAVY",10,0,2,"2:55","Timeout",4,3,87,0,87,"Timeout ARMY, clock 2:55."
"333482426",2013,16,"2426","Navy","NAVY","349","Army","ARMY","11","4","349","Army","ARMY","2426","Navy","NAVY",10,0,2,"2:48","Punt",4,3,87,0,53,"Alex Tardieu punt for 34 yards, fair catch by Shawn Lynch at the Army 47."
"333482426",2013,16,"2426","Navy","NAVY","349","Army","ARMY","12","0","2426","Navy","NAVY","349","Army","ARMY",16,0,2,"2:38","Rush",1,10,53,47,100,"Keenan Reynolds rush for 47 yards for a TOUCHDOWN."
"333482426",2013,16,"2426","Navy","NAVY","349","Army","ARMY","12","1","2426","Navy","NAVY","349","Army","ARMY",17,0,2,"2:38","Extra Point Good",-1,-1,97,0,97,"Nick Sloan extra point GOOD."
"333482426",2013,16,"2426","Navy","NAVY","349","Army","ARMY","12","2","2426","Navy","NAVY","349","Army","ARMY",10,0,2,"2:38","Kickoff",-1,-1,35,0,65,"Austin Grebe kickoff for 63 yards out-of-bounds."
"333482426",2013,16,"2426","Navy","NAVY","349","Army","ARMY","13","0","349","Army","ARMY","2426","Navy","NAVY",17,0,2,"2:31","Pass Completion",1,10,65,8,57,"Angel Santiago pass complete to Xavier Moss for 8 yards to the Army 43."
"333482426",2013,16,"2426","Navy","NAVY","349","Army","ARMY","13","1","349","Army","ARMY","2426","Navy","NAVY",17,0,2,"2:01","Pass Completion",2,2,57,5,52,"Angel Santiago pass complete to Xavier Moss for 5 yards to the Army 48 for a 1ST down."
"333482426",2013,16,"2426","Navy","NAVY","349","Army","ARMY","13","2","349","Army","ARMY","2426","Navy","NAVY",17,0,2,"1:41","Pass Incompletion",1,10,52,0,52,"Angel Santiago pass incomplete to Xavier Moss."
"333482426",2013,16,"2426","Navy","NAVY","349","Army","ARMY","13","3","349","Army","ARMY","2426","Navy","NAVY",17,0,2,"1:38","Pass Incompletion",2,10,52,0,52,"Angel Santiago pass incomplete to Xavier Moss."
"333482426",2013,16,"2426","Navy","NAVY","349","Army","ARMY","13","4","349","Army","ARMY","2426","Navy","NAVY",17,0,2,"1:33","Pass Incompletion",3,10,52,0,52,"Angel Santiago pass incomplete to Chevaughn Lawrence."
"333482426",2013,16,"2426","Navy","NAVY","349","Army","ARMY","13","5","349","Army","ARMY","2426","Navy","NAVY",17,0,2,"1:23","Punt",4,10,52,0,8,"Alex Tardieu punt for 44 yards, downed at the Navy 8."
"333482426",2013,16,"2426","Navy","NAVY","349","Army","ARMY","14","0","2426","Navy","NAVY","349","Army","ARMY",17,0,2,"1:15","Rush",1,10,8,1,9,"Keenan Reynolds rush for 1 yard to the Navy 9."
"333482426",2013,16,"2426","Navy","NAVY","349","Army","ARMY","14","1","2426","Navy","NAVY","349","Army","ARMY",17,0,2,"1:11","Timeout",2,9,9,0,9,"Timeout ARMY, clock 1:11."
"333482426",2013,16,"2426","Navy","NAVY","349","Army","ARMY","14","2","2426","Navy","NAVY","349","Army","ARMY",17,0,2,"1:05","Rush",2,9,9,6,15,"Keenan Reynolds rush for 6 yards to the Navy 15."
"333482426",2013,16,"2426","Navy","NAVY","349","Army","ARMY","14","3","2426","Navy","NAVY","349","Army","ARMY",17,0,2,"1:05","Timeout",3,3,15,0,15,"Timeout ARMY, clock 1:05."
"333482426",2013,16,"2426","Navy","NAVY","349","Army","ARMY","14","4","2426","Navy","NAVY","349","Army","ARMY",17,0,2,"0:56","Rush",3,3,15,-4,11,"Keenan Reynolds rush for a loss of 4 yards to the Navy 11."
"333482426",2013,16,"2426","Navy","NAVY","349","Army","ARMY","14","5","2426","Navy","NAVY","349","Army","ARMY",17,0,2,"0:20","Timeout",4,7,11,0,11,"Timeout NAVY, clock 0:20."
"333482426",2013,16,"2426","Navy","NAVY","349","Army","ARMY","14","6","2426","Navy","NAVY","349","Army","ARMY",17,0,2,"0:08","Punt",4,7,11,0,62,"Pablo Beltran punt for 51 yards, downed at the Army 38."
"333482426",2013,16,"2426","Navy","NAVY","349","Army","ARMY","15","0","349","Army","ARMY","2426","Navy","NAVY",17,0,2,"0:01","Rush",1,10,62,-2,64,"Team rush for a loss of 2 yards to the Army 36."
"333482426",2013,16,"2426","Navy","NAVY","349","Army","ARMY","15","1","2426","Navy","NAVY","349","Army","ARMY",17,0,3,"15:00","Kickoff",-1,-1,35,16,72,"Austin Grebe kickoff for 53 yards returned by Julian Crockett for 16 yards to the Army 28."
"333482426",2013,16,"2426","Navy","NAVY","349","Army","ARMY","16","0","349","Army","ARMY","2426","Navy","NAVY",17,0,3,"14:55","Penalty",1,10,86,0,86,"ARMY penalty 14 yard Personal Foul accepted."
"333482426",2013,16,"2426","Navy","NAVY","349","Army","ARMY","16","1","349","Army","ARMY","2426","Navy","NAVY",17,0,3,"14:31","Rush",1,10,86,-5,91,"Tony Giovannelli rush for a loss of 5 yards to the Army 9."
"333482426",2013,16,"2426","Navy","NAVY","349","Army","ARMY","16","2","349","Army","ARMY","2426","Navy","NAVY",17,0,3,"14:09","Rush",2,15,91,6,85,"Tony Giovannelli rush for 6 yards to the Army 15."
"333482426",2013,16,"2426","Navy","NAVY","349","Army","ARMY","16","3","349","Army","ARMY","2426","Navy","NAVY",17,0,3,"13:35","Rush",3,9,85,-3,88,"Terry Baggett rush for a loss of 3 yards, fumbled, recovered by Army Terry Baggett at the Army 12."
"333482426",2013,16,"2426","Navy","NAVY","349","Army","ARMY","16","4","349","Army","ARMY","2426","Navy","NAVY",17,0,3,"12:42","Punt",4,12,88,5,51,"Alex Tardieu punt for 42 yards, returned by Shawn Lynch for 5 yards to the Army 49."
"333482426",2013,16,"2426","Navy","NAVY","349","Army","ARMY","17","0","2426","Navy","NAVY","349","Army","ARMY",17,0,3,"12:32","Rush",1,10,51,8,59,"Chris Swain rush for 8 yards to the Army 41."
"333482426",2013,16,"2426","Navy","NAVY","349","Army","ARMY","17","1","2426","Navy","NAVY","349","Army","ARMY",17,0,3,"12:05","Rush",2,2,59,3,62,"Chris Swain rush for 3 yards to the Army 38 for a 1ST down."
"333482426",2013,16,"2426","Navy","NAVY","349","Army","ARMY","17","2","2426","Navy","NAVY","349","Army","ARMY",17,0,3,"11:35","Rush",1,10,62,3,65,"Chris Swain rush for 3 yards to the Army 35."
"333482426",2013,16,"2426","Navy","NAVY","349","Army","ARMY","17","3","2426","Navy","NAVY","349","Army","ARMY",17,0,3,"10:51","Rush",2,7,65,4,69,"Keenan Reynolds rush for 4 yards to the Army 31."
"333482426",2013,16,"2426","Navy","NAVY","349","Army","ARMY","17","4","2426","Navy","NAVY","349","Army","ARMY",17,0,3,"10:25","Rush",3,3,69,0,69,"Keenan Reynolds rush for no gain to the Army 31."
"333482426",2013,16,"2426","Navy","NAVY","349","Army","ARMY","17","5","2426","Navy","NAVY","349","Army","ARMY",17,0,3,"9:39","Rush",4,3,69,2,71,"Quinton Singleton rush for 2 yards to the Army 29."
"333482426",2013,16,"2426","Navy","NAVY","349","Army","ARMY","18","0","349","Army","ARMY","2426","Navy","NAVY",17,0,3,"9:31","Rush",1,10,71,11,60,"Larry Dixon rush for 11 yards to the Army 40 for a 1ST down."
"333482426",2013,16,"2426","Navy","NAVY","349","Army","ARMY","18","1","349","Army","ARMY","2426","Navy","NAVY",17,0,3,"9:07","Rush",1,10,60,2,58,"Angel Santiago rush for 2 yards to the Army 42."
"333482426",2013,16,"2426","Navy","NAVY","349","Army","ARMY","18","2","349","Army","ARMY","2426","Navy","NAVY",17,0,3,"8:26","Rush",2,8,58,26,32,"Angel Santiago rush for 26 yards to the Navy 32 for a 1ST down."
"333482426",2013,16,"2426","Navy","NAVY","349","Army","ARMY","18","3","349","Army","ARMY","2426","Navy","NAVY",17,0,3,"8:01","Rush",1,10,32,-4,36,"Angel Santiago rush for a loss of 4 yards, fumbled, recovered by Army Angel Santiago at the Navy 36."
"333482426",2013,16,"2426","Navy","NAVY","349","Army","ARMY","18","4","349","Army","ARMY","2426","Navy","NAVY",17,0,3,"7:26","Pass Completion",2,14,36,29,7,"Angel Santiago pass complete to Xavier Moss for 29 yards to the Navy 7 for a 1ST down."
"333482426",2013,16,"2426","Navy","NAVY","349","Army","ARMY","18","5","349","Army","ARMY","2426","Navy","NAVY",17,0,3,"7:04","Rush",1,0,7,3,4,"Terry Baggett rush for 3 yards to the Navy 4."
"333482426",2013,16,"2426","Navy","NAVY","349","Army","ARMY","18","6","349","Army","ARMY","2426","Navy","NAVY",17,6,3,"6:36","Rush",2,0,4,4,0,"Angel Santiago rush for 4 yards for a TOUCHDOWN."
"333482426",2013,16,"2426","Navy","NAVY","349","Army","ARMY","18","7","349","Army","ARMY","2426","Navy","NAVY",17,7,3,"6:36","Extra Point Good",-1,-1,3,0,3,"Daniel Grochowski extra point GOOD."
"333482426",2013,16,"2426","Navy","NAVY","349","Army","ARMY","18","8","349","Army","ARMY","2426","Navy","NAVY",17,0,3,"6:36","Kickoff",-1,-1,65,16,33,"Daniel Grochowski kickoff for 48 yards returned by Demond Brown for 16 yards to the Navy 33."
"333482426",2013,16,"2426","Navy","NAVY","349","Army","ARMY","19","0","2426","Navy","NAVY","349","Army","ARMY",17,7,3,"6:20","Rush",1,10,33,6,39,"Noah Copeland rush for 6 yards to the Navy 39."
"333482426",2013,16,"2426","Navy","NAVY","349","Army","ARMY","19","1","2426","Navy","NAVY","349","Army","ARMY",17,7,3,"5:59","Rush",2,4,39,6,45,"Noah Copeland rush for 6 yards to the Navy 45 for a 1ST down."
"333482426",2013,16,"2426","Navy","NAVY","349","Army","ARMY","19","2","2426","Navy","NAVY","349","Army","ARMY",17,7,3,"5:41","Rush",1,10,45,1,46,"Quinton Singleton rush for 1 yard to the Navy 46."
"333482426",2013,16,"2426","Navy","NAVY","349","Army","ARMY","19","3","2426","Navy","NAVY","349","Army","ARMY",17,7,3,"5:17","Rush",2,9,46,0,46,"Quinton Singleton rush for no gain to the Navy 46."
"333482426",2013,16,"2426","Navy","NAVY","349","Army","ARMY","19","4","2426","Navy","NAVY","349","Army","ARMY",17,7,3,"4:35","Rush",3,9,46,8,54,"Keenan Reynolds rush for 8 yards to the Army 46."
"333482426",2013,16,"2426","Navy","NAVY","349","Army","ARMY","19","5","2426","Navy","NAVY","349","Army","ARMY",17,7,3,"4:17","Rush",4,1,54,1,55,"Keenan Reynolds rush for 1 yard to the Army 45 for a 1ST down."
"333482426",2013,16,"2426","Navy","NAVY","349","Army","ARMY","19","6","2426","Navy","NAVY","349","Army","ARMY",17,7,3,"3:58","Rush",1,10,55,9,64,"Chris Swain rush for 9 yards to the Army 36."
"333482426",2013,16,"2426","Navy","NAVY","349","Army","ARMY","19","7","2426","Navy","NAVY","349","Army","ARMY",17,7,3,"3:35","Penalty",2,1,64,0,80,"ARMY penalty 16 yard Roughing Passer on Kyle Maxwell accepted, no play."
"333482426",2013,16,"2426","Navy","NAVY","349","Army","ARMY","19","8","2426","Navy","NAVY","349","Army","ARMY",17,7,3,"3:07","Rush",1,10,80,1,81,"Chris Swain rush for 1 yard to the Army 19."
"333482426",2013,16,"2426","Navy","NAVY","349","Army","ARMY","19","9","2426","Navy","NAVY","349","Army","ARMY",17,7,3,"2:45","Rush",2,9,81,6,87,"Keenan Reynolds rush for 6 yards to the Army 13."
"333482426",2013,16,"2426","Navy","NAVY","349","Army","ARMY","19","10","2426","Navy","NAVY","349","Army","ARMY",17,7,3,"2:14","Penalty",3,3,87,0,77,"NAVY penalty 10 yard Holding accepted."
"333482426",2013,16,"2426","Navy","NAVY","349","Army","ARMY","19","11","2426","Navy","NAVY","349","Army","ARMY",17,7,3,"1:38","Rush",3,12,77,7,84,"Keenan Reynolds rush for 7 yards to the Army 16."
"333482426",2013,16,"2426","Navy","NAVY","349","Army","ARMY","19","12","2426","Navy","NAVY","349","Army","ARMY",20,7,3,"1:04","Field Goal Good",4,5,84,34,84,"Nick Sloan 34 yard field goal GOOD."
"333482426",2013,16,"2426","Navy","NAVY","349","Army","ARMY","19","13","2426","Navy","NAVY","349","Army","ARMY",20,7,3,"1:04","Kickoff",-1,-1,35,26,65,"Austin Grebe kickoff for 56 yards returned by Julian Crockett for 26 yards to the Army 35."
"333482426",2013,16,"2426","Navy","NAVY","349","Army","ARMY","20","0","349","Army","ARMY","2426","Navy","NAVY",20,7,3,"0:56","Pass Completion",1,10,65,5,60,"Angel Santiago pass complete to Xavier Moss for 5 yards to the Army 40."
"333482426",2013,16,"2426","Navy","NAVY","349","Army","ARMY","20","1","349","Army","ARMY","2426","Navy","NAVY",20,7,3,"0:45","Rush",2,5,60,4,56,"Larry Dixon rush for 4 yards to the Army 44."
"333482426",2013,16,"2426","Navy","NAVY","349","Army","ARMY","20","2","349","Army","ARMY","2426","Navy","NAVY",20,7,3,"0:01","Penalty",3,1,56,0,61,"ARMY penalty 5 yard False Start on Larry Dixon accepted."
"333482426",2013,16,"2426","Navy","NAVY","349","Army","ARMY","20","3","349","Army","ARMY","2426","Navy","NAVY",20,7,4,"14:55","Rush",3,6,61,3,58,"Larry Dixon rush for 3 yards to the Army 42."
"333482426",2013,16,"2426","Navy","NAVY","349","Army","ARMY","20","4","349","Army","ARMY","2426","Navy","NAVY",20,7,4,"14:17","Rush",4,3,58,2,56,"Larry Dixon rush for 2 yards to the Army 44."
"333482426",2013,16,"2426","Navy","NAVY","349","Army","ARMY","21","0","2426","Navy","NAVY","349","Army","ARMY",20,7,4,"14:05","Rush",1,10,56,3,59,"Noah Copeland rush for 3 yards to the Army 41."
"333482426",2013,16,"2426","Navy","NAVY","349","Army","ARMY","21","1","2426","Navy","NAVY","349","Army","ARMY",20,7,4,"13:35","Rush",2,7,59,0,59,"Keenan Reynolds rush for no gain to the Army 41."
"333482426",2013,16,"2426","Navy","NAVY","349","Army","ARMY","21","2","2426","Navy","NAVY","349","Army","ARMY",20,7,4,"12:48","Pass Incompletion",3,7,59,0,59,"Keenan Reynolds pass incomplete to DeBrandon Sanders."
"333482426",2013,16,"2426","Navy","NAVY","349","Army","ARMY","21","3","2426","Navy","NAVY","349","Army","ARMY",20,7,4,"12:45","Punt",4,7,59,0,80,"Pablo Beltran punt for 41 yards for a touchback."
"333482426",2013,16,"2426","Navy","NAVY","349","Army","ARMY","22","0","349","Army","ARMY","2426","Navy","NAVY",20,7,4,"12:39","Pass Incompletion",1,10,80,0,80,"Angel Santiago pass incomplete to Xavier Moss."
"333482426",2013,16,"2426","Navy","NAVY","349","Army","ARMY","22","1","349","Army","ARMY","2426","Navy","NAVY",20,7,4,"12:32","Rush",2,10,80,2,78,"Angel Santiago rush for 2 yards to the Army 22."
"333482426",2013,16,"2426","Navy","NAVY","349","Army","ARMY","22","2","349","Army","ARMY","2426","Navy","NAVY",20,7,4,"12:11","Rush",3,8,78,3,75,"Angel Santiago rush for 3 yards to the Army 25."
"333482426",2013,16,"2426","Navy","NAVY","349","Army","ARMY","22","3","349","Army","ARMY","2426","Navy","NAVY",20,7,4,"11:18","Punt",4,5,75,0,47,"Alex Tardieu punt for 28 yards, downed at the Navy 47."
"333482426",2013,16,"2426","Navy","NAVY","349","Army","ARMY","23","0","2426","Navy","NAVY","349","Army","ARMY",20,7,4,"11:10","Rush",1,10,47,1,48,"Keenan Reynolds rush for 1 yard to the Navy 48."
"333482426",2013,16,"2426","Navy","NAVY","349","Army","ARMY","23","1","2426","Navy","NAVY","349","Army","ARMY",20,7,4,"10:35","Rush",2,9,48,21,69,"Geoffrey Whiteside rush for 21 yards to the Army 31 for a 1ST down."
"333482426",2013,16,"2426","Navy","NAVY","349","Army","ARMY","23","2","2426","Navy","NAVY","349","Army","ARMY",20,7,4,"9:53","Rush",1,10,69,1,70,"Keenan Reynolds rush for 1 yard to the Army 30."
"333482426",2013,16,"2426","Navy","NAVY","349","Army","ARMY","23","3","2426","Navy","NAVY","349","Army","ARMY",20,7,4,"8:53","Rush",2,9,70,2,72,"Keenan Reynolds rush for 2 yards to the Army 28."
"333482426",2013,16,"2426","Navy","NAVY","349","Army","ARMY","23","4","2426","Navy","NAVY","349","Army","ARMY",20,7,4,"8:22","Rush",3,7,72,8,80,"Keenan Reynolds rush for 8 yards to the Army 20 for a 1ST down."
"333482426",2013,16,"2426","Navy","NAVY","349","Army","ARMY","23","5","2426","Navy","NAVY","349","Army","ARMY",20,7,4,"7:47","Rush",1,10,80,6,86,"Keenan Reynolds rush for 6 yards to the Army 14."
"333482426",2013,16,"2426","Navy","NAVY","349","Army","ARMY","23","6","2426","Navy","NAVY","349","Army","ARMY",20,7,4,"7:05","Rush",2,4,86,3,89,"Keenan Reynolds rush for 3 yards to the Army 11."
"333482426",2013,16,"2426","Navy","NAVY","349","Army","ARMY","23","7","2426","Navy","NAVY","349","Army","ARMY",20,7,4,"6:25","Timeout",3,1,89,0,89,"Timeout NAVY, clock 6:25."
"333482426",2013,16,"2426","Navy","NAVY","349","Army","ARMY","23","8","2426","Navy","NAVY","349","Army","ARMY",26,7,4,"6:22","Rush",3,1,89,11,100,"Keenan Reynolds rush for 11 yards for a TOUCHDOWN."
"333482426",2013,16,"2426","Navy","NAVY","349","Army","ARMY","23","9","2426","Navy","NAVY","349","Army","ARMY",26,7,4,"6:22","Timeout",3,0,97,0,97,"Timeout NAVY, clock 06:22."
"333482426",2013,16,"2426","Navy","NAVY","349","Army","ARMY","23","10","2426","Navy","NAVY","349","Army","ARMY",28,7,4,"6:22","2pt Conversion",-1,-1,97,0,97,"Two-point conversion attempt, Brendan Dudeck pass to Keenan Reynolds GOOD."
"333482426",2013,16,"2426","Navy","NAVY","349","Army","ARMY","23","11","2426","Navy","NAVY","349","Army","ARMY",20,7,4,"6:22","Kickoff",-1,-1,35,17,69,"Austin Grebe kickoff for 51 yards returned by Julian Crockett for 17 yards to the Army 31."
"333482426",2013,16,"2426","Navy","NAVY","349","Army","ARMY","24","0","349","Army","ARMY","2426","Navy","NAVY",28,7,4,"6:01","Rush",1,10,69,5,64,"Angel Santiago rush for 5 yards, fumbled, forced by Cody Peterson, recovered by Navy Will Anthony at the Army 36."
"333482426",2013,16,"2426","Navy","NAVY","349","Army","ARMY","25","0","2426","Navy","NAVY","349","Army","ARMY",28,7,4,"5:51","Rush",1,10,64,7,71,"DeBrandon Sanders rush for 7 yards to the Army 29."
"333482426",2013,16,"2426","Navy","NAVY","349","Army","ARMY","25","1","2426","Navy","NAVY","349","Army","ARMY",28,7,4,"5:04","Rush",2,3,71,11,82,"Brendan Dudeck rush for 11 yards to the Army 18 for a 1ST down."
"333482426",2013,16,"2426","Navy","NAVY","349","Army","ARMY","25","2","2426","Navy","NAVY","349","Army","ARMY",28,7,4,"4:30","Rush",1,10,82,7,89,"Demond Brown rush for 7 yards to the Army 11."
"333482426",2013,16,"2426","Navy","NAVY","349","Army","ARMY","25","3","2426","Navy","NAVY","349","Army","ARMY",28,7,4,"4:15","Rush",2,3,89,1,90,"Darius Staten rush for 1 yard to the Army 10."
"333482426",2013,16,"2426","Navy","NAVY","349","Army","ARMY","25","4","2426","Navy","NAVY","349","Army","ARMY",28,7,4,"3:05","Rush",3,2,90,2,92,"Darius Staten rush for 2 yards to the Army 8 for a 1ST down."
"333482426",2013,16,"2426","Navy","NAVY","349","Army","ARMY","25","5","2426","Navy","NAVY","349","Army","ARMY",28,7,4,"2:24","Rush",1,0,92,3,95,"Marcus Thomas rush for 3 yards to the Army 5."
"333482426",2013,16,"2426","Navy","NAVY","349","Army","ARMY","25","6","2426","Navy","NAVY","349","Army","ARMY",28,7,4,"1:45","Rush",2,0,95,4,99,"Keenan Reynolds rush for 4 yards to the Army 1."
"333482426",2013,16,"2426","Navy","NAVY","349","Army","ARMY","25","7","2426","Navy","NAVY","349","Army","ARMY",28,7,4,"1:04","Rush",3,0,99,0,99,"Keenan Reynolds rush for no gain to the Army 1."
"333482426",2013,16,"2426","Navy","NAVY","349","Army","ARMY","25","8","2426","Navy","NAVY","349","Army","ARMY",34,7,4,"0:46","Rush",4,0,99,1,100,"Keenan Reynolds rush for 1 yard for a TOUCHDOWN."
"333482426",2013,16,"2426","Navy","NAVY","349","Army","ARMY","25","9","2426","Navy","NAVY","349","Army","ARMY",34,7,4,"0:46","Extra Point Missed",-1,-1,97,0,97,"Nick Sloan extra point MISSED."
"333482426",2013,16,"2426","Navy","NAVY","349","Army","ARMY","25","10","2426","Navy","NAVY","349","Army","ARMY",34,7,4,"0:46","Kickoff",-1,-1,35,10,79,"Austin Grebe kickoff for 54 yards returned by Julian Crockett for 10 yards to the Army 21."
"333482426",2013,16,"2426","Navy","NAVY","349","Army","ARMY","26","0","349","Army","ARMY","2426","Navy","NAVY",34,7,4,"0:35","Rush",1,10,79,6,73,"Hayden Tippett rush for 6 yards to the Army 27."
"333482426",2013,16,"2426","Navy","NAVY","349","Army","ARMY","26","1","349","Army","ARMY","2426","Navy","NAVY",34,7,4,"0:21","Rush",2,4,73,4,69,"Hayden Tippett rush for 4 yards to the Army 31 for a 1ST down."
"333482426",2013,16,"2426","Navy","NAVY","349","Army","ARMY","26","2","349","Army","ARMY","2426","Navy","NAVY",34,7,4,"0:02","Rush",1,10,69,6,63,"Terry Baggett rush for 6 yards to the Army 37."