"gameId","year","week","homeId","homeTeam","homeAbbr","awayId","awayTeam","awayAbbr","driveIndex","playIndex","offenseId","offenseTeam","offenseAbbr","defenseId","defenseTeam","defenseAbbr","homeScore","awayScore","quarter","clock","wallclock","type","down","distance","yardLine","yardsGained","endYardLine","description"
"400760500",2015,15,"2426","Navy","NAVY","349","Army","ARMY","0","0","349","Army","ARMY","2426","Navy","NAVY",0,0,1,"15:00","2015-12-12T18:08:04Z","Kickoff",1,10,65,0,25,"Daniel Grochowski kickoff for 65 yds for a touchback"
"400760500",2015,15,"2426","Navy","NAVY","349","Army","ARMY","0","1","2426","Navy","NAVY","349","Army","ARMY",0,0,1,"14:30","2015-12-12T18:12:02Z","Pass Reception",1,10,25,9,34,"Keenan Reynolds pass complete to Jamir Tillman for 9 yds to the Navy 34"
"400760500",2015,15,"2426","Navy","NAVY","349","Army","ARMY","0","2","2426","Navy","NAVY","349","Army","ARMY",0,0,1,"14:00","2015-12-12T18:12:02Z","Rush",2,1,34,8,42,"Chris Swain run for 8 yds to the Navy 42 for a 1ST down"
"400760500",2015,15,"2426","Navy","NAVY","349","Army","ARMY","0","3","2426","Navy","NAVY","349","Army","ARMY",0,0,1,"13:30","2015-12-12T18:12:02Z","Rush",1,10,42,4,46,"Chris Swain run for 4 yds to the Navy 46"
"400760500",2015,15,"2426","Navy","NAVY","349","Army","ARMY","0","4","2426","Navy","NAVY","349","Army","ARMY",0,0,1,"13:00","2015-12-12T18:12:02Z","Pass Reception",2,6,46,3,49,"Keenan Reynolds pass complete to Jamir Tillman for 3 yds to the Navy 49"
"400760500",2015,15,"2426","Navy","NAVY","349","Army","ARMY","0","5","2426","Navy","NAVY","349","Army","ARMY",0,0,1,"12:40","2015-12-12T18:12:02Z","Rush",3,3,49,-2,47,"Dishan Romine run for a loss of 2 yards to the Navy 47"
"400760500",2015,15,"2426","Navy","NAVY","349","Army","ARMY","0","6","2426","Navy","NAVY","349","Army","ARMY",0,0,1,"11:44","2015-12-12T18:12:02Z","Punt",4,5,47,50,40,"Alex Barta punt for 43 yds , Edgar Poe returns for 50 yds to the Navy 40"
"400760500",2015,15,"2426","Navy","NAVY","349","Army","ARMY","1","0","349","Army","ARMY","2426","Navy","NAVY",0,0,1,"11:30","2015-12-12T18:12:02Z","Rush",1,10,40,-8,48,"Chris Carter run for 7 yds to the Navy 33 ARMY Penalty, Personal Foul (Jaryn Villegas) to the Navy 48"
"400760500",2015,15,"2426","Navy","NAVY","349","Army","ARMY","1","1","349","Army","ARMY","2426","Navy","NAVY",0,0,1,"10:45","2015-12-12T18:21:20Z","Fumble Recovery (Own)",2,18,48,-2,50,"Chris Carter run for a loss of 2 yards to the 50 yard line Chris Carter fumbled, recovered by Army Chris Carter , return to the 50 yard line"
"400760500",2015,15,"2426","Navy","NAVY","349","Army","ARMY","1","2","349","Army","ARMY","2426","Navy","NAVY",0,0,1,"10:30","2015-12-12T18:12:02Z","Pass Reception",3,20,50,31,19,"Chris Carter pass complete to Edgar Poe for 31 yds to the Navy 19 for a 1ST down"
"400760500",2015,15,"2426","Navy","NAVY","349","Army","ARMY","1","3","349","Army","ARMY","2426","Navy","NAVY",0,0,1,"9:45","2015-12-12T18:12:02Z","Rush",1,10,19,2,17,"Chris Carter run for 2 yds to the Navy 17"
"400760500",2015,15,"2426","Navy","NAVY","349","Army","ARMY","1","4","349","Army","ARMY","2426","Navy","NAVY",0,0,1,"9:00","2015-12-12T18:12:02Z","Rush",2,8,17,3,14,"Aaron Kemper run for 3 yds to the Navy 14"
"400760500",2015,15,"2426","Navy","NAVY","349","Army","ARMY","1","5","349","Army","ARMY","2426","Navy","NAVY",0,0,1,"8:35","2015-12-12T18:12:02Z","Pass Incompletion",3,5,14,0,14,"Chris Carter pass incomplete to Kelvin White, broken up by Daiquan Thomasson"
"400760500",2015,15,"2426","Navy","NAVY","349","Army","ARMY","1","6","349","Army","ARMY","2426","Navy","NAVY",0,3,1,"8:31","2015-12-12T18:24:15Z","Field Goal Good",4,5,14,32,14,"Daniel Grochowski 32 Yd Field Goal "
"400760500",2015,15,"2426","Navy","NAVY","349","Army","ARMY","2","0","349","Army","ARMY","2426","Navy","NAVY",0,3,1,"8:31","2015-12-12T18:24:15Z","Kickoff",4,5,65,0,25,"Daniel Grochowski kickoff for 65 yds for a touchback"
"400760500",2015,15,"2426","Navy","NAVY","349","Army","ARMY","2","1","2426","Navy","NAVY","349","Army","ARMY",0,3,1,"8:25","2015-12-12T18:12:02Z","Rush",1,10,25,17,42,"Keenan Reynolds run for 17 yds to the Navy 42 for a 1ST down"
"400760500",2015,15,"2426","Navy","NAVY","349","Army","ARMY","2","2","2426","Navy","NAVY","349","Army","ARMY",7,3,1,"7:58","2015-12-12T18:12:02Z","Rushing Touchdown",1,10,42,58,100,"Keenan Reynolds 58 Yd Run (Austin Grebe Kick)"
"400760500",2015,15,"2426","Navy","NAVY","349","Army","ARMY","3","0","2426","Navy","NAVY","349","Army","ARMY",7,3,1,"7:53","2015-12-12T18:12:02Z","Kickoff",1,10,35,17,82,"Austin Grebe kickoff for 64 yds , Marcus Hyatt return for 17 yds to the Army 18"
"400760500",2015,15,"2426","Navy","NAVY","349","Army","ARMY","3","1","349","Army","ARMY","2426","Navy","NAVY",7,3,1,"7:20","2015-12-12T18:12:02Z","Rush",1,10,82,4,78,"Aaron Kemper run for 4 yds to the Army 22"
"400760500",2015,15,"2426","Navy","NAVY","349","Army","ARMY","3","2","349","Army","ARMY","2426","Navy","NAVY",7,3,1,"7:00","2015-12-12T18:12:02Z","Rush",2,6,78,9,69,"Nicholas Black run for 9 yds to the Army 31 for a 1ST down"
"400760500",2015,15,"2426","Navy","NAVY","349","Army","ARMY","3","3","349","Army","ARMY","2426","Navy","NAVY",7,3,1,"6:20","2015-12-12T18:12:02Z","Rush",1,10,69,2,67,"Matt Giachinta run for 2 yds to the Army 33"
"400760500",2015,15,"2426","Navy","NAVY","349","Army","ARMY","3","4","349","Army","ARMY","2426","Navy","NAVY",7,3,1,"5:40","2015-12-12T18:12:02Z","Rush",2,8,67,5,62,"Jordan Asberry run for 5 yds to the Army 38"
"400760500",2015,15,"2426","Navy","NAVY","349","Army","ARMY","3","5","349","Army","ARMY","2426","Navy","NAVY",7,3,1,"5:20","2015-12-12T18:12:02Z","Rush",3,3,62,5,57,"Chris Carter run for 5 yds to the Army 43 for a 1ST down"
"400760500",2015,15,"2426","Navy","NAVY","349","Army","ARMY","3","6","349","Army","ARMY","2426","Navy","NAVY",7,3,1,"4:38","2015-12-12T18:37:57Z","Pass Reception",1,10,43,28,29,"Chris Carter pass complete to Edgar Poe for 13 yds to the NAVY 44 for a 1ST down NAVY Penalty, Illegal Use of Hands (Amos Mason) to the Navy 29 for a 1ST down"
"400760500",2015,15,"2426","Navy","NAVY","349","Army","ARMY","3","7","349","Army","ARMY","2426","Navy","NAVY",7,10,1,"4:10","2015-12-12T18:12:02Z","Rushing Touchdown",1,10,29,29,0,"Tyler Campbell 29 Yd Run (Daniel Grochowski Kick)"
"400760500",2015,15,"2426","Navy","NAVY","349","Army","ARMY","4","0","349","Army","ARMY","2426","Navy","NAVY",7,10,1,"4:10","2015-12-12T18:39:21Z","Kickoff",1,10,65,0,25,"Daniel Grochowski kickoff for 65 yds for a touchback"
"400760500",2015,15,"2426","Navy","NAVY","349","Army","ARMY","4","1","2426","Navy","NAVY","349","Army","ARMY",7,10,1,"4:03","2015-12-12T18:43:30Z","Pass Reception",1,10,25,35,60,"Keenan Reynolds pass complete to Jamir Tillman for 35 yds to the NAVY 40 for a 1ST down ARMY Penalty, Defensive Pass Interference (Chris Carnegie) declined for a 1ST down"
"400760500",2015,15,"2426","Navy","NAVY","349","Army","ARMY","4","2","2426","Navy","NAVY","349","Army","ARMY",7,10,1,"3:30","2015-12-12T18:12:02Z","Rush",1,10,60,-1,59,"Keenan Reynolds run for a loss of 1 yard to the Army 41"
"400760500",2015,15,"2426","Navy","NAVY","349","Army","ARMY","4","3","2426","Navy","NAVY","349","Army","ARMY",7,10,1,"3:15","2015-12-12T18:12:02Z","Pass Reception",2,11,59,5,64,"Keenan Reynolds pass complete to Jamir Tillman for 5 yds to the Army 36"
"400760500",2015,15,"2426","Navy","NAVY","349","Army","ARMY","4","4","2426","Navy","NAVY","349","Army","ARMY",7,10,1,"2:40","2015-12-12T18:12:02Z","Rush",3,6,64,-2,62,"Keenan Reynolds run for a loss of 2 yards to the Army 38 NAVY Penalty, Offensive Holding (Joey Gaston) declined"
"400760500",2015,15,"2426","Navy","NAVY","349","Army","ARMY","4","5","2426","Navy","NAVY","349","Army","ARMY",7,10,1,"2:18","2015-12-12T18:12:02Z","Punt",4,8,62,0,94,"Alex Barta punt for 32 yds, downed at the Army 6"
"400760500",2015,15,"2426","Navy","NAVY","349","Army","ARMY","5","0","349","Army","ARMY","2426","Navy","NAVY",7,10,1,"2:00","2015-12-12T18:12:02Z","Rush",1,10,94,2,92,"Chris Carter run for 2 yds to the Army 8"
"400760500",2015,15,"2426","Navy","NAVY","349","Army","ARMY","5","1","349","Army","ARMY","2426","Navy","NAVY",7,10,1,"1:30","2015-12-12T18:12:02Z","Rush",2,8,92,2,90,"Chris Carter run for 2 yds to the Army 10"
"400760500",2015,15,"2426","Navy","NAVY","349","Army","ARMY","5","2","349","Army","ARMY","2426","Navy","NAVY",7,10,1,"0:51","2015-12-12T18:12:02Z","Pass Incompletion",3,6,90,0,90,"Chris Carter pass incomplete to Edgar Poe"
"400760500",2015,15,"2426","Navy","NAVY","349","Army","ARMY","5","3","349","Army","ARMY","2426","Navy","NAVY",7,10,1,"0:45","2015-12-12T18:12:02Z","Punt",4,6,90,0,50,"Alex Tardieu punt for 40 yds, fair catch by Calvin Cass Jr. at the 50 yard line"
"400760500",2015,15,"2426","Navy","NAVY","349","Army","ARMY","6","0","2426","Navy","NAVY","349","Army","ARMY",7,10,1,"0:20","2015-12-12T18:12:02Z","Rush",1,10,50,5,55,"Keenan Reynolds run for 5 yds to the Army 45"
"400760500",2015,15,"2426","Navy","NAVY","349","Army","ARMY","6","1","2426","Navy","NAVY","349","Army","ARMY",7,10,1,"0:00","2015-12-12T18:12:02Z","Rush",2,5,55,3,58,"Keenan Reynolds run for 3 yds to the Army 42"
"400760500",2015,15,"2426","Navy","NAVY","349","Army","ARMY","6","2","2426","Navy","NAVY","349","Army","ARMY",7,10,1,"0:00","2015-12-12T18:12:02Z","End Period",0,5,0,0,58,"End of 1st Quarter"
"400760500",2015,15,"2426","Navy","NAVY","349","Army","ARMY","6","3","2426","Navy","NAVY","349","Army","ARMY",7,10,2,"14:56",,"Rush",3,2,58,3,61,"Chris Swain run for 3 yds to the Army 39 for a 1ST down"
"400760500",2015,15,"2426","Navy","NAVY","349","Army","ARMY","6","4","2426","Navy","NAVY","349","Army","ARMY",7,10,2,"14:21","2015-12-12T18:55:54Z","Rush",1,10,61,35,96,"Keenan Reynolds run for 35 yds to the Army 4 for a 1ST down"
"400760500",2015,15,"2426","Navy","NAVY","349","Army","ARMY","6","5","2426","Navy","NAVY","349","Army","ARMY",7,10,2,"13:40","2015-12-12T18:55:54Z","Rush",1,4,96,1,97,"Chris Swain run for 1 yd to the Army 3"
"400760500",2015,15,"2426","Navy","NAVY","349","Army","ARMY","6","6","2426","Navy","NAVY","349","Army","ARMY",7,10,2,"12:50","2015-12-12T18:55:54Z","Rush",2,3,97,2,99,"Chris Swain run for 2 yds to the Army 1"
"400760500",2015,15,"2426","Navy","NAVY","349","Army","ARMY","6","7","2426","Navy","NAVY","349","Army","ARMY",14,10,2,"12:18","2015-12-12T18:55:54Z","Rushing Touchdown",3,0,99,1,100,"Keenan Reynolds 1 Yd Run (Austin Grebe Kick)"
"400760500",2015,15,"2426","Navy","NAVY","349","Army","ARMY","7","0","2426","Navy","NAVY","349","Army","ARMY",14,10,2,"12:18","2015-12-12T18:58:56Z","Kickoff",3,12,35,0,75,"Austin Grebe kickoff for 65 yds for a touchback"
"400760500",2015,15,"2426","Navy","NAVY","349","Army","ARMY","7","1","349","Army","ARMY","2426","Navy","NAVY",14,10,2,"12:00","2015-12-12T18:55:54Z","Rush",1,10,75,5,70,"Aaron Kemper run for 5 yds to the Army 30"
"400760500",2015,15,"2426","Navy","NAVY","349","Army","ARMY","7","2","349","Army","ARMY","2426","Navy","NAVY",14,10,2,"11:15","2015-12-12T19:05:33Z","Rush",2,5,70,-1,71,"Jordan Asberry run for a loss of 1 yard to the Army 29"
"400760500",2015,15,"2426","Navy","NAVY","349","Army","ARMY","7","3","349","Army","ARMY","2426","Navy","NAVY",14,10,2,"10:30","2015-12-12T19:06:28Z","Rush",3,6,71,10,61,"Chris Carter run for 10 yds to the Army 39 for a 1ST down"
"400760500",2015,15,"2426","Navy","NAVY","349","Army","ARMY","7","4","349","Army","ARMY","2426","Navy","NAVY",14,10,2,"9:45","2015-12-12T19:07:14Z","Rush",1,10,61,1,60,"Aaron Kemper run for 1 yd to the Army 40"
"400760500",2015,15,"2426","Navy","NAVY","349","Army","ARMY","7","5","349","Army","ARMY","2426","Navy","NAVY",14,10,2,"9:00","2015-12-12T18:55:54Z","Rush",2,9,60,7,53,"Jordan Asberry run for 7 yds to the Army 47"
"400760500",2015,15,"2426","Navy","NAVY","349","Army","ARMY","7","6","349","Army","ARMY","2426","Navy","NAVY",14,10,2,"8:49","2015-12-12T18:55:54Z","Timeout",3,2,53,0,53,"Timeout ARMY, clock 08:49"
"400760500",2015,15,"2426","Navy","NAVY","349","Army","ARMY","7","7","349","Army","ARMY","2426","Navy","NAVY",14,10,2,"8:40","2015-12-12T18:55:54Z","Rush",3,2,53,7,46,"Chris Carter run for 7 yds to the Navy 46 for a 1ST down"
"400760500",2015,15,"2426","Navy","NAVY","349","Army","ARMY","7","8","349","Army","ARMY","2426","Navy","NAVY",14,10,2,"8:03","2015-12-12T19:12:38Z","Pass Incompletion",1,10,46,0,46,"Chris Carter pass incomplete to Edgar Poe, broken up by Brendon Clements"
"400760500",2015,15,"2426","Navy","NAVY","349","Army","ARMY","7","9","349","Army","ARMY","2426","Navy","NAVY",14,10,2,"7:45","2015-12-12T18:55:54Z","Rush",2,10,46,2,44,"Tyler Campbell run for 2 yds to the Navy 44"
"400760500",2015,15,"2426","Navy","NAVY","349","Army","ARMY","7","10","349","Army","ARMY","2426","Navy","NAVY",14,10,2,"7:00","2015-12-12T18:55:54Z","Pass Reception",3,8,44,8,36,"Chris Carter pass complete to Edgar Poe for 8 yds to the Navy 36 for a 1ST down"
"400760500",2015,15,"2426","Navy","NAVY","349","Army","ARMY","7","11","349","Army","ARMY","2426","Navy","NAVY",14,10,2,"6:20","2015-12-12T18:55:54Z","Rush",1,10,36,4,32,"Christian Drake run for 4 yds to the Navy 32"
"400760500",2015,15,"2426","Navy","NAVY","349","Army","ARMY","7","12","349","Army","ARMY","2426","Navy","NAVY",14,10,2,"6:00","2015-12-12T18:55:54Z","Rush",2,6,32,-3,35,"Nicholas Black run for a loss of 3 yards to the Navy 35"
"400760500",2015,15,"2426","Navy","NAVY","349","Army","ARMY","7","13","349","Army","ARMY","2426","Navy","NAVY",14,10,2,"5:15","2015-12-12T18:55:54Z","Rush",3,9,35,-2,37,"Chris Carter run for a loss of 2 yards to the Navy 37"
"400760500",2015,15,"2426","Navy","NAVY","349","Army","ARMY","7","14","349","Army","ARMY","2426","Navy","NAVY",14,10,2,"4:24","2015-12-12T18:55:54Z","Punt",4,11,37,0,20,"Alex Tardieu punt for 37 yds for a touchback"
"400760500",2015,15,"2426","Navy","NAVY","349","Army","ARMY","8","0","2426","Navy","NAVY","349","Army","ARMY",14,10,2,"4:00","2015-12-12T18:55:54Z","Fumble Recovery (Own)",1,10,20,-4,16,"TEAM run for a loss of 4 yards to the Navy 16 TEAM fumbled, recovered by Navy DeBrandon Sanders"
"400760500",2015,15,"2426","Navy","NAVY","349","Army","ARMY","8","1","2426","Navy","NAVY","349","Army","ARMY",14,10,2,"3:30","2015-12-12T18:55:54Z","Rush",2,14,16,-2,14,"Keenan Reynolds run for a loss of 2 yards to the Navy 14"
"400760500",2015,15,"2426","Navy","NAVY","349","Army","ARMY","8","2","2426","Navy","NAVY","349","Army","ARMY",14,10,2,"3:00","2015-12-12T18:55:54Z","Pass Incompletion",3,16,14,0,14,"Keenan Reynolds pass incomplete to Jamir Tillman, broken up by Brandon Jackson"
"400760500",2015,15,"2426","Navy","NAVY","349","Army","ARMY","8","3","2426","Navy","NAVY","349","Army","ARMY",14,10,2,"2:48","2015-12-12T18:55:54Z","Punt",4,16,14,2,54,"Alex Barta punt for 42 yds , Edgar Poe returns for 2 yds to the Army 46"
"400760500",2015,15,"2426","Navy","NAVY","349","Army","ARMY","9","0","349","Army","ARMY","2426","Navy","NAVY",14,10,2,"2:36","2015-12-12T18:55:54Z","Rush",1,10,54,15,39,"Christian Drake run for 15 yds to the Navy 39 for a 1ST down"
"400760500",2015,15,"2426","Navy","NAVY","349","Army","ARMY","9","1","349","Army","ARMY","2426","Navy","NAVY",14,17,2,"2:08","2015-12-12T18:55:54Z","Passing Touchdown",1,10,39,39,0,"Edgar Poe 39 Yd pass from Chris Carter (Daniel Grochowski Kick)"
"400760500",2015,15,"2426","Navy","NAVY","349","Army","ARMY","10","0","349","Army","ARMY","2426","Navy","NAVY",14,17,2,"1:59","2015-12-12T18:55:54Z","Kickoff",1,10,65,42,42,"Daniel Grochowski kickoff for 65 yds , Dishan Romine return for 42 yds to the Navy 42"
"400760500",2015,15,"2426","Navy","NAVY","349","Army","ARMY","10","1","2426","Navy","NAVY","349","Army","ARMY",14,17,2,"1:40","2015-12-12T18:55:54Z","Rush",1,10,42,5,47,"Chris Swain run for 5 yds to the Navy 47"
"400760500",2015,15,"2426","Navy","NAVY","349","Army","ARMY","10","2","2426","Navy","NAVY","349","Army","ARMY",14,17,2,"1:35","2015-12-12T18:55:54Z","Pass Incompletion",2,5,47,0,47,"Keenan Reynolds pass incomplete to Jamir Tillman"
"400760500",2015,15,"2426","Navy","NAVY","349","Army","ARMY","10","3","2426","Navy","NAVY","349","Army","ARMY",14,17,2,"1:10","2015-12-12T18:55:54Z","Rush",3,5,47,4,51,"Chris Swain run for 4 yds to the Army 49"
"400760500",2015,15,"2426","Navy","NAVY","349","Army","ARMY","10","4","2426","Navy","NAVY","349","Army","ARMY",14,17,2,"0:45","2015-12-12T19:33:43Z","Rush",4,1,51,3,54,"DeBrandon Sanders run for 3 yds to the Army 46 for a 1ST down"
"400760500",2015,15,"2426","Navy","NAVY","349","Army","ARMY","10","5","2426","Navy","NAVY","349","Army","ARMY",14,17,2,"0:43","2015-12-12T19:33:45Z","Timeout",1,10,54,0,54,"Timeout NAVY, clock 00:43"
"400760500",2015,15,"2426","Navy","NAVY","349","Army","ARMY","10","6","2426","Navy","NAVY","349","Army","ARMY",14,17,2,"0:40","2015-12-12T18:55:54Z","Pass Incompletion",1,10,54,0,54,"Keenan Reynolds pass incomplete to Dishan Romine, broken up by Jeremy Timpf"
"400760500",2015,15,"2426","Navy","NAVY","349","Army","ARMY","10","7","2426","Navy","NAVY","349","Army","ARMY",14,17,2,"0:34","2015-12-12T18:55:54Z","Pass Incompletion",2,10,54,0,54,"Keenan Reynolds pass incomplete to Jamir Tillman, broken up by Jordan Smith"
"400760500",2015,15,"2426","Navy","NAVY","349","Army","ARMY","10","8","2426","Navy","NAVY","349","Army","ARMY",14,17,2,"0:28","2015-12-12T18:55:54Z","Pass Incompletion",3,10,54,0,54,"Keenan Reynolds pass incomplete to Jamir Tillman"
"400760500",2015,15,"2426","Navy","NAVY","349","Army","ARMY","10","9","2426","Navy","NAVY","349","Army","ARMY",14,17,2,"0:28","2015-12-12T19:37:56Z","Timeout",4,10,54,0,54,"Timeout ARMY, clock 00:28"
"400760500",2015,15,"2426","Navy","NAVY","349","Army","ARMY","10","10","2426","Navy","NAVY","349","Army","ARMY",14,17,2,"0:18","2015-12-12T18:55:54Z","Punt",4,10,54,0,99,"Alex Barta punt for 45 yds, downed at the Army 1"
"400760500",2015,15,"2426","Navy","NAVY","349","Army","ARMY","11","0","349","Army","ARMY","2426","Navy","NAVY",14,17,2,"0:16","2015-12-12T18:55:54Z","Rush",1,10,99,1,98,"Chris Carter run for 1 yd to the Army 2"
"400760500",2015,15,"2426","Navy","NAVY","349","Army","ARMY","11","1","349","Army","ARMY","2426","Navy","NAVY",14,17,2,"0:16","2015-12-12T18:55:54Z","Timeout",2,9,98,0,98,"Timeout NAVY, clock 00:16"
"400760500",2015,15,"2426","Navy","NAVY","349","Army","ARMY","11","2","349","Army","ARMY","2426","Navy","NAVY",14,17,2,"0:00","2015-12-12T18:55:54Z","Rush",2,9,98,1,97,"Chris Carter run for 1 yd to the Army 3"
"400760500",2015,15,"2426","Navy","NAVY","349","Army","ARMY","11","3","349","Army","ARMY","2426","Navy","NAVY",14,17,2,"0:00","2015-12-12T18:55:54Z","End of Half",0,9,0,0,97,"End of 2nd Quarter"
"400760500",2015,15,"2426","Navy","NAVY","349","Army","ARMY","12","0","2426","Navy","NAVY","349","Army","ARMY",14,17,3,"15:00",,"Kickoff",1,10,35,0,75,"Austin Grebe kickoff for 65 yds for a touchback"
"400760500",2015,15,"2426","Navy","NAVY","349","Army","ARMY","12","1","349","Army","ARMY","2426","Navy","NAVY",14,17,3,"14:30","2015-12-12T20:07:59Z","Rush",1,10,75,2,73,"Chris Carter run for 2 yds to the Army 27"
"400760500",2015,15,"2426","Navy","NAVY","349","Army","ARMY","12","2","349","Army","ARMY","2426","Navy","NAVY",14,17,3,"14:17","2015-12-12T20:09:44Z","Rush",2,8,73,-13,86,"Tyler Campbell run for no gain to the Army 27 ARMY Penalty, Illegal Block (Kelvin White) to the Army 14"
"400760500",2015,15,"2426","Navy","NAVY","349","Army","ARMY","12","3","349","Army","ARMY","2426","Navy","NAVY",14,17,3,"13:45","2015-12-12T20:07:59Z","Pass Reception",2,21,86,7,79,"Chris Carter pass complete to Nicholas Black for 7 yds to the Army 21"
"400760500",2015,15,"2426","Navy","NAVY","349","Army","ARMY","12","4","349","Army","ARMY","2426","Navy","NAVY",14,17,3,"13:17","2015-12-12T20:07:59Z","Pass Incompletion",3,14,79,0,79,"Chris Carter pass incomplete to Edgar Poe"
"400760500",2015,15,"2426","Navy","NAVY","349","Army","ARMY","12","5","349","Army","ARMY","2426","Navy","NAVY",14,17,3,"13:09","2015-12-12T20:11:58Z","Punt",4,14,79,0,32,"Alex Tardieu punt for 47 yds, fair catch by Calvin Cass Jr. at the Navy 32"
"400760500",2015,15,"2426","Navy","NAVY","349","Army","ARMY","13","0","2426","Navy","NAVY","349","Army","ARMY",14,17,3,"12:50","2015-12-12T20:07:59Z","Rush",1,10,32,2,34,"Chris Swain run for 2 yds to the Navy 34"
"400760500",2015,15,"2426","Navy","NAVY","349","Army","ARMY","13","1","2426","Navy","NAVY","349","Army","ARMY",14,17,3,"12:25","2015-12-12T20:07:59Z","Rush",2,8,34,3,37,"Chris Swain run for 3 yds to the Navy 37"
"400760500",2015,15,"2426","Navy","NAVY","349","Army","ARMY","13","2","2426","Navy","NAVY","349","Army","ARMY",14,17,3,"11:58","2015-12-12T20:07:59Z","Pass Incompletion",3,5,37,0,37,"Keenan Reynolds pass incomplete to Jamir Tillman"
"400760500",2015,15,"2426","Navy","NAVY","349","Army","ARMY","13","3","2426","Navy","NAVY","349","Army","ARMY",14,17,3,"11:52","2015-12-12T20:07:59Z","Punt",4,5,37,0,74,"Alex Barta punt for 37 yds, fair catch by Edgar Poe at the Army 26"
"400760500",2015,15,"2426","Navy","NAVY","349","Army","ARMY","14","0","349","Army","ARMY","2426","Navy","NAVY",14,17,3,"11:30","2015-12-12T20:20:55Z","Rush",1,10,74,5,69,"Chris Carter run for 5 yds to the Army 31"
"400760500",2015,15,"2426","Navy","NAVY","349","Army","ARMY","14","1","349","Army","ARMY","2426","Navy","NAVY",14,17,3,"10:50","2015-12-12T20:07:59Z","Rush",2,5,69,2,67,"Aaron Kemper run for 2 yds to the Army 33"
"400760500",2015,15,"2426","Navy","NAVY","349","Army","ARMY","14","2","349","Army","ARMY","2426","Navy","NAVY",14,17,3,"10:15","2015-12-12T20:07:59Z","Sack",3,3,67,-9,76,"Chris Carter sacked by D.J. Palmore for a loss of 9 yards to the Army 24"
"400760500",2015,15,"2426","Navy","NAVY","349","Army","ARMY","14","3","349","Army","ARMY","2426","Navy","NAVY",14,17,3,"9:47","2015-12-12T20:07:59Z","Punt",4,12,76,0,29,"Alex Tardieu punt for 47 yds, fair catch by Calvin Cass Jr. at the Navy 29"
"400760500",2015,15,"2426","Navy","NAVY","349","Army","ARMY","15","0","2426","Navy","NAVY","349","Army","ARMY",14,17,3,"9:40","2015-12-12T20:25:55Z","Pass Incompletion",1,10,29,0,29,"Keenan Reynolds pass incomplete to Jamir Tillman, broken up by Xavier Moss"
"400760500",2015,15,"2426","Navy","NAVY","349","Army","ARMY","15","1","2426","Navy","NAVY","349","Army","ARMY",14,17,3,"9:25","2015-12-12T20:07:59Z","Rush",2,10,29,4,33,"Chris Swain run for 4 yds to the Navy 33"
"400760500",2015,15,"2426","Navy","NAVY","349","Army","ARMY","15","2","2426","Navy","NAVY","349","Army","ARMY",14,17,3,"8:50","2015-12-12T20:07:59Z","Rush",3,6,33,1,34,"Keenan Reynolds run for 1 yd to the Navy 34"
"400760500",2015,15,"2426","Navy","NAVY","349","Army","ARMY","15","3","2426","Navy","NAVY","349","Army","ARMY",14,17,3,"8:11","2015-12-12T20:07:59Z","Punt",4,5,34,0,80,"Alex Barta punt for 66 yds for a touchback"
"400760500",2015,15,"2426","Navy","NAVY","349","Army","ARMY","16","0","349","Army","ARMY","2426","Navy","NAVY",14,17,3,"7:45","2015-12-12T20:07:59Z","Rush",1,10,80,0,80,"Chris Carter run for no gain to the Army 20"
"400760500",2015,15,"2426","Navy","NAVY","349","Army","ARMY","16","1","349","Army","ARMY","2426","Navy","NAVY",14,17,3,"7:20","2015-12-12T20:07:59Z","Rush",2,10,80,-2,82,"Jordan Asberry run for a loss of 2 yards to the Army 18"
"400760500",2015,15,"2426","Navy","NAVY","349","Army","ARMY","16","2","349","Army","ARMY","2426","Navy","NAVY",14,17,3,"6:40","2015-12-12T20:07:59Z","Sack",3,12,82,-9,91,"Chris Carter sacked by Jarvis Polu for a loss of 9 yards to the Army 9"
"400760500",2015,15,"2426","Navy","NAVY","349","Army","ARMY","16","3","349","Army","ARMY","2426","Navy","NAVY",14,17,3,"6:01","2015-12-12T20:07:59Z","Punt",4,21,91,0,50,"Alex Tardieu punt for 41 yds, fair catch by Calvin Cass Jr. at the 50 yard line"
"400760500",2015,15,"2426","Navy","NAVY","349","Army","ARMY","17","0","2426","Navy","NAVY","349","Army","ARMY",21,17,3,"5:51","2015-12-12T20:07:59Z","Passing Touchdown",1,10,50,50,100,"Jamir Tillman 50 Yd pass from Keenan Reynolds (Austin Grebe Kick)"
"400760500",2015,15,"2426","Navy","NAVY","349","Army","ARMY","18","0","2426","Navy","NAVY","349","Army","ARMY",21,17,3,"5:44","2015-12-12T20:36:58Z","Kickoff",1,10,35,19,79,"Austin Grebe kickoff for 63 yds , Marcus Hyatt return for 19 yds to the Army 21"
"400760500",2015,15,"2426","Navy","NAVY","349","Army","ARMY","18","1","349","Army","ARMY","2426","Navy","NAVY",21,17,3,"5:30","2015-12-12T20:07:59Z","Rush",1,10,79,5,74,"Tyler Campbell run for 5 yds to the Army 26"
"400760500",2015,15,"2426","Navy","NAVY","349","Army","ARMY","18","2","349","Army","ARMY","2426","Navy","NAVY",21,17,3,"4:57","2015-12-12T20:07:59Z","Pass Incompletion",2,5,74,0,74,"Chris Carter pass incomplete, broken up by Will Anthony"
"400760500",2015,15,"2426","Navy","NAVY","349","Army","ARMY","18","3","349","Army","ARMY","2426","Navy","NAVY",21,17,3,"4:45","2015-12-12T20:07:59Z","Sack",3,5,74,-8,82,"Chris Carter sacked by Will Anthony for a loss of 8 yards to the Army 18"
"400760500",2015,15,"2426","Navy","NAVY","349","Army","ARMY","18","4","349","Army","ARMY","2426","Navy","NAVY",21,17,3,"4:15","2015-12-12T20:07:59Z","Punt",4,13,82,0,36,"Alex Tardieu punt for 46 yds, fair catch by Calvin Cass Jr. at the Navy 36"
"400760500",2015,15,"2426","Navy","NAVY","349","Army","ARMY","19","0","2426","Navy","NAVY","349","Army","ARMY",21,17,3,"4:00","2015-12-12T20:07:59Z","Rush",1,10,36,6,42,"Keenan Reynolds run for 6 yds to the Navy 42"
"400760500",2015,15,"2426","Navy","NAVY","349","Army","ARMY","19","1","2426","Navy","NAVY","349","Army","ARMY",21,17,3,"3:30","2015-12-12T20:07:59Z","Rush",2,4,42,1,43,"Chris Swain run for 1 yd to the Navy 43"
"400760500",2015,15,"2426","Navy","NAVY","349","Army","ARMY","19","2","2426","Navy","NAVY","349","Army","ARMY",21,17,3,"2:50","2015-12-12T20:42:03Z","Rush",3,3,43,0,43,"Keenan Reynolds run for no gain to the Navy 43"
"400760500",2015,15,"2426","Navy","NAVY","349","Army","ARMY","19","3","2426","Navy","NAVY","349","Army","ARMY",21,17,3,"2:21","2015-12-12T20:07:59Z","Punt",4,3,43,0,79,"Alex Barta punt for 36 yds, fair catch by Edgar Poe at the Army 21"
"400760500",2015,15,"2426","Navy","NAVY","349","Army","ARMY","20","0","349","Army","ARMY","2426","Navy","NAVY",21,17,3,"2:15","2015-12-12T20:43:30Z","Pass Reception",1,10,79,30,49,"Chris Carter pass complete to Edgar Poe for 30 yds to the Navy 49 for a 1ST down"
"400760500",2015,15,"2426","Navy","NAVY","349","Army","ARMY","20","1","349","Army","ARMY","2426","Navy","NAVY",21,17,3,"1:42","2015-12-12T20:44:14Z","Rush",1,10,49,18,31,"Aaron Kemper run for 18 yds to the Navy 31 for a 1ST down"
"400760500",2015,15,"2426","Navy","NAVY","349","Army","ARMY","20","2","349","Army","ARMY","2426","Navy","NAVY",21,17,3,"1:00","2015-12-12T20:45:03Z","Rush",1,10,31,3,28,"Chris Carter run for 3 yds to the Navy 28"
"400760500",2015,15,"2426","Navy","NAVY","349","Army","ARMY","20","3","349","Army","ARMY","2426","Navy","NAVY",21,17,3,"0:22","2015-12-12T20:07:59Z","Rush",2,7,28,6,22,"Chris Carter run for 6 yds to the Navy 22"
"400760500",2015,15,"2426","Navy","NAVY","349","Army","ARMY","20","4","349","Army","ARMY","2426","Navy","NAVY",21,17,3,"0:00","2015-12-12T20:07:59Z","End Period",0,7,0,0,22,"End of 3rd Quarter"
"400760500",2015,15,"2426","Navy","NAVY","349","Army","ARMY","20","5","349","Army","ARMY","2426","Navy","NAVY",21,17,4,"14:30",,"Rush",3,1,22,3,19,"Matt Giachinta run for 3 yds to the Navy 19 for a 1ST down"
"400760500",2015,15,"2426","Navy","NAVY","349","Army","ARMY","20","6","349","Army","ARMY","2426","Navy","NAVY",21,17,4,"14:00","2015-12-12T20:51:45Z","Rush",1,10,19,5,14,"Aaron Kemper run for 5 yds to the Navy 14"
"400760500",2015,15,"2426","Navy","NAVY","349","Army","ARMY","20","7","349","Army","ARMY","2426","Navy","NAVY",21,17,4,"13:30","2015-12-12T20:51:45Z","Rush",2,5,14,-4,18,"Chris Carter run for a loss of 4 yards to the Navy 18"
"400760500",2015,15,"2426","Navy","NAVY","349","Army","ARMY","20","8","349","Army","ARMY","2426","Navy","NAVY",21,17,4,"13:00","2015-12-12T20:51:45Z","Pass Reception",3,9,18,6,12,"Chris Carter pass complete to DeAndre Bell for 6 yds to the Navy 12"
"400760500",2015,15,"2426","Navy","NAVY","349","Army","ARMY","20","9","349","Army","ARMY","2426","Navy","NAVY",21,17,4,"12:19","2015-12-12T20:51:45Z","Field Goal Missed",4,3,12,29,20,"Daniel Grochowski 29 yd FG MISSED"
"400760500",2015,15,"2426","Navy","NAVY","349","Army","ARMY","21","0","2426","Navy","NAVY","349","Army","ARMY",21,17,4,"12:14","2015-12-12T20:51:45Z","Rush",1,10,20,11,31,"Chris Swain run for 11 yds to the Navy 31 for a 1ST down"
"400760500",2015,15,"2426","Navy","NAVY","349","Army","ARMY","21","1","2426","Navy","NAVY","349","Army","ARMY",21,17,4,"11:30","2015-12-12T20:51:45Z","Rush",1,10,31,2,33,"Keenan Reynolds run for 2 yds to the Navy 33"
"400760500",2015,15,"2426","Navy","NAVY","349","Army","ARMY","21","2","2426","Navy","NAVY","349","Army","ARMY",21,17,4,"11:00","2015-12-12T20:51:45Z","Rush",2,8,33,2,35,"Keenan Reynolds run for 2 yds to the Navy 35"
"400760500",2015,15,"2426","Navy","NAVY","349","Army","ARMY","21","3","2426","Navy","NAVY","349","Army","ARMY",21,17,4,"10:20","2015-12-12T21:00:11Z","Rush",3,6,35,1,36,"Quentin Ezell run for 1 yd to the Navy 36"
"400760500",2015,15,"2426","Navy","NAVY","349","Army","ARMY","21","4","2426","Navy","NAVY","349","Army","ARMY",21,17,4,"9:46","2015-12-12T20:51:45Z","Punt",4,5,36,0,72,"Alex Barta punt for 36 yds, downed at the Army 28"
"400760500",2015,15,"2426","Navy","NAVY","349","Army","ARMY","22","0","349","Army","ARMY","2426","Navy","NAVY",21,17,4,"9:20","2015-12-12T20:51:45Z","Fumble Recovery (Own)",1,10,72,0,72,"Chris Carter run for no gain to the Army 28 Chris Carter fumbled, recovered by Army Chris Carter"
"400760500",2015,15,"2426","Navy","NAVY","349","Army","ARMY","22","1","349","Army","ARMY","2426","Navy","NAVY",21,17,4,"9:00","2015-12-12T20:51:45Z","Pass Reception",2,10,72,39,33,"Chris Carter pass complete to DeAndre Bell for 39 yds to the Navy 33 for a 1ST down"
"400760500",2015,15,"2426","Navy","NAVY","349","Army","ARMY","22","2","349","Army","ARMY","2426","Navy","NAVY",21,17,4,"8:33","2015-12-12T20:51:45Z","Fumble Recovery (Opponent)",1,10,33,-1,34,"Chris Carter run for a loss of 1 yard to the Navy 34 Chris Carter fumbled, recovered by Navy Ted Colburn"
"400760500",2015,15,"2426","Navy","NAVY","349","Army","ARMY","23","0","2426","Navy","NAVY","349","Army","ARMY",21,17,4,"8:15","2015-12-12T20:51:45Z","Pass Reception",1,10,34,11,45,"Keenan Reynolds pass complete to Demond Brown for 11 yds to the Navy 45 for a 1ST down"
"400760500",2015,15,"2426","Navy","NAVY","349","Army","ARMY","23","1","2426","Navy","NAVY","349","Army","ARMY",21,17,4,"7:45","2015-12-12T20:51:45Z","Rush",1,10,45,5,50,"Chris Swain run for 5 yds to the 50 yard line"
"400760500",2015,15,"2426","Navy","NAVY","349","Army","ARMY","23","2","2426","Navy","NAVY","349","Army","ARMY",21,17,4,"7:00","2015-12-12T20:51:45Z","Rush",2,5,50,4,54,"Chris Swain run for 4 yds to the Army 46"
"400760500",2015,15,"2426","Navy","NAVY","349","Army","ARMY","23","3","2426","Navy","NAVY","349","Army","ARMY",21,17,4,"6:30","2015-12-12T20:51:45Z","Rush",3,1,54,2,56,"Keenan Reynolds run for 2 yds to the Army 44 for a 1ST down"
"400760500",2015,15,"2426","Navy","NAVY","349","Army","ARMY","23","4","2426","Navy","NAVY","349","Army","ARMY",21,17,4,"5:30","2015-12-12T20:51:45Z","Rush",1,10,56,3,59,"Quentin Ezell run for 3 yds to the Army 41"
"400760500",2015,15,"2426","Navy","NAVY","349","Army","ARMY","23","5","2426","Navy","NAVY","349","Army","ARMY",21,17,4,"4:30","2015-12-12T20:51:45Z","Rush",2,7,59,0,59,"Keenan Reynolds run for no gain to the Army 41"
"400760500",2015,15,"2426","Navy","NAVY","349","Army","ARMY","23","6","2426","Navy","NAVY","349","Army","ARMY",21,17,4,"4:00","2015-12-12T20:51:45Z","Rush",3,7,59,0,59,"Keenan Reynolds run for no gain to the Army 41"
"400760500",2015,15,"2426","Navy","NAVY","349","Army","ARMY","23","7","2426","Navy","NAVY","349","Army","ARMY",21,17,4,"3:43","2015-12-12T20:51:45Z","Timeout",4,7,59,0,59,"Timeout NAVY, clock 03:43"
"400760500",2015,15,"2426","Navy","NAVY","349","Army","ARMY","23","8","2426","Navy","NAVY","349","Army","ARMY",21,17,4,"3:36","2015-12-12T20:51:45Z","Punt",4,7,59,0,80,"Alex Barta punt for 41 yds for a touchback"
"400760500",2015,15,"2426","Navy","NAVY","349","Army","ARMY","24","0","349","Army","ARMY","2426","Navy","NAVY",21,17,4,"3:27","2015-12-12T20:51:45Z","Pass Interception Return",1,10,80,1,56,"Chris Carter pass intercepted Lorentez Barbour return for 1 yd to the Army 44"
"400760500",2015,15,"2426","Navy","NAVY","349","Army","ARMY","25","0","2426","Navy","NAVY","349","Army","ARMY",21,17,4,"3:25","2015-12-12T20:51:45Z","Rush",1,10,56,3,59,"Keenan Reynolds run for 3 yds to the Army 41"
"400760500",2015,15,"2426","Navy","NAVY","349","Army","ARMY","25","1","2426","Navy","NAVY","349","Army","ARMY",21,17,4,"3:22","2015-12-12T21:19:42Z","Timeout",2,7,59,0,59,"Timeout ARMY, clock 03:22"
"400760500",2015,15,"2426","Navy","NAVY","349","Army","ARMY","25","2","2426","Navy","NAVY","349","Army","ARMY",21,17,4,"3:17","2015-12-12T20:51:45Z","Rush",2,7,59,5,64,"Chris Swain run for 5 yds to the Army 36"
"400760500",2015,15,"2426","Navy","NAVY","349","Army","ARMY","25","3","2426","Navy","NAVY","349","Army","ARMY",21,17,4,"3:17","2015-12-12T20:51:45Z","Timeout",3,2,64,0,64,"Timeout ARMY, clock 03:17"
"400760500",2015,15,"2426","Navy","NAVY","349","Army","ARMY","25","4","2426","Navy","NAVY","349","Army","ARMY",21,17,4,"3:17","2015-12-12T20:51:45Z","Penalty",3,2,64,-5,59,"NAVY Penalty, False Start (Brandon Greene) to the Army 41"
"400760500",2015,15,"2426","Navy","NAVY","349","Army","ARMY","25","5","2426","Navy","NAVY","349","Army","ARMY",21,17,4,"3:17","2015-12-12T20:51:45Z","Timeout",3,7,59,0,59,"Timeout NAVY, clock 03:17"
"400760500",2015,15,"2426","Navy","NAVY","349","Army","ARMY","25","6","2426","Navy","NAVY","349","Army","ARMY",21,17,4,"3:12","2015-12-12T20:51:45Z","Pass Incompletion",3,7,59,0,59,"Keenan Reynolds pass incomplete to Tyler Carmona"
"400760500",2015,15,"2426","Navy","NAVY","349","Army","ARMY","25","7","2426","Navy","NAVY","349","Army","ARMY",21,17,4,"3:03","2015-12-12T20:51:45Z","Punt",4,7,59,0,80,"Alex Barta punt for 41 yds for a touchback"
"400760500",2015,15,"2426","Navy","NAVY","349","Army","ARMY","26","0","349","Army","ARMY","2426","Navy","NAVY",21,17,4,"2:50","2015-12-12T20:51:45Z","Pass Reception",1,10,80,35,45,"Chris Carter pass complete to Tyler Campbell for 35 yds to the Navy 45 for a 1ST down"
"400760500",2015,15,"2426","Navy","NAVY","349","Army","ARMY","26","1","349","Army","ARMY","2426","Navy","NAVY",21,17,4,"2:30","2015-12-12T20:51:45Z","Rush",1,10,45,6,39,"Jordan Asberry run for 6 yds to the Navy 39"
"400760500",2015,15,"2426","Navy","NAVY","349","Army","ARMY","26","2","349","Army","ARMY","2426","Navy","NAVY",21,17,4,"2:03","2015-12-12T21:28:29Z","Pass Interception Return",2,4,39,0,3,"DeAndre Bell pass intercepted Daiquan Thomasson return for no gain to the Navy 3"
"400760500",2015,15,"2426","Navy","NAVY","349","Army","ARMY","27","0","2426","Navy","NAVY","349","Army","ARMY",21,17,4,"1:30","2015-12-12T20:51:45Z","Rush",1,10,3,1,4,"Keenan Reynolds run for 1 yd to the Navy 4"
"400760500",2015,15,"2426","Navy","NAVY","349","Army","ARMY","27","1","2426","Navy","NAVY","349","Army","ARMY",21,17,4,"1:10","2015-12-12T20:51:45Z","Rush",2,9,4,1,5,"Keenan Reynolds run for 1 yd to the Navy 5"
"400760500",2015,15,"2426","Navy","NAVY","349","Army","ARMY","27","2","2426","Navy","NAVY","349","Army","ARMY",21,17,4,"1:08","2015-12-12T20:51:45Z","Timeout",3,8,5,0,5,"Timeout ARMY, clock 01:08"
"400760500",2015,15,"2426","Navy","NAVY","349","Army","ARMY","27","3","2426","Navy","NAVY","349","Army","ARMY",21,17,4,"0:30","2015-12-12T20:51:45Z","Rush",3,8,5,4,9,"Keenan Reynolds run for 4 yds to the Navy 9"
"400760500",2015,15,"2426","Navy","NAVY","349","Army","ARMY","27","4","2426","Navy","NAVY","349","Army","ARMY",21,17,4,"0:21","2015-12-12T20:51:45Z","Timeout",4,4,9,0,9,"Timeout NAVY, clock 00:21"
"400760500",2015,15,"2426","Navy","NAVY","349","Army","ARMY","27","5","2426","Navy","NAVY","349","Army","ARMY",21,17,4,"0:11","2015-12-12T21:33:58Z","Punt",4,4,9,1,58,"Alex Barta punt for 50 yds , Edgar Poe returns for 1 yd to the Army 42"
"400760500",2015,15,"2426","Navy","NAVY","349","Army","ARMY","28","0","349","Army","ARMY","2426","Navy","NAVY",21,17,4,"0:05","2015-12-12T20:51:45Z","Pass Incompletion",1,10,58,0,58,"Luke Langdon pass incomplete"
"400760500",2015,15,"2426","Navy","NAVY","349","Army","ARMY","28","1","349","Army","ARMY","2426","Navy","NAVY",21,17,4,"0:00","2015-12-12T20:51:45Z","Pass Incompletion",2,10,58,0,58,"Kelvin White pass incomplete"
"400760500",2015,15,"2426","Navy","NAVY","349","Army","ARMY","28","2","349","Army","ARMY","2426","Navy","NAVY",21,17,4,"0:00","2015-12-12T20:51:45Z","End of Game",0,10,0,0,58,"End of 4th Quarter"