"gameId","year","week","homeId","homeTeam","homeAbbr","awayId","awayTeam","awayAbbr","driveIndex","playIndex","offenseId","offenseTeam","offenseAbbr","defenseId","defenseTeam","defenseAbbr","homeScore","awayScore","quarter","clock","type","down","distance","yardLine","yardsGained","endYardLine","description"
"303450349",2010,15,"349","Army","ARMY","2426","Navy","NAVY","0","0","2426","Navy","NAVY","349","Army","ARMY",0,0,1,"15:00","Rush",1,10,57,4,53,"Ricky Dobbs rush for 4 yards to the Navy 47."
"303450349",2010,15,"349","Army","ARMY","2426","Navy","NAVY","0","1","2426","Navy","NAVY","349","Army","ARMY",0,0,1,"14:05","Rush",2,6,53,0,53,"Ricky Dobbs rush for no gain, fumbled, recovered by Army Donald Dixon at the Navy 47."
"303450349",2010,15,"349","Army","ARMY","2426","Navy","NAVY","1","0","349","Army","ARMY","2426","Navy","NAVY",0,0,1,"13:55","Rush",1,10,53,-1,52,"Malcolm Brown rush for a loss of 1 yard to the Navy 48."
"303450349",2010,15,"349","Army","ARMY","2426","Navy","NAVY","1","1","349","Army","ARMY","2426","Navy","NAVY",0,0,1,"13:15","Rush",2,11,52,2,53,"Jared Hassin rush for 2 yards, fumbled, recovered by Navy Wyatt Middleton at the Navy 47."
"303450349",2010,15,"349","Army","ARMY","2426","Navy","NAVY","2","0","2426","Navy","NAVY","349","Army","ARMY",0,0,1,"13:00","Pass Completion",1,10,53,31,22,"Ricky Dobbs pass complete to Aaron Santiago for 31 yards to the Army 22 for a 1ST down."
"303450349",2010,15,"349","Army","ARMY","2426","Navy","NAVY","2","1","2426","Navy","NAVY","349","Army","ARMY",0,0,1,"12:15","Rush",1,10,22,3,19,"Alexander Teich rush for 3 yards to the Army 19."
"303450349",2010,15,"349","Army","ARMY","2426","Navy","NAVY","2","2","2426","Navy","NAVY","349","Army","ARMY",0,0,1,"12:15","Timeout",2,7,19,0,19,"Timeout ARMY, clock 12:15."
"303450349",2010,15,"349","Army","ARMY","2426","Navy","NAVY","2","3","2426","Navy","NAVY","349","Army","ARMY",0,0,1,"12:09","Pass Incompletion",2,7,19,0,19,"Ricky Dobbs pass incomplete to Gee Gee Greene."
"303450349",2010,15,"349","Army","ARMY","2426","Navy","NAVY","2","4","2426","Navy","NAVY","349","Army","ARMY",0,0,1,"12:02","Pass Incompletion",3,7,19,0,19,"Ricky Dobbs pass incomplete to Alexander Teich."
"303450349",2010,15,"349","Army","ARMY","2426","Navy","NAVY","2","5","2426","Navy","NAVY","349","Army","ARMY",0,3,1,"11:57","Field Goal Good",4,7,19,36,19,"Joe Buckley 36 yard field goal GOOD."
"303450349",2010,15,"349","Army","ARMY","2426","Navy","NAVY","2","6","2426","Navy","NAVY","349","Army","ARMY",0,0,1,"11:57","Kickoff",-1,-1,70,30,36,"Jon Teague kickoff for 64 yards returned by Joshua Jackson for 30 yards to the Army 36."
"303450349",2010,15,"349","Army","ARMY","2426","Navy","NAVY","3","0","349","Army","ARMY","2426","Navy","NAVY",0,3,1,"11:42","Rush",1,10,36,4,40,"Trent Steelman rush for 4 yards to the Army 40."
"303450349",2010,15,"349","Army","ARMY","2426","Navy","NAVY","3","1","349","Army","ARMY","2426","Navy","NAVY",0,3,1,"11:13","Rush",2,6,40,2,42,"Trent Steelman rush for 2 yards to the Army 42."
"303450349",2010,15,"349","Army","ARMY","2426","Navy","NAVY","3","2","349","Army","ARMY","2426","Navy","NAVY",0,3,1,"10:24","Rush",3,4,42,1,43,"Raymond Maples rush for 1 yard to the Army 43."
"303450349",2010,15,"349","Army","ARMY","2426","Navy","NAVY","3","3","349","Army","ARMY","2426","Navy","NAVY",0,3,1,"9:45","Punt",4,3,43,0,81,"Jonathan Bulls punt for 38 yards, punt out-of-bounds at the Navy 19."
"303450349",2010,15,"349","Army","ARMY","2426","Navy","NAVY","4","0","2426","Navy","NAVY","349","Army","ARMY",0,3,1,"9:35","Rush",1,10,81,4,77,"Alexander Teich rush for 4 yards to the Navy 23."
"303450349",2010,15,"349","Army","ARMY","2426","Navy","NAVY","4","1","2426","Navy","NAVY","349","Army","ARMY",0,3,1,"8:59","Timeout",2,6,77,0,77,"Timeout NAVY, clock 8:59."
"303450349",2010,15,"349","Army","ARMY","2426","Navy","NAVY","4","2","2426","Navy","NAVY","349","Army","ARMY",0,9,1,"8:44","Pass Completion",2,6,77,77,0,"Ricky Dobbs pass complete to John Howell for 77 yards for a TOUCHDOWN."
"303450349",2010,15,"349","Army","ARMY","2426","Navy","NAVY","4","3","2426","Navy","NAVY","349","Army","ARMY",0,10,1,"8:44","Extra Point Good",-1,-1,3,0,3,"Joe Buckley extra point GOOD."
"303450349",2010,15,"349","Army","ARMY","2426","Navy","NAVY","4","4","2426","Navy","NAVY","349","Army","ARMY",0,3,1,"8:44","Kickoff",-1,-1,70,18,27,"Jon Teague kickoff for 61 yards returned by Joshua Jackson for 18 yards to the Army 27."
"303450349",2010,15,"349","Army","ARMY","2426","Navy","NAVY","5","0","349","Army","ARMY","2426","Navy","NAVY",0,10,1,"8:30","Rush",1,10,27,3,30,"Jared Hassin rush for 3 yards to the Army 30."
"303450349",2010,15,"349","Army","ARMY","2426","Navy","NAVY","5","1","349","Army","ARMY","2426","Navy","NAVY",0,10,1,"7:55","Rush",2,7,30,3,33,"Trent Steelman rush for 3 yards to the Army 33."
"303450349",2010,15,"349","Army","ARMY","2426","Navy","NAVY","5","2","349","Army","ARMY","2426","Navy","NAVY",0,10,1,"7:20","Rush",3,4,33,1,34,"Patrick Mealy rush for 1 yard to the Army 34 for a 1ST down."
"303450349",2010,15,"349","Army","ARMY","2426","Navy","NAVY","5","3","349","Army","ARMY","2426","Navy","NAVY",0,10,1,"6:48","Punt",4,3,34,0,55,"Jonathan Bulls punt for 21 yards, punt out-of-bounds at the Navy 45."
"303450349",2010,15,"349","Army","ARMY","2426","Navy","NAVY","6","0","2426","Navy","NAVY","349","Army","ARMY",0,10,1,"6:40","Rush",1,10,55,2,53,"Alexander Teich rush for 2 yards to the Navy 47."
"303450349",2010,15,"349","Army","ARMY","2426","Navy","NAVY","6","1","2426","Navy","NAVY","349","Army","ARMY",0,10,1,"6:00","Rush",2,8,53,9,44,"Ricky Dobbs rush for 9 yards to the Army 44 for a 1ST down."
"303450349",2010,15,"349","Army","ARMY","2426","Navy","NAVY","6","2","2426","Navy","NAVY","349","Army","ARMY",0,10,1,"5:24","Rush",1,10,44,1,44,"Ricky Dobbs rush for 1 yard to the Army 44."
"303450349",2010,15,"349","Army","ARMY","2426","Navy","NAVY","6","3","2426","Navy","NAVY","349","Army","ARMY",0,10,1,"4:46","Pass Incompletion",2,9,43,0,43,"Ricky Dobbs pass incomplete to Matt Aiken."
"303450349",2010,15,"349","Army","ARMY","2426","Navy","NAVY","6","4","2426","Navy","NAVY","349","Army","ARMY",0,10,1,"4:37","Pass Incompletion",3,9,43,0,43,"Ricky Dobbs pass incomplete to Greg Jones."
"303450349",2010,15,"349","Army","ARMY","2426","Navy","NAVY","6","5","2426","Navy","NAVY","349","Army","ARMY",0,10,1,"4:28","Punt",4,9,43,0,25,"Kyle Delahooke punt for 43 yards for a touchback, NAVY penalty 5 yard Illegal Shift accepted."
"303450349",2010,15,"349","Army","ARMY","2426","Navy","NAVY","7","0","349","Army","ARMY","2426","Navy","NAVY",0,10,1,"4:15","Rush",1,10,25,4,29,"Raymond Maples rush for 4 yards to the Army 29."
"303450349",2010,15,"349","Army","ARMY","2426","Navy","NAVY","7","1","349","Army","ARMY","2426","Navy","NAVY",0,10,1,"3:47","Pass Incompletion",2,6,29,0,29,"Trent Steelman pass incomplete to Davyd Brooks."
"303450349",2010,15,"349","Army","ARMY","2426","Navy","NAVY","7","2","349","Army","ARMY","2426","Navy","NAVY",0,10,1,"3:39","Pass Incompletion",3,6,29,0,29,"Trent Steelman pass incomplete to Davyd Brooks."
"303450349",2010,15,"349","Army","ARMY","2426","Navy","NAVY","7","3","349","Army","ARMY","2426","Navy","NAVY",0,10,1,"3:26","Punt",4,6,29,0,85,"Jonathan Bulls punt for 56 yards, downed at the Navy 15."
"303450349",2010,15,"349","Army","ARMY","2426","Navy","NAVY","8","0","2426","Navy","NAVY","349","Army","ARMY",0,10,1,"3:18","Rush",1,10,85,3,82,"Ricky Dobbs rush for 3 yards to the Navy 18."
"303450349",2010,15,"349","Army","ARMY","2426","Navy","NAVY","8","1","2426","Navy","NAVY","349","Army","ARMY",0,10,1,"2:41","Rush",2,7,82,1,81,"Gee Gee Greene rush for 1 yard to the Navy 19."
"303450349",2010,15,"349","Army","ARMY","2426","Navy","NAVY","8","2","2426","Navy","NAVY","349","Army","ARMY",0,10,1,"1:59","Pass Completion",3,6,81,23,58,"Ricky Dobbs pass complete to Aaron Santiago for 23 yards to the Navy 42 for a 1ST down."
"303450349",2010,15,"349","Army","ARMY","2426","Navy","NAVY","8","3","2426","Navy","NAVY","349","Army","ARMY",0,10,1,"1:15","Rush",1,10,58,4,54,"Ricky Dobbs rush for 4 yards to the Navy 46."
"303450349",2010,15,"349","Army","ARMY","2426","Navy","NAVY","8","4","2426","Navy","NAVY","349","Army","ARMY",0,10,1,"0:35","Rush",2,6,54,2,52,"Ricky Dobbs rush for 2 yards to the Navy 48."
"303450349",2010,15,"349","Army","ARMY","2426","Navy","NAVY","8","5","2426","Navy","NAVY","349","Army","ARMY",0,10,2,"15:00","Rush",3,4,52,5,47,"Aaron Santiago rush for 5 yards to the Army 47 for a 1ST down."
"303450349",2010,15,"349","Army","ARMY","2426","Navy","NAVY","8","6","2426","Navy","NAVY","349","Army","ARMY",0,10,2,"14:10","Rush",1,10,47,15,32,"Alexander Teich rush for 15 yards to the Army 32 for a 1ST down."
"303450349",2010,15,"349","Army","ARMY","2426","Navy","NAVY","8","7","2426","Navy","NAVY","349","Army","ARMY",0,16,2,"13:44","Pass Completion",1,10,32,32,0,"Ricky Dobbs pass complete to Brandon Turner for 32 yards for a TOUCHDOWN."
"303450349",2010,15,"349","Army","ARMY","2426","Navy","NAVY","8","8","2426","Navy","NAVY","349","Army","ARMY",0,17,2,"13:44","Extra Point Good",-1,-1,3,0,3,"Joe Buckley extra point GOOD."
"303450349",2010,15,"349","Army","ARMY","2426","Navy","NAVY","8","9","2426","Navy","NAVY","349","Army","ARMY",0,10,2,"13:44","Kickoff",-1,-1,70,21,33,"Jon Teague kickoff for 60 yards returned by Joshua Jackson for 21 yards, fumbled, recovered by Army Joshua Jackson at the Army 33."
"303450349",2010,15,"349","Army","ARMY","2426","Navy","NAVY","9","0","349","Army","ARMY","2426","Navy","NAVY",0,17,2,"13:40","Rush",1,10,33,2,35,"Jared Hassin rush for 2 yards to the Army 35."
"303450349",2010,15,"349","Army","ARMY","2426","Navy","NAVY","9","1","349","Army","ARMY","2426","Navy","NAVY",0,17,2,"12:48","Rush",2,8,35,5,40,"Jared Hassin rush for 5 yards to the Army 40."
"303450349",2010,15,"349","Army","ARMY","2426","Navy","NAVY","9","2","349","Army","ARMY","2426","Navy","NAVY",0,17,2,"11:54","Rush",3,3,40,0,40,"Trent Steelman rush for no gain to the Army 40."
"303450349",2010,15,"349","Army","ARMY","2426","Navy","NAVY","9","3","349","Army","ARMY","2426","Navy","NAVY",0,17,2,"11:30","Punt",4,3,40,0,77,"Jonathan Bulls punt for 37 yards, downed at the Navy 23."
"303450349",2010,15,"349","Army","ARMY","2426","Navy","NAVY","10","0","2426","Navy","NAVY","349","Army","ARMY",0,17,2,"11:24","Rush",1,10,77,-1,77,"Ricky Dobbs rush for a loss of 1 yard, fumbled, recovered by Army Josh McNary at the Navy 23."
"303450349",2010,15,"349","Army","ARMY","2426","Navy","NAVY","11","0","349","Army","ARMY","2426","Navy","NAVY",0,17,2,"11:08","Rush",1,10,77,5,82,"Raymond Maples rush for 5 yards to the Navy 18."
"303450349",2010,15,"349","Army","ARMY","2426","Navy","NAVY","11","1","349","Army","ARMY","2426","Navy","NAVY",0,17,2,"10:30","Rush",2,5,82,4,86,"Jared Hassin rush for 4 yards to the Navy 14."
"303450349",2010,15,"349","Army","ARMY","2426","Navy","NAVY","11","2","349","Army","ARMY","2426","Navy","NAVY",0,17,2,"10:00","Rush",3,1,86,1,87,"Trent Steelman rush for 1 yard to the Navy 13 for a 1ST down."
"303450349",2010,15,"349","Army","ARMY","2426","Navy","NAVY","11","3","349","Army","ARMY","2426","Navy","NAVY",0,17,2,"9:08","Rush",1,10,87,5,92,"Trent Steelman rush for 5 yards to the Navy 8."
"303450349",2010,15,"349","Army","ARMY","2426","Navy","NAVY","11","4","349","Army","ARMY","2426","Navy","NAVY",0,17,2,"8:30","Rush",2,5,92,3,95,"Raymond Maples rush for 3 yards to the Navy 5."
"303450349",2010,15,"349","Army","ARMY","2426","Navy","NAVY","11","5","349","Army","ARMY","2426","Navy","NAVY",6,17,2,"8:19","Pass Completion",3,2,95,5,100,"Trent Steelman pass complete to Malcolm Brown for 5 yards for a TOUCHDOWN."
"303450349",2010,15,"349","Army","ARMY","2426","Navy","NAVY","11","6","349","Army","ARMY","2426","Navy","NAVY",7,17,2,"8:19","Extra Point Good",-1,-1,97,0,97,"Alex Carlton extra point GOOD."
"303450349",2010,15,"349","Army","ARMY","2426","Navy","NAVY","11","7","349","Army","ARMY","2426","Navy","NAVY",0,17,2,"8:19","Kickoff",-1,-1,30,0,60,"Matthew Campbell kickoff for 45 yards out-of-bounds."
"303450349",2010,15,"349","Army","ARMY","2426","Navy","NAVY","12","0","2426","Navy","NAVY","349","Army","ARMY",7,17,2,"8:00","Sack",1,10,60,0,66,"Ricky Dobbs sacked by Jarrett Mackey and Stephen Anderson for a loss of 6 yards to the Navy 34."
"303450349",2010,15,"349","Army","ARMY","2426","Navy","NAVY","12","1","2426","Navy","NAVY","349","Army","ARMY",7,17,2,"7:30","Penalty",2,16,66,0,51,"ARMY penalty 15 yard Face Mask accepted, no play."
"303450349",2010,15,"349","Army","ARMY","2426","Navy","NAVY","12","2","2426","Navy","NAVY","349","Army","ARMY",7,17,2,"7:20","Rush",1,10,51,1,48,"Ricky Dobbs rush for 1 yard, fumbled, forced by Josh McNary, recovered by Army Stephen Anderson at the Army 48."
"303450349",2010,15,"349","Army","ARMY","2426","Navy","NAVY","13","0","349","Army","ARMY","2426","Navy","NAVY",7,17,2,"7:10","Rush",1,10,48,0,48,"Jared Hassin rush for no gain to the Army 48."
"303450349",2010,15,"349","Army","ARMY","2426","Navy","NAVY","13","1","349","Army","ARMY","2426","Navy","NAVY",7,17,2,"6:45","Pass Incompletion",2,10,48,0,48,"Trent Steelman pass incomplete to Jared Hassin."
"303450349",2010,15,"349","Army","ARMY","2426","Navy","NAVY","13","2","349","Army","ARMY","2426","Navy","NAVY",7,17,2,"6:45","Penalty",3,10,48,0,43,"ARMY penalty 5 yard False Start accepted."
"303450349",2010,15,"349","Army","ARMY","2426","Navy","NAVY","13","3","349","Army","ARMY","2426","Navy","NAVY",7,17,2,"6:32","Rush",3,15,43,14,57,"Trent Steelman rush for 14 yards to the Navy 43."
"303450349",2010,15,"349","Army","ARMY","2426","Navy","NAVY","13","4","349","Army","ARMY","2426","Navy","NAVY",7,17,2,"5:52","Rush",4,1,57,1,58,"Brian Cobbs rush for 1 yard to the Navy 42 for a 1ST down."
"303450349",2010,15,"349","Army","ARMY","2426","Navy","NAVY","13","5","349","Army","ARMY","2426","Navy","NAVY",7,17,2,"5:07","Rush",1,10,58,9,67,"Patrick Mealy rush for 9 yards to the Navy 33."
"303450349",2010,15,"349","Army","ARMY","2426","Navy","NAVY","13","6","349","Army","ARMY","2426","Navy","NAVY",7,17,2,"4:34","Rush",2,1,67,6,73,"Jared Hassin rush for 6 yards to the Navy 27 for a 1ST down."
"303450349",2010,15,"349","Army","ARMY","2426","Navy","NAVY","13","7","349","Army","ARMY","2426","Navy","NAVY",7,17,2,"4:06","Rush",1,10,73,2,75,"Jared Hassin rush for 2 yards to the Navy 25."
"303450349",2010,15,"349","Army","ARMY","2426","Navy","NAVY","13","8","349","Army","ARMY","2426","Navy","NAVY",7,17,2,"3:11","Rush",2,8,75,4,79,"Trent Steelman rush for 4 yards to the Navy 21."
"303450349",2010,15,"349","Army","ARMY","2426","Navy","NAVY","13","9","349","Army","ARMY","2426","Navy","NAVY",7,17,2,"2:57","Rush",3,4,79,6,85,"Patrick Mealy rush for 6 yards to the Navy 15 for a 1ST down."
"303450349",2010,15,"349","Army","ARMY","2426","Navy","NAVY","13","10","349","Army","ARMY","2426","Navy","NAVY",7,17,2,"2:00","Rush",1,10,85,8,93,"Trent Steelman rush for 8 yards to the Navy 7."
"303450349",2010,15,"349","Army","ARMY","2426","Navy","NAVY","13","11","349","Army","ARMY","2426","Navy","NAVY",7,17,2,"1:46","Rush",2,2,93,4,97,"Trent Steelman rush for 4 yards to the Navy 3 for a 1ST down."
"303450349",2010,15,"349","Army","ARMY","2426","Navy","NAVY","13","12","349","Army","ARMY","2426","Navy","NAVY",7,23,2,"1:03","Rush",1,0,97,0,0,"Trent Steelman rush, fumbled, forced by Jerry Hauburger, recovered by Navy Wyatt Middleton at the Navy 2, Wyatt Middleton for 98 yards, to the Army 0 for a TOUCHDOWN."
"303450349",2010,15,"349","Army","ARMY","2426","Navy","NAVY","13","13","2426","Navy","NAVY","349","Army","ARMY",7,23,2,"1:03","Timeout",1,0,3,0,3,"Timeout ARMY, clock 1:03."
"303450349",2010,15,"349","Army","ARMY","2426","Navy","NAVY","13","14","2426","Navy","NAVY","349","Army","ARMY",7,23,2,"1:03","Penalty",1,0,3,0,8,"NAVY penalty 5 yard False Start accepted."
"303450349",2010,15,"349","Army","ARMY","2426","Navy","NAVY","13","15","2426","Navy","NAVY","349","Army","ARMY",7,24,2,"1:03","Extra Point Good",-1,-1,8,0,8,"Joe Buckley extra point GOOD."
"303450349",2010,15,"349","Army","ARMY","2426","Navy","NAVY","13","16","2426","Navy","NAVY","349","Army","ARMY",7,24,2,"1:03","Kickoff",-1,-1,70,22,30,"Jon Teague kickoff for 62 yards returned by Joshua Jackson for 22 yards to the Army 30."
"303450349",2010,15,"349","Army","ARMY","2426","Navy","NAVY","14","0","349","Army","ARMY","2426","Navy","NAVY",7,24,2,"0:52","Pass Incompletion",1,10,30,0,30,"Trent Steelman pass incomplete to Davyd Brooks."
"303450349",2010,15,"349","Army","ARMY","2426","Navy","NAVY","14","1","349","Army","ARMY","2426","Navy","NAVY",7,24,2,"0:45","Rush",2,10,30,20,50,"Trent Steelman rush for 20 yards to the 50 yard line for a 1ST down."
"303450349",2010,15,"349","Army","ARMY","2426","Navy","NAVY","14","2","349","Army","ARMY","2426","Navy","NAVY",7,24,2,"0:24","Pass Incompletion",1,10,50,0,50,"Trent Steelman pass incomplete."
"303450349",2010,15,"349","Army","ARMY","2426","Navy","NAVY","14","3","349","Army","ARMY","2426","Navy","NAVY",7,24,2,"0:17","Rush",2,10,50,2,52,"Raymond Maples rush for 2 yards to the Navy 48."
"303450349",2010,15,"349","Army","ARMY","2426","Navy","NAVY","14","4","349","Army","ARMY","2426","Navy","NAVY",7,24,2,"0:17","Timeout",3,8,52,0,52,"Timeout ARMY, clock 0:17."
"303450349",2010,15,"349","Army","ARMY","2426","Navy","NAVY","14","5","349","Army","ARMY","2426","Navy","NAVY",7,24,2,"0:00","Sack",3,8,52,0,42,"Trent Steelman sacked by Jabaree Tuani for a loss of 10 yards to the Army 42."
"303450349",2010,15,"349","Army","ARMY","2426","Navy","NAVY","14","6","2426","Navy","NAVY","349","Army","ARMY",7,24,3,"15:00","Kickoff",-1,-1,70,24,29,"Jon Teague kickoff for 65 yards returned by Raymond Maples for 24 yards to the Army 29."
"303450349",2010,15,"349","Army","ARMY","2426","Navy","NAVY","15","0","349","Army","ARMY","2426","Navy","NAVY",7,24,3,"15:00","Rush",1,10,29,7,36,"Raymond Maples rush for 7 yards to the Army 36."
"303450349",2010,15,"349","Army","ARMY","2426","Navy","NAVY","15","1","349","Army","ARMY","2426","Navy","NAVY",7,24,3,"14:13","Rush",2,3,36,9,45,"Raymond Maples rush for 9 yards to the Army 45 for a 1ST down."
"303450349",2010,15,"349","Army","ARMY","2426","Navy","NAVY","15","2","349","Army","ARMY","2426","Navy","NAVY",7,24,3,"13:41","Rush",1,10,45,3,48,"Raymond Maples rush for 3 yards to the Army 48."
"303450349",2010,15,"349","Army","ARMY","2426","Navy","NAVY","15","3","349","Army","ARMY","2426","Navy","NAVY",7,24,3,"13:02","Pass Completion",2,7,48,10,58,"Trent Steelman pass complete to Jared Hassin for 10 yards to the Navy 42 for a 1ST down."
"303450349",2010,15,"349","Army","ARMY","2426","Navy","NAVY","15","4","349","Army","ARMY","2426","Navy","NAVY",7,24,3,"12:20","Rush",1,10,58,10,68,"Jared Hassin rush for 10 yards to the Navy 32 for a 1ST down."
"303450349",2010,15,"349","Army","ARMY","2426","Navy","NAVY","15","5","349","Army","ARMY","2426","Navy","NAVY",7,24,3,"12:00","Penalty",1,10,68,0,58,"ARMY penalty 10 yard Holding accepted, no play."
"303450349",2010,15,"349","Army","ARMY","2426","Navy","NAVY","15","6","349","Army","ARMY","2426","Navy","NAVY",7,24,3,"11:30","Rush",1,20,58,12,70,"Raymond Maples rush for 12 yards to the Navy 30."
"303450349",2010,15,"349","Army","ARMY","2426","Navy","NAVY","15","7","349","Army","ARMY","2426","Navy","NAVY",7,24,3,"11:10","Rush",2,8,70,0,70,"Jared Hassin rush for no gain to the Navy 30."
"303450349",2010,15,"349","Army","ARMY","2426","Navy","NAVY","15","8","349","Army","ARMY","2426","Navy","NAVY",7,24,3,"10:22","Rush",3,8,70,13,83,"Trent Steelman rush for 13 yards to the Navy 17 for a 1ST down."
"303450349",2010,15,"349","Army","ARMY","2426","Navy","NAVY","15","9","349","Army","ARMY","2426","Navy","NAVY",7,24,3,"10:01","Rush",1,10,83,-2,81,"Patrick Mealy rush for a loss of 2 yards to the Navy 19."
"303450349",2010,15,"349","Army","ARMY","2426","Navy","NAVY","15","10","349","Army","ARMY","2426","Navy","NAVY",7,24,3,"9:04","Sack",2,12,81,0,71,"Trent Steelman sacked by Billy Yarborough for a loss of 10 yards to the Navy 29."
"303450349",2010,15,"349","Army","ARMY","2426","Navy","NAVY","15","11","349","Army","ARMY","2426","Navy","NAVY",7,24,3,"8:41","Timeout",3,22,71,0,71,"Timeout ARMY, clock 8:41."
"303450349",2010,15,"349","Army","ARMY","2426","Navy","NAVY","15","12","349","Army","ARMY","2426","Navy","NAVY",7,24,3,"8:33","Rush",3,22,71,5,76,"Malcolm Brown rush for 5 yards to the Navy 24."
"303450349",2010,15,"349","Army","ARMY","2426","Navy","NAVY","15","13","349","Army","ARMY","2426","Navy","NAVY",10,24,3,"8:08","Field Goal Good",4,17,76,42,76,"Alex Carlton 42 yard field goal GOOD."
"303450349",2010,15,"349","Army","ARMY","2426","Navy","NAVY","15","14","349","Army","ARMY","2426","Navy","NAVY",7,24,3,"8:08","Kickoff",-1,-1,30,21,67,"Matthew Campbell kickoff for 58 yards returned by Marcus Thomas for 21 yards to the Navy 33."
"303450349",2010,15,"349","Army","ARMY","2426","Navy","NAVY","16","0","2426","Navy","NAVY","349","Army","ARMY",10,24,3,"7:53","Rush",1,10,67,-1,68,"Alexander Teich rush for a loss of 1 yard to the Navy 32."
"303450349",2010,15,"349","Army","ARMY","2426","Navy","NAVY","16","1","2426","Navy","NAVY","349","Army","ARMY",10,24,3,"7:12","Rush",2,11,68,3,65,"Gee Gee Greene rush for 3 yards to the Navy 35."
"303450349",2010,15,"349","Army","ARMY","2426","Navy","NAVY","16","2","2426","Navy","NAVY","349","Army","ARMY",10,24,3,"6:14","Pass Completion",3,8,65,15,50,"Ricky Dobbs pass complete to Greg Jones for 15 yards to the 50 yard line for a 1ST down."
"303450349",2010,15,"349","Army","ARMY","2426","Navy","NAVY","16","3","2426","Navy","NAVY","349","Army","ARMY",10,24,3,"5:54","Rush",1,10,50,4,46,"Gee Gee Greene rush for 4 yards to the Army 46."
"303450349",2010,15,"349","Army","ARMY","2426","Navy","NAVY","16","4","2426","Navy","NAVY","349","Army","ARMY",10,24,3,"5:15","Rush",2,6,46,2,44,"Gee Gee Greene rush for 2 yards to the Army 44."
"303450349",2010,15,"349","Army","ARMY","2426","Navy","NAVY","16","5","2426","Navy","NAVY","349","Army","ARMY",10,24,3,"4:30","Rush",3,4,44,1,43,"Alexander Teich rush for 1 yard to the Army 43."
"303450349",2010,15,"349","Army","ARMY","2426","Navy","NAVY","16","6","2426","Navy","NAVY","349","Army","ARMY",10,24,3,"4:14","Penalty",4,3,43,0,38,"ARMY penalty 5 yard Offside Defense accepted."
"303450349",2010,15,"349","Army","ARMY","2426","Navy","NAVY","16","7","2426","Navy","NAVY","349","Army","ARMY",10,24,3,"3:52","Rush",1,10,38,8,30,"Alexander Teich rush for 8 yards to the Army 30."
"303450349",2010,15,"349","Army","ARMY","2426","Navy","NAVY","16","8","2426","Navy","NAVY","349","Army","ARMY",10,24,3,"3:08","Pass Interception",2,2,30,0,20,"Ricky Dobbs pass intercepted by Richard King at the Army 0, returned for no gain for a touchback."
"303450349",2010,15,"349","Army","ARMY","2426","Navy","NAVY","17","0","349","Army","ARMY","2426","Navy","NAVY",10,24,3,"3:00","Rush",1,10,20,5,25,"Jared Hassin rush for 5 yards to the Army 25."
"303450349",2010,15,"349","Army","ARMY","2426","Navy","NAVY","17","1","349","Army","ARMY","2426","Navy","NAVY",10,24,3,"2:32","Rush",2,5,25,10,35,"Jared Hassin rush for 10 yards to the Army 35 for a 1ST down."
"303450349",2010,15,"349","Army","ARMY","2426","Navy","NAVY","17","2","349","Army","ARMY","2426","Navy","NAVY",10,24,3,"1:55","Rush",1,10,35,6,41,"Jared Hassin rush for 6 yards to the Army 41."
"303450349",2010,15,"349","Army","ARMY","2426","Navy","NAVY","17","3","349","Army","ARMY","2426","Navy","NAVY",10,24,3,"1:04","Rush",2,4,41,4,45,"Raymond Maples rush for 4 yards to the Army 45 for a 1ST down."
"303450349",2010,15,"349","Army","ARMY","2426","Navy","NAVY","17","4","349","Army","ARMY","2426","Navy","NAVY",10,24,3,"0:54","Pass Incompletion",1,10,45,0,45,"Trent Steelman pass incomplete to Davyd Brooks."
"303450349",2010,15,"349","Army","ARMY","2426","Navy","NAVY","17","5","349","Army","ARMY","2426","Navy","NAVY",10,24,3,"0:45","Rush",2,10,45,6,51,"Raymond Maples rush for 6 yards to the Navy 49."
"303450349",2010,15,"349","Army","ARMY","2426","Navy","NAVY","17","6","349","Army","ARMY","2426","Navy","NAVY",10,24,3,"0:00","Rush",3,4,51,-7,44,"Jared Hassin rush for a loss of 7 yards to the Army 44."
"303450349",2010,15,"349","Army","ARMY","2426","Navy","NAVY","17","7","349","Army","ARMY","2426","Navy","NAVY",10,24,4,"14:47","Punt",4,11,44,0,87,"Jonathan Bulls punt for 43 yards, downed at the Navy 13."
"303450349",2010,15,"349","Army","ARMY","2426","Navy","NAVY","18","0","2426","Navy","NAVY","349","Army","ARMY",10,24,4,"14:40","Rush",1,10,87,2,85,"Alexander Teich rush for 2 yards to the Navy 15."
"303450349",2010,15,"349","Army","ARMY","2426","Navy","NAVY","18","1","2426","Navy","NAVY","349","Army","ARMY",10,24,4,"13:51","Rush",2,8,85,2,83,"Ricky Dobbs rush for 2 yards to the Navy 17."
"303450349",2010,15,"349","Army","ARMY","2426","Navy","NAVY","18","2","2426","Navy","NAVY","349","Army","ARMY",10,24,4,"13:18","Pass Completion",3,6,83,8,75,"Ricky Dobbs pass complete to Greg Jones for 8 yards to the Navy 25 for a 1ST down."
"303450349",2010,15,"349","Army","ARMY","2426","Navy","NAVY","18","3","2426","Navy","NAVY","349","Army","ARMY",10,24,4,"12:36","Rush",1,10,75,3,72,"Alexander Teich rush for 3 yards to the Navy 28."
"303450349",2010,15,"349","Army","ARMY","2426","Navy","NAVY","18","4","2426","Navy","NAVY","349","Army","ARMY",10,24,4,"11:57","Rush",2,7,72,3,69,"Ricky Dobbs rush for 3 yards to the Navy 31."
"303450349",2010,15,"349","Army","ARMY","2426","Navy","NAVY","18","5","2426","Navy","NAVY","349","Army","ARMY",10,24,4,"11:14","Rush",3,4,69,5,64,"Ricky Dobbs rush for 5 yards to the Navy 36 for a 1ST down."
"303450349",2010,15,"349","Army","ARMY","2426","Navy","NAVY","18","6","2426","Navy","NAVY","349","Army","ARMY",10,24,4,"10:39","Rush",1,10,64,6,58,"Alexander Teich rush for 6 yards to the Navy 42."
"303450349",2010,15,"349","Army","ARMY","2426","Navy","NAVY","18","7","2426","Navy","NAVY","349","Army","ARMY",10,24,4,"9:42","Rush",2,4,58,3,55,"Ricky Dobbs rush for 3 yards to the Navy 45."
"303450349",2010,15,"349","Army","ARMY","2426","Navy","NAVY","18","8","2426","Navy","NAVY","349","Army","ARMY",10,24,4,"9:09","Penalty",3,1,54,0,49,"ARMY penalty 6 yard Encroachment accepted."
"303450349",2010,15,"349","Army","ARMY","2426","Navy","NAVY","18","9","2426","Navy","NAVY","349","Army","ARMY",10,24,4,"8:57","Rush",1,10,49,10,39,"Ricky Dobbs rush for 10 yards to the Army 39 for a 1ST down."
"303450349",2010,15,"349","Army","ARMY","2426","Navy","NAVY","18","10","2426","Navy","NAVY","349","Army","ARMY",10,24,4,"8:05","Rush",1,10,39,4,35,"Ricky Dobbs rush for 4 yards to the Army 35."
"303450349",2010,15,"349","Army","ARMY","2426","Navy","NAVY","18","11","2426","Navy","NAVY","349","Army","ARMY",10,24,4,"7:50","Rush",2,6,35,4,31,"Alexander Teich rush for 4 yards to the Army 31."
"303450349",2010,15,"349","Army","ARMY","2426","Navy","NAVY","18","12","2426","Navy","NAVY","349","Army","ARMY",10,24,4,"6:30","Penalty",3,2,31,0,26,"ARMY penalty 5 yard Offside Defense accepted."
"303450349",2010,15,"349","Army","ARMY","2426","Navy","NAVY","18","13","2426","Navy","NAVY","349","Army","ARMY",10,24,4,"6:00","Rush",1,10,26,1,25,"Ricky Dobbs rush for 1 yard to the Army 25."
"303450349",2010,15,"349","Army","ARMY","2426","Navy","NAVY","18","14","2426","Navy","NAVY","349","Army","ARMY",10,30,4,"5:44","Rush",2,9,25,25,0,"Gee Gee Greene rush for 25 yards for a TOUCHDOWN."
"303450349",2010,15,"349","Army","ARMY","2426","Navy","NAVY","18","15","2426","Navy","NAVY","349","Army","ARMY",10,31,4,"5:44","Extra Point Good",-1,-1,3,0,3,"Joe Buckley extra point GOOD."
"303450349",2010,15,"349","Army","ARMY","2426","Navy","NAVY","18","16","2426","Navy","NAVY","349","Army","ARMY",10,31,4,"5:44","Penalty",2,9,70,0,55,"ARMY penalty 15 yard Face Mask accepted."
"303450349",2010,15,"349","Army","ARMY","2426","Navy","NAVY","18","17","2426","Navy","NAVY","349","Army","ARMY",10,31,4,"5:44","Kickoff",-1,-1,55,0,20,"Jon Teague kickoff for 55 yards for a touchback."
"303450349",2010,15,"349","Army","ARMY","2426","Navy","NAVY","19","0","349","Army","ARMY","2426","Navy","NAVY",10,31,4,"5:37","Pass Completion",1,10,20,13,33,"Trent Steelman pass complete to Davyd Brooks for 13 yards to the Army 33 for a 1ST down."
"303450349",2010,15,"349","Army","ARMY","2426","Navy","NAVY","19","1","349","Army","ARMY","2426","Navy","NAVY",10,31,4,"4:55","Pass Completion",1,10,33,9,42,"Trent Steelman pass complete to Malcolm Brown for 9 yards to the Army 42."
"303450349",2010,15,"349","Army","ARMY","2426","Navy","NAVY","19","2","349","Army","ARMY","2426","Navy","NAVY",10,31,4,"4:40","Rush",2,1,42,7,49,"Raymond Maples rush for 7 yards to the Army 49 for a 1ST down."
"303450349",2010,15,"349","Army","ARMY","2426","Navy","NAVY","19","3","349","Army","ARMY","2426","Navy","NAVY",10,31,4,"4:17","Pass Completion",1,10,49,6,55,"Trent Steelman pass complete to George Jordan for 6 yards to the Navy 45."
"303450349",2010,15,"349","Army","ARMY","2426","Navy","NAVY","19","4","349","Army","ARMY","2426","Navy","NAVY",16,31,4,"4:05","Pass Completion",2,4,55,45,100,"Trent Steelman pass complete to Malcolm Brown for 45 yards for a TOUCHDOWN."
"303450349",2010,15,"349","Army","ARMY","2426","Navy","NAVY","19","5","349","Army","ARMY","2426","Navy","NAVY",17,31,4,"4:05","Extra Point Good",-1,-1,97,0,97,"Alex Carlton extra point GOOD."
"303450349",2010,15,"349","Army","ARMY","2426","Navy","NAVY","19","6","349","Army","ARMY","2426","Navy","NAVY",10,31,4,"4:05","Kickoff",-1,-1,30,0,61,"Matthew Campbell kickoff for 31 yards."
"303450349",2010,15,"349","Army","ARMY","2426","Navy","NAVY","20","0","2426","Navy","NAVY","349","Army","ARMY",17,31,4,"3:59","Rush",1,10,61,2,59,"Ricky Dobbs rush for 2 yards to the Navy 41."
"303450349",2010,15,"349","Army","ARMY","2426","Navy","NAVY","20","1","2426","Navy","NAVY","349","Army","ARMY",17,31,4,"3:59","Timeout",2,8,59,0,59,"Timeout ARMY, clock 3:59."
"303450349",2010,15,"349","Army","ARMY","2426","Navy","NAVY","20","2","2426","Navy","NAVY","349","Army","ARMY",17,31,4,"3:54","Rush",2,8,59,2,57,"Ricky Dobbs rush for 2 yards to the Navy 43."
"303450349",2010,15,"349","Army","ARMY","2426","Navy","NAVY","20","3","2426","Navy","NAVY","349","Army","ARMY",17,31,4,"3:54","Timeout",3,6,57,0,57,"Timeout ARMY, clock 3:54."
"303450349",2010,15,"349","Army","ARMY","2426","Navy","NAVY","20","4","2426","Navy","NAVY","349","Army","ARMY",17,31,4,"3:47","Rush",3,6,57,2,55,"Ricky Dobbs rush for 2 yards to the Navy 45."
"303450349",2010,15,"349","Army","ARMY","2426","Navy","NAVY","20","5","2426","Navy","NAVY","349","Army","ARMY",17,31,4,"3:08","Timeout",4,4,55,0,55,"Timeout NAVY, clock 3:08."
"303450349",2010,15,"349","Army","ARMY","2426","Navy","NAVY","20","6","2426","Navy","NAVY","349","Army","ARMY",17,31,4,"3:01","Punt",4,4,55,0,39,"Kyle Delahooke punt for 16 yards, downed at the Army 39."
"303450349",2010,15,"349","Army","ARMY","2426","Navy","NAVY","21","0","349","Army","ARMY","2426","Navy","NAVY",17,31,4,"2:50","Rush",1,10,39,8,47,"Trent Steelman rush for 8 yards to the Army 47."
"303450349",2010,15,"349","Army","ARMY","2426","Navy","NAVY","21","1","349","Army","ARMY","2426","Navy","NAVY",17,31,4,"2:43","Pass Incompletion",2,2,47,0,47,"Trent Steelman pass incomplete."
"303450349",2010,15,"349","Army","ARMY","2426","Navy","NAVY","21","2","349","Army","ARMY","2426","Navy","NAVY",17,31,4,"2:33","Pass Completion",3,2,47,5,52,"Trent Steelman pass complete to George Jordan for 5 yards to the Navy 48 for a 1ST down."
"303450349",2010,15,"349","Army","ARMY","2426","Navy","NAVY","21","3","349","Army","ARMY","2426","Navy","NAVY",17,31,4,"2:22","Pass Completion",1,10,52,10,62,"Trent Steelman pass complete to George Jordan for 10 yards to the Navy 38 for a 1ST down."
"303450349",2010,15,"349","Army","ARMY","2426","Navy","NAVY","21","4","349","Army","ARMY","2426","Navy","NAVY",17,31,4,"2:00","Rush",1,10,62,4,66,"Jared Hassin rush for 4 yards to the Navy 34."
"303450349",2010,15,"349","Army","ARMY","2426","Navy","NAVY","21","5","349","Army","ARMY","2426","Navy","NAVY",17,31,4,"1:40","Pass Completion",2,6,66,5,71,"Trent Steelman pass complete to Davyd Brooks for 5 yards to the Navy 29."
"303450349",2010,15,"349","Army","ARMY","2426","Navy","NAVY","21","6","349","Army","ARMY","2426","Navy","NAVY",17,31,4,"1:31","Rush",3,1,71,3,64,"Raymond Maples rush for 3 yards to the Navy 36, ARMY penalty 10 yard Illegal Block accepted."
"303450349",2010,15,"349","Army","ARMY","2426","Navy","NAVY","21","7","349","Army","ARMY","2426","Navy","NAVY",17,31,4,"1:17","Pass Completion",3,8,64,13,77,"Trent Steelman pass complete to Austin Barr for 13 yards to the Navy 23 for a 1ST down."
"303450349",2010,15,"349","Army","ARMY","2426","Navy","NAVY","21","8","349","Army","ARMY","2426","Navy","NAVY",17,31,4,"1:17","Pass Completion",1,10,77,7,84,"Trent Steelman pass complete to Austin Barr for 7 yards to the Navy 16."
"303450349",2010,15,"349","Army","ARMY","2426","Navy","NAVY","21","9","349","Army","ARMY","2426","Navy","NAVY",17,31,4,"1:00","Rush",2,3,84,8,92,"Trent Steelman rush for 8 yards to the Navy 8 for a 1ST down."
"303450349",2010,15,"349","Army","ARMY","2426","Navy","NAVY","21","10","349","Army","ARMY","2426","Navy","NAVY",17,31,4,"0:47","Pass Incompletion",1,0,92,0,92,"Trent Steelman pass incomplete."
"303450349",2010,15,"349","Army","ARMY","2426","Navy","NAVY","21","11","349","Army","ARMY","2426","Navy","NAVY",17,31,4,"0:40","Sack",2,0,92,0,85,"Trent Steelman sacked by Aaron McCauley for a loss of 7 yards to the Navy 15."
"303450349",2010,15,"349","Army","ARMY","2426","Navy","NAVY","21","12","349","Army","ARMY","2426","Navy","NAVY",17,31,4,"0:16","Pass Incompletion",3,0,85,0,85,"Trent Steelman pass incomplete to Brian Cobbs."
"303450349",2010,15,"349","Army","ARMY","2426","Navy","NAVY","21","13","349","Army","ARMY","2426","Navy","NAVY",17,31,4,"0:05","Rush",4,0,85,5,90,"Trent Steelman rush for 5 yards to the Navy 10."
"303450349",2010,15,"349","Army","ARMY","2426","Navy","NAVY","22","0","2426","Navy","NAVY","349","Army","ARMY",17,31,4,"0:00","Rush",1,10,90,-1,91,"Team rush for a loss of 1 yard to the Navy 9."